date,asin,product_name,mrp,selling_price,discount_percent,customer_rating,total_reviews,page_views,ad_spend_inr,is_sale_season,is_weekend,inventory_level,units_sold,is_stockout,actual_demand
2023-01-01,B09V4D4N5T,Samsung Galaxy M13 Smartphone,13999.0,6999.5,50,4.3,10734,4104,621,0,1,160,114,0,114
2023-01-02,B07X9Y3Q4S,Mi Power Bank 10000mAh,1299.0,1039.2,20,4.5,11952,7346,885,0,0,216,112,0,112
2023-01-03,B09V4D4N5T,Samsung Galaxy M13 Smartphone,13999.0,9799.3,30,3.8,13672,11272,1582,0,0,256,135,0,135
2023-01-04,B07X9Y3Q4S,Mi Power Bank 10000mAh,1299.0,1039.2,20,4.5,6537,12529,1654,0,0,87,87,1,135
2023-01-05,B073496Y7S,boAt Rockerz Wireless Bluetooth Earbuds,2990.0,2392.0,20,4.5,13445,9110,1276,0,0,231,121,0,121
2023-01-06,B07HGH8D2R,HP Wireless Mouse,799.0,479.4,40,3.9,8167,13892,1911,0,0,146,146,1,186
2023-01-07,B08N5WRWNW,Noise ColorFit Smartwatch,4999.0,3499.3,30,3.8,11891,5422,661,0,1,96,96,1,114
2023-01-08,B07HGH8D2R,HP Wireless Mouse,799.0,639.2,20,4.0,14289,8308,1291,0,1,181,117,0,117
2023-01-09,B07HGH8D2R,HP Wireless Mouse,799.0,639.2,20,4.4,5088,9470,1020,0,0,228,132,0,132
2023-01-10,B073496Y7S,boAt Rockerz Wireless Bluetooth Earbuds,2990.0,2093.0,30,4.4,11211,13083,1551,0,0,88,88,1,154
2023-01-11,B08N5WRWNW,Noise ColorFit Smartwatch,4999.0,3999.2,20,4.1,14026,7225,598,0,0,154,109,0,109
2023-01-12,B07X9Y3Q4S,Mi Power Bank 10000mAh,1299.0,779.4,40,4.2,11943,6308,897,0,0,275,138,0,138
2023-01-13,B08N5WRWNW,Noise ColorFit Smartwatch,4999.0,3999.2,20,3.9,5899,8759,1242,0,0,212,124,0,124
2023-01-14,B07HGH8D2R,HP Wireless Mouse,799.0,559.3,30,3.9,11707,14069,1683,0,1,165,161,0,161
2023-01-15,B09V4D4N5T,Samsung Galaxy M13 Smartphone,13999.0,6999.5,50,4.4,7735,12929,1295,0,1,223,192,0,192
2023-01-16,B08N5WRWNW,Noise ColorFit Smartwatch,4999.0,3999.2,20,4.0,12437,12616,1908,0,0,185,140,0,140
2023-01-17,B07HGH8D2R,HP Wireless Mouse,799.0,479.4,40,3.8,10623,14905,1934,0,0,235,168,0,168
2023-01-18,B07X9Y3Q4S,Mi Power Bank 10000mAh,1299.0,1039.2,20,4.2,8355,10351,1636,0,0,119,119,1,137
2023-01-19,B09V4D4N5T,Samsung Galaxy M13 Smartphone,13999.0,11199.2,20,4.1,12334,9124,1451,0,0,146,121,0,121
2023-01-20,B07HGH8D2R,HP Wireless Mouse,799.0,639.2,20,4.2,10306,11313,1576,0,0,266,139,0,139
2023-01-21,B09V4D4N5T,Samsung Galaxy M13 Smartphone,13999.0,11199.2,20,4.1,14018,7977,793,0,1,200,114,0,114
2023-01-22,B073496Y7S,boAt Rockerz Wireless Bluetooth Earbuds,2990.0,2392.0,20,4.2,7574,16119,1872,0,1,269,166,0,166
2023-01-23,B09V4D4N5T,Samsung Galaxy M13 Smartphone,13999.0,11199.2,20,4.2,13404,12761,1671,0,0,109,109,1,143
2023-01-24,B08N5WRWNW,Noise ColorFit Smartwatch,4999.0,2999.4,40,4.3,13189,6935,972,0,0,111,111,1,140
2023-01-25,B07X9Y3Q4S,Mi Power Bank 10000mAh,1299.0,1039.2,20,3.9,13887,10293,1516,0,0,200,123,0,123
2023-01-26,B07HGH8D2R,HP Wireless Mouse,799.0,239.7,70,4.2,12475,34797,5170,1,0,347,347,1,435
2023-01-27,B09V4D4N5T,Samsung Galaxy M13 Smartphone,13999.0,8399.4,40,4.3,6726,17932,1943,0,0,191,186,0,186
2023-01-28,B073496Y7S,boAt Rockerz Wireless Bluetooth Earbuds,2990.0,2392.0,20,3.9,9514,9017,1321,0,1,232,128,0,128
2023-01-29,B09V4D4N5T,Samsung Galaxy M13 Smartphone,13999.0,8399.4,40,4.0,14576,11123,1315,0,1,208,163,0,163
2023-01-30,B073496Y7S,boAt Rockerz Wireless Bluetooth Earbuds,2990.0,2093.0,30,4.2,8533,10395,1545,0,0,183,150,0,150
2023-01-31,B07X9Y3Q4S,Mi Power Bank 10000mAh,1299.0,779.4,40,4.2,5315,13245,1800,0,0,235,178,0,178
2023-02-01,B09V4D4N5T,Samsung Galaxy M13 Smartphone,13999.0,11199.2,20,4.3,13301,15086,1695,0,0,126,126,1,163
2023-02-02,B07HGH8D2R,HP Wireless Mouse,799.0,479.4,40,4.3,6156,5189,779,0,0,219,121,0,121
2023-02-03,B073496Y7S,boAt Rockerz Wireless Bluetooth Earbuds,2990.0,2392.0,20,3.9,6915,9378,1065,0,0,236,127,0,127
2023-02-04,B08N5WRWNW,Noise ColorFit Smartwatch,4999.0,3499.3,30,4.5,8111,4979,654,0,1,227,117,0,117
2023-02-05,B08N5WRWNW,Noise ColorFit Smartwatch,4999.0,2999.4,40,4.4,13821,12239,1327,0,1,126,126,1,182
2023-02-06,B07HGH8D2R,HP Wireless Mouse,799.0,639.2,20,3.8,13281,6638,899,0,0,112,94,0,94
2023-02-07,B07X9Y3Q4S,Mi Power Bank 10000mAh,1299.0,909.3,30,4.2,6259,8159,649,0,0,106,106,1,117
2023-02-08,B09V4D4N5T,Samsung Galaxy M13 Smartphone,13999.0,11199.2,20,4.0,7605,10314,1112,0,0,183,137,0,137
2023-02-09,B07X9Y3Q4S,Mi Power Bank 10000mAh,1299.0,909.3,30,4.3,9582,9655,1135,0,0,213,138,0,138
2023-02-10,B07X9Y3Q4S,Mi Power Bank 10000mAh,1299.0,909.3,30,3.9,14052,17593,1997,0,0,226,196,0,196
2023-02-11,B08N5WRWNW,Noise ColorFit Smartwatch,4999.0,2499.5,50,4.1,12928,11568,1641,0,1,319,167,0,167
2023-02-12,B07HGH8D2R,HP Wireless Mouse,799.0,559.3,30,4.2,14788,9595,1080,0,1,247,138,0,138
2023-02-13,B07HGH8D2R,HP Wireless Mouse,799.0,639.2,20,4.0,14564,9958,1592,0,0,203,121,0,121
2023-02-14,B08N5WRWNW,Noise ColorFit Smartwatch,4999.0,2999.4,40,4.4,14959,11129,1812,0,0,186,174,0,174
2023-02-15,B08N5WRWNW,Noise ColorFit Smartwatch,4999.0,3999.2,20,3.8,7624,8638,1268,0,0,66,66,1,103
2023-02-16,B08N5WRWNW,Noise ColorFit Smartwatch,4999.0,3999.2,20,4.2,5989,9369,1189,0,0,170,141,0,141
2023-02-17,B09V4D4N5T,Samsung Galaxy M13 Smartphone,13999.0,11199.2,20,4.5,9054,10627,1566,0,0,71,71,1,120
2023-02-18,B08N5WRWNW,Noise ColorFit Smartwatch,4999.0,3999.2,20,4.2,14111,9839,1104,0,1,192,117,0,117
2023-02-19,B09V4D4N5T,Samsung Galaxy M13 Smartphone,13999.0,9799.3,30,4.0,5559,16131,1899,0,1,332,168,0,168
2023-02-20,B09V4D4N5T,Samsung Galaxy M13 Smartphone,13999.0,11199.2,20,4.3,7936,10472,1622,0,0,218,136,0,136
2023-02-21,B07HGH8D2R,HP Wireless Mouse,799.0,639.2,20,4.3,8067,11994,1372,0,0,125,125,1,129
2023-02-22,B09V4D4N5T,Samsung Galaxy M13 Smartphone,13999.0,8399.4,40,4.0,5854,9363,1542,0,0,296,149,0,149
2023-02-23,B09V4D4N5T,Samsung Galaxy M13 Smartphone,13999.0,9799.3,30,4.2,10139,11864,1592,0,0,254,150,0,150
2023-02-24,B07X9Y3Q4S,Mi Power Bank 10000mAh,1299.0,1039.2,20,4.5,6329,9399,1068,0,0,182,122,0,122
2023-02-25,B07HGH8D2R,HP Wireless Mouse,799.0,479.4,40,4.2,13175,12070,1157,0,1,155,155,1,164
2023-02-26,B08N5WRWNW,Noise ColorFit Smartwatch,4999.0,3499.3,30,3.9,6710,13573,1697,0,1,275,165,0,165
2023-02-27,B07HGH8D2R,HP Wireless Mouse,799.0,559.3,30,4.0,14751,13517,1865,0,0,148,148,1,157
2023-02-28,B073496Y7S,boAt Rockerz Wireless Bluetooth Earbuds,2990.0,2093.0,30,4.0,12593,14475,1938,0,0,163,148,0,148
2023-03-01,B07X9Y3Q4S,Mi Power Bank 10000mAh,1299.0,1039.2,20,4.1,9925,8854,1253,0,0,213,132,0,132
2023-03-02,B09V4D4N5T,Samsung Galaxy M13 Smartphone,13999.0,8399.4,40,4.4,8252,6283,886,0,0,216,128,0,128
2023-03-03,B073496Y7S,boAt Rockerz Wireless Bluetooth Earbuds,2990.0,2392.0,20,4.5,8810,11033,1184,0,0,105,105,1,118
2023-03-04,B07HGH8D2R,HP Wireless Mouse,799.0,639.2,20,4.4,10534,15162,1750,0,1,102,102,1,179
2023-03-05,B073496Y7S,boAt Rockerz Wireless Bluetooth Earbuds,2990.0,2093.0,30,4.2,7892,6047,970,0,1,132,119,0,119
2023-03-06,B09V4D4N5T,Samsung Galaxy M13 Smartphone,13999.0,11199.2,20,4.0,14529,15833,1871,0,0,303,169,0,169
2023-03-07,B07HGH8D2R,HP Wireless Mouse,799.0,399.5,50,4.5,12297,11107,1668,0,0,291,160,0,160
2023-03-08,B07HGH8D2R,HP Wireless Mouse,799.0,559.3,30,3.9,6779,16045,1776,0,0,98,98,1,179
2023-03-09,B08N5WRWNW,Noise ColorFit Smartwatch,4999.0,3499.3,30,3.9,6216,6837,873,0,0,240,129,0,129
2023-03-10,B07X9Y3Q4S,Mi Power Bank 10000mAh,1299.0,909.3,30,4.1,9129,11137,1326,0,0,269,147,0,147
2023-03-11,B07HGH8D2R,HP Wireless Mouse,799.0,399.5,50,4.2,12347,8456,1176,0,1,219,151,0,151
2023-03-12,B07HGH8D2R,HP Wireless Mouse,799.0,559.3,30,3.9,9990,7067,1216,0,1,154,127,0,127
2023-03-13,B08N5WRWNW,Noise ColorFit Smartwatch,4999.0,3499.3,30,4.1,5983,14068,1829,0,0,322,175,0,175
2023-03-14,B07HGH8D2R,HP Wireless Mouse,799.0,639.2,20,4.4,11760,10075,1123,0,0,133,133,1,136
2023-03-15,B07X9Y3Q4S,Mi Power Bank 10000mAh,1299.0,1039.2,20,3.9,12100,12521,1305,0,0,104,104,1,150
2023-03-16,B07X9Y3Q4S,Mi Power Bank 10000mAh,1299.0,1039.2,20,4.3,9483,11523,1483,0,0,205,146,0,146
2023-03-17,B07HGH8D2R,HP Wireless Mouse,799.0,639.2,20,4.4,10674,10161,1284,0,0,135,134,0,134
2023-03-18,B08N5WRWNW,Noise ColorFit Smartwatch,4999.0,3499.3,30,4.0,11497,5464,542,0,1,125,93,0,93
2023-03-19,B07X9Y3Q4S,Mi Power Bank 10000mAh,1299.0,1039.2,20,4.2,15142,9484,780,0,1,224,141,0,141
2023-03-20,B07HGH8D2R,HP Wireless Mouse,799.0,399.5,50,4.2,12804,9374,1528,0,0,168,159,0,159
2023-03-21,B08N5WRWNW,Noise ColorFit Smartwatch,4999.0,3999.2,20,4.0,12477,10416,1293,0,0,115,115,1,120
2023-03-22,B07X9Y3Q4S,Mi Power Bank 10000mAh,1299.0,649.5,50,3.8,6516,7887,1218,0,0,296,165,0,165
2023-03-23,B08N5WRWNW,Noise ColorFit Smartwatch,4999.0,2999.4,40,3.8,10369,13999,1526,0,0,190,169,0,169
2023-03-24,B09V4D4N5T,Samsung Galaxy M13 Smartphone,13999.0,11199.2,20,4.1,12128,9289,1538,0,0,76,76,1,121
2023-03-25,B08N5WRWNW,Noise ColorFit Smartwatch,4999.0,3499.3,30,4.0,8845,13872,1735,0,1,146,146,1,160
2023-03-26,B073496Y7S,boAt Rockerz Wireless Bluetooth Earbuds,2990.0,2093.0,30,3.9,9458,16327,1993,0,1,134,134,1,186
2023-03-27,B073496Y7S,boAt Rockerz Wireless Bluetooth Earbuds,2990.0,2392.0,20,4.4,7016,11840,1966,0,0,275,157,0,157
2023-03-28,B07HGH8D2R,HP Wireless Mouse,799.0,399.5,50,3.8,6991,8923,1123,0,0,151,151,1,154
2023-03-29,B09V4D4N5T,Samsung Galaxy M13 Smartphone,13999.0,11199.2,20,4.5,7812,10537,1446,0,0,149,142,0,142
2023-03-30,B07X9Y3Q4S,Mi Power Bank 10000mAh,1299.0,909.3,30,4.0,11733,12419,1933,0,0,217,157,0,157
2023-03-31,B073496Y7S,boAt Rockerz Wireless Bluetooth Earbuds,2990.0,2093.0,30,4.0,7095,8227,638,0,0,62,62,1,120
2023-04-01,B073496Y7S,boAt Rockerz Wireless Bluetooth Earbuds,2990.0,2392.0,20,4.1,5530,5281,671,0,1,147,94,0,94
2023-04-02,B073496Y7S,boAt Rockerz Wireless Bluetooth Earbuds,2990.0,1794.0,40,4.2,8763,14348,1618,0,1,327,184,0,184
2023-04-03,B08N5WRWNW,Noise ColorFit Smartwatch,4999.0,3999.2,20,4.3,10532,9144,1087,0,0,127,127,1,128
2023-04-04,B07HGH8D2R,HP Wireless Mouse,799.0,639.2,20,4.4,11692,12634,1297,0,0,83,83,1,159
2023-04-05,B07X9Y3Q4S,Mi Power Bank 10000mAh,1299.0,909.3,30,4.2,9509,10430,1100,0,0,172,138,0,138
2023-04-06,B07X9Y3Q4S,Mi Power Bank 10000mAh,1299.0,909.3,30,4.2,9955,6872,642,0,0,261,136,0,136
2023-04-07,B07HGH8D2R,HP Wireless Mouse,799.0,399.5,50,4.2,7258,8191,697,0,0,94,94,1,160
2023-04-08,B07HGH8D2R,HP Wireless Mouse,799.0,559.3,30,4.3,6213,10938,919,0,1,173,155,0,155
2023-04-09,B07HGH8D2R,HP Wireless Mouse,799.0,639.2,20,4.3,10667,8561,695,0,1,184,134,0,134
2023-04-10,B07HGH8D2R,HP Wireless Mouse,799.0,639.2,20,4.4,11656,11740,1447,0,0,205,140,0,140
2023-04-11,B07HGH8D2R,HP Wireless Mouse,799.0,559.3,30,4.1,9056,6213,629,0,0,101,101,1,119
2023-04-12,B07X9Y3Q4S,Mi Power Bank 10000mAh,1299.0,1039.2,20,3.9,11469,7753,1314,0,0,202,126,0,126
2023-04-13,B08N5WRWNW,Noise ColorFit Smartwatch,4999.0,3499.3,30,4.2,6290,7876,1492,0,0,127,120,0,120
2023-04-14,B07HGH8D2R,HP Wireless Mouse,799.0,399.5,50,4.3,8486,13088,1508,0,0,142,142,1,185
2023-04-15,B07HGH8D2R,HP Wireless Mouse,799.0,639.2,20,4.4,7104,10598,1313,0,1,225,154,0,154
2023-04-16,B073496Y7S,boAt Rockerz Wireless Bluetooth Earbuds,2990.0,1794.0,40,3.9,11771,8453,616,0,1,133,133,1,143
2023-04-17,B09V4D4N5T,Samsung Galaxy M13 Smartphone,13999.0,9799.3,30,4.4,13895,12825,1733,0,0,180,147,0,147
2023-04-18,B07X9Y3Q4S,Mi Power Bank 10000mAh,1299.0,1039.2,20,3.9,7311,11831,1703,0,0,226,133,0,133
2023-04-19,B073496Y7S,boAt Rockerz Wireless Bluetooth Earbuds,2990.0,1794.0,40,4.0,8037,7157,655,0,0,127,127,1,130
2023-04-20,B07HGH8D2R,HP Wireless Mouse,799.0,639.2,20,4.0,7086,12121,1664,0,0,186,129,0,129
2023-04-21,B07X9Y3Q4S,Mi Power Bank 10000mAh,1299.0,1039.2,20,4.1,9854,9200,785,0,0,178,133,0,133
2023-04-22,B08N5WRWNW,Noise ColorFit Smartwatch,4999.0,3499.3,30,4.3,11349,16710,1787,0,1,210,160,0,160
2023-04-23,B08N5WRWNW,Noise ColorFit Smartwatch,4999.0,3999.2,20,4.3,8787,6887,586,0,1,123,118,0,118
2023-04-24,B073496Y7S,boAt Rockerz Wireless Bluetooth Earbuds,2990.0,2392.0,20,4.0,13858,12213,1577,0,0,140,140,1,149
2023-04-25,B07X9Y3Q4S,Mi Power Bank 10000mAh,1299.0,909.3,30,4.0,13312,6455,595,0,0,223,118,0,118
2023-04-26,B07HGH8D2R,HP Wireless Mouse,799.0,559.3,30,4.0,11495,6726,829,0,0,144,120,0,120
2023-04-27,B07X9Y3Q4S,Mi Power Bank 10000mAh,1299.0,1039.2,20,4.4,6656,10248,1199,0,0,193,128,0,128
2023-04-28,B07X9Y3Q4S,Mi Power Bank 10000mAh,1299.0,909.3,30,4.0,6155,10962,1433,0,0,301,152,0,152
2023-04-29,B07HGH8D2R,HP Wireless Mouse,799.0,639.2,20,4.5,6741,12058,1803,0,1,203,152,0,152
2023-04-30,B073496Y7S,boAt Rockerz Wireless Bluetooth Earbuds,2990.0,2093.0,30,4.2,7956,8104,736,0,1,85,85,1,128
2023-05-01,B07X9Y3Q4S,Mi Power Bank 10000mAh,1299.0,909.3,30,3.9,14356,6887,574,0,0,224,119,0,119
2023-05-02,B08N5WRWNW,Noise ColorFit Smartwatch,4999.0,3499.3,30,4.3,6985,8605,841,0,0,92,92,1,125
2023-05-03,B07X9Y3Q4S,Mi Power Bank 10000mAh,1299.0,909.3,30,4.2,11502,8682,1320,0,0,253,129,0,129
2023-05-04,B08N5WRWNW,Noise ColorFit Smartwatch,4999.0,3499.3,30,4.0,11310,10279,1886,0,0,109,109,1,148
2023-05-05,B07X9Y3Q4S,Mi Power Bank 10000mAh,1299.0,1039.2,20,4.1,10787,4720,510,0,0,103,101,0,101
2023-05-06,B08N5WRWNW,Noise ColorFit Smartwatch,4999.0,3999.2,20,4.5,11587,13142,1835,0,1,319,162,0,162
2023-05-07,B09V4D4N5T,Samsung Galaxy M13 Smartphone,13999.0,11199.2,20,4.4,12479,7104,864,0,1,94,94,1,110
2023-05-08,B073496Y7S,boAt Rockerz Wireless Bluetooth Earbuds,2990.0,2093.0,30,4.3,7020,7784,541,0,0,195,130,0,130
2023-05-09,B08N5WRWNW,Noise ColorFit Smartwatch,4999.0,2999.4,40,4.3,8933,6790,601,0,0,119,119,1,142
2023-05-10,B07HGH8D2R,HP Wireless Mouse,799.0,479.4,40,4.3,13369,4089,511,0,0,138,113,0,113
2023-05-11,B07HGH8D2R,HP Wireless Mouse,799.0,479.4,40,4.3,12509,11905,1209,0,0,229,152,0,152
2023-05-12,B073496Y7S,boAt Rockerz Wireless Bluetooth Earbuds,2990.0,1495.0,50,3.8,10266,15417,1539,0,0,376,191,0,191
2023-05-13,B07HGH8D2R,HP Wireless Mouse,799.0,559.3,30,4.0,9826,10915,1128,0,1,186,143,0,143
2023-05-14,B07X9Y3Q4S,Mi Power Bank 10000mAh,1299.0,1039.2,20,4.4,10791,12235,1682,0,1,261,149,0,149
2023-05-15,B07HGH8D2R,HP Wireless Mouse,799.0,639.2,20,4.3,8385,10531,1485,0,0,74,74,1,143
2023-05-16,B07HGH8D2R,HP Wireless Mouse,799.0,559.3,30,4.3,14089,17442,1949,0,0,320,188,0,188
2023-05-17,B08N5WRWNW,Noise ColorFit Smartwatch,4999.0,2499.5,50,3.8,15404,11203,1664,0,0,332,176,0,176
2023-05-18,B09V4D4N5T,Samsung Galaxy M13 Smartphone,13999.0,9799.3,30,4.4,14865,7443,876,0,0,162,121,0,121
2023-05-19,B09V4D4N5T,Samsung Galaxy M13 Smartphone,13999.0,8399.4,40,4.0,7464,14625,1952,0,0,242,181,0,181
2023-05-20,B073496Y7S,boAt Rockerz Wireless Bluetooth Earbuds,2990.0,1495.0,50,3.8,9911,8773,1316,0,1,218,158,0,158
2023-05-21,B07X9Y3Q4S,Mi Power Bank 10000mAh,1299.0,649.5,50,4.4,14550,12458,1903,0,1,152,152,1,183
2023-05-22,B07HGH8D2R,HP Wireless Mouse,799.0,399.5,50,4.3,11113,15237,1833,0,0,208,204,0,204
2023-05-23,B08N5WRWNW,Noise ColorFit Smartwatch,4999.0,3999.2,20,3.8,11828,7555,553,0,0,124,124,1,128
2023-05-24,B07X9Y3Q4S,Mi Power Bank 10000mAh,1299.0,1039.2,20,4.3,12741,9595,715,0,0,77,77,1,130
2023-05-25,B07HGH8D2R,HP Wireless Mouse,799.0,559.3,30,4.2,7365,10675,1880,0,0,94,94,1,132
2023-05-26,B073496Y7S,boAt Rockerz Wireless Bluetooth Earbuds,2990.0,2392.0,20,4.4,15187,15367,1784,0,0,293,157,0,157
2023-05-27,B09V4D4N5T,Samsung Galaxy M13 Smartphone,13999.0,11199.2,20,4.0,9410,10776,1699,0,1,134,134,1,137
2023-05-28,B08N5WRWNW,Noise ColorFit Smartwatch,4999.0,3499.3,30,4.4,6753,13314,1785,0,1,248,162,0,162
2023-05-29,B09V4D4N5T,Samsung Galaxy M13 Smartphone,13999.0,8399.4,40,4.4,7148,12750,1280,0,0,213,163,0,163
2023-05-30,B07X9Y3Q4S,Mi Power Bank 10000mAh,1299.0,649.5,50,4.1,10597,7870,1034,0,0,183,155,0,155
2023-05-31,B07HGH8D2R,HP Wireless Mouse,799.0,479.4,40,3.9,7853,14582,1781,0,0,97,97,1,170
2023-06-01,B07X9Y3Q4S,Mi Power Bank 10000mAh,1299.0,649.5,50,4.2,12462,8240,1199,0,0,236,148,0,148
2023-06-02,B07X9Y3Q4S,Mi Power Bank 10000mAh,1299.0,779.4,40,4.2,14895,9074,1493,0,0,96,96,1,151
2023-06-03,B09V4D4N5T,Samsung Galaxy M13 Smartphone,13999.0,11199.2,20,4.3,12950,9104,1230,0,1,208,118,0,118
2023-06-04,B073496Y7S,boAt Rockerz Wireless Bluetooth Earbuds,2990.0,2093.0,30,4.0,10031,10150,1643,0,1,256,155,0,155
2023-06-05,B07HGH8D2R,HP Wireless Mouse,799.0,639.2,20,3.8,13278,11526,1378,0,0,120,120,1,126
2023-06-06,B08N5WRWNW,Noise ColorFit Smartwatch,4999.0,3999.2,20,4.1,14175,9722,1622,0,0,141,135,0,135
2023-06-07,B09V4D4N5T,Samsung Galaxy M13 Smartphone,13999.0,8399.4,40,4.3,8626,11566,1545,0,0,161,161,1,163
2023-06-08,B09V4D4N5T,Samsung Galaxy M13 Smartphone,13999.0,11199.2,20,4.3,11920,12937,1368,0,0,72,72,1,144
2023-06-09,B08N5WRWNW,Noise ColorFit Smartwatch,4999.0,2999.4,40,4.0,7457,8693,1686,0,0,100,100,1,154
2023-06-10,B09V4D4N5T,Samsung Galaxy M13 Smartphone,13999.0,9799.3,30,4.1,9090,9893,1583,0,1,273,151,0,151
2023-06-11,B07X9Y3Q4S,Mi Power Bank 10000mAh,1299.0,779.4,40,4.0,11138,9759,877,0,1,78,78,1,128
2023-06-12,B073496Y7S,boAt Rockerz Wireless Bluetooth Earbuds,2990.0,2392.0,20,4.2,7361,6709,1020,0,0,172,112,0,112
2023-06-13,B08N5WRWNW,Noise ColorFit Smartwatch,4999.0,2999.4,40,4.0,9277,6195,1220,0,0,122,119,0,119
2023-06-14,B08N5WRWNW,Noise ColorFit Smartwatch,4999.0,3499.3,30,4.2,15251,6951,510,0,0,104,104,1,129
2023-06-15,B073496Y7S,boAt Rockerz Wireless Bluetooth Earbuds,2990.0,2392.0,20,4.2,14278,15462,1833,0,0,243,167,0,167
2023-06-16,B08N5WRWNW,Noise ColorFit Smartwatch,4999.0,2999.4,40,4.5,13530,5574,501,0,0,178,127,0,127
2023-06-17,B08N5WRWNW,Noise ColorFit Smartwatch,4999.0,3999.2,20,3.9,12515,4716,589,0,1,151,92,0,92
2023-06-18,B09V4D4N5T,Samsung Galaxy M13 Smartphone,13999.0,11199.2,20,4.2,11586,8464,1134,0,1,105,105,1,130
2023-06-19,B08N5WRWNW,Noise ColorFit Smartwatch,4999.0,2499.5,50,4.5,8896,9314,1607,0,0,94,94,1,176
2023-06-20,B07X9Y3Q4S,Mi Power Bank 10000mAh,1299.0,779.4,40,4.2,5531,9145,909,0,0,282,161,0,161
2023-06-21,B08N5WRWNW,Noise ColorFit Smartwatch,4999.0,3999.2,20,4.0,7073,14883,1824,0,0,132,132,1,156
2023-06-22,B09V4D4N5T,Samsung Galaxy M13 Smartphone,13999.0,8399.4,40,4.4,7872,9815,1194,0,0,232,167,0,167
2023-06-23,B07HGH8D2R,HP Wireless Mouse,799.0,399.5,50,4.5,14465,5471,534,0,0,278,144,0,144
2023-06-24,B073496Y7S,boAt Rockerz Wireless Bluetooth Earbuds,2990.0,1794.0,40,3.9,5680,13372,1456,0,1,98,98,1,159
2023-06-25,B09V4D4N5T,Samsung Galaxy M13 Smartphone,13999.0,11199.2,20,4.4,10228,7670,919,0,1,117,105,0,105
2023-06-26,B08N5WRWNW,Noise ColorFit Smartwatch,4999.0,2999.4,40,4.3,6922,6905,685,0,0,84,84,1,129
2023-06-27,B073496Y7S,boAt Rockerz Wireless Bluetooth Earbuds,2990.0,2392.0,20,4.3,12426,6373,977,0,0,57,57,1,89
2023-06-28,B08N5WRWNW,Noise ColorFit Smartwatch,4999.0,3999.2,20,4.4,10182,4886,817,0,0,136,106,0,106
2023-06-29,B08N5WRWNW,Noise ColorFit Smartwatch,4999.0,3999.2,20,4.3,13756,4974,565,0,0,102,76,0,76
2023-06-30,B09V4D4N5T,Samsung Galaxy M13 Smartphone,13999.0,11199.2,20,4.5,8914,8478,786,0,0,145,107,0,107
2023-07-01,B08N5WRWNW,Noise ColorFit Smartwatch,4999.0,3499.3,30,3.9,11819,14387,1799,0,1,78,78,1,157
2023-07-02,B073496Y7S,boAt Rockerz Wireless Bluetooth Earbuds,2990.0,2392.0,20,3.9,8738,13141,1630,0,1,196,155,0,155
2023-07-03,B09V4D4N5T,Samsung Galaxy M13 Smartphone,13999.0,9799.3,30,4.4,7474,9227,1119,0,0,182,139,0,139
2023-07-04,B08N5WRWNW,Noise ColorFit Smartwatch,4999.0,3999.2,20,4.0,5833,9730,1296,0,0,133,130,0,130
2023-07-05,B073496Y7S,boAt Rockerz Wireless Bluetooth Earbuds,2990.0,2093.0,30,3.8,10140,7632,775,0,0,102,102,1,120
2023-07-06,B08N5WRWNW,Noise ColorFit Smartwatch,4999.0,3999.2,20,4.5,10900,13717,1707,0,0,228,157,0,157
2023-07-07,B07HGH8D2R,HP Wireless Mouse,799.0,639.2,20,4.5,6452,6285,874,0,0,174,93,0,93
2023-07-08,B07HGH8D2R,HP Wireless Mouse,799.0,559.3,30,4.4,6762,15467,1716,0,1,231,174,0,174
2023-07-09,B08N5WRWNW,Noise ColorFit Smartwatch,4999.0,2999.4,40,4.2,6553,8969,844,0,1,72,72,1,145
2023-07-10,B07X9Y3Q4S,Mi Power Bank 10000mAh,1299.0,649.5,50,4.4,15089,13415,1592,0,0,157,157,1,190
2023-07-11,B073496Y7S,boAt Rockerz Wireless Bluetooth Earbuds,2990.0,1794.0,40,4.5,12497,8860,1084,0,0,272,140,0,140
2023-07-12,B09V4D4N5T,Samsung Galaxy M13 Smartphone,13999.0,9799.3,30,4.3,7243,7992,518,0,0,171,126,0,126
2023-07-13,B07X9Y3Q4S,Mi Power Bank 10000mAh,1299.0,1039.2,20,4.0,6033,10234,1224,0,0,264,133,0,133
2023-07-14,B07HGH8D2R,HP Wireless Mouse,799.0,639.2,20,4.2,7022,7870,804,0,0,137,128,0,128
2023-07-15,B08N5WRWNW,Noise ColorFit Smartwatch,4999.0,3499.3,30,4.1,12056,11549,1315,0,1,194,156,0,156
2023-07-16,B07HGH8D2R,HP Wireless Mouse,799.0,639.2,20,4.1,9987,11367,1816,0,1,142,142,1,146
2023-07-17,B08N5WRWNW,Noise ColorFit Smartwatch,4999.0,2999.4,40,4.2,13803,6130,906,0,0,112,112,1,133
2023-07-18,B07HGH8D2R,HP Wireless Mouse,799.0,479.4,40,4.0,14500,4087,550,0,0,128,103,0,103
2023-07-19,B07HGH8D2R,HP Wireless Mouse,799.0,559.3,30,4.2,9207,9666,1250,0,0,211,137,0,137
2023-07-20,B08N5WRWNW,Noise ColorFit Smartwatch,4999.0,3499.3,30,4.3,12387,7101,589,0,0,114,114,1,119
2023-07-21,B073496Y7S,boAt Rockerz Wireless Bluetooth Earbuds,2990.0,2093.0,30,4.0,13830,11557,1607,0,0,128,128,1,151
2023-07-22,B073496Y7S,boAt Rockerz Wireless Bluetooth Earbuds,2990.0,2392.0,20,4.2,11890,10496,1386,0,1,72,72,1,129
2023-07-23,B08N5WRWNW,Noise ColorFit Smartwatch,4999.0,3999.2,20,4.1,11904,8769,1219,0,1,97,97,1,123
2023-07-24,B09V4D4N5T,Samsung Galaxy M13 Smartphone,13999.0,11199.2,20,4.4,12839,11289,1690,0,0,248,133,0,133
2023-07-25,B08N5WRWNW,Noise ColorFit Smartwatch,4999.0,3999.2,20,4.0,8794,13185,1749,0,0,282,148,0,148
2023-07-26,B07HGH8D2R,HP Wireless Mouse,799.0,559.3,30,4.2,12945,7581,1149,0,0,63,63,1,125
2023-07-27,B07X9Y3Q4S,Mi Power Bank 10000mAh,1299.0,909.3,30,4.3,15390,14948,1897,0,0,374,191,0,191
2023-07-28,B09V4D4N5T,Samsung Galaxy M13 Smartphone,13999.0,8399.4,40,4.2,6749,10740,1053,0,0,242,148,0,148
2023-07-29,B09V4D4N5T,Samsung Galaxy M13 Smartphone,13999.0,9799.3,30,4.4,10678,5436,1016,0,1,202,109,0,109
2023-07-30,B08N5WRWNW,Noise ColorFit Smartwatch,4999.0,3499.3,30,4.0,13056,8827,841,0,1,93,93,1,118
2023-07-31,B08N5WRWNW,Noise ColorFit Smartwatch,4999.0,3499.3,30,4.0,6294,16373,1965,0,0,302,165,0,165
2023-08-01,B073496Y7S,boAt Rockerz Wireless Bluetooth Earbuds,2990.0,2392.0,20,4.1,12449,11401,1132,0,0,284,146,0,146
2023-08-02,B07X9Y3Q4S,Mi Power Bank 10000mAh,1299.0,649.5,50,4.0,10082,7558,1126,0,0,171,137,0,137
2023-08-03,B09V4D4N5T,Samsung Galaxy M13 Smartphone,13999.0,11199.2,20,4.3,9679,6627,905,0,0,92,92,1,111
2023-08-04,B09V4D4N5T,Samsung Galaxy M13 Smartphone,13999.0,8399.4,40,3.8,10221,6488,613,0,0,151,134,0,134
2023-08-05,B08N5WRWNW,Noise ColorFit Smartwatch,4999.0,2499.5,50,4.2,11610,11402,1334,0,1,230,176,0,176
2023-08-06,B09V4D4N5T,Samsung Galaxy M13 Smartphone,13999.0,8399.4,40,3.9,6211,5491,541,0,1,92,92,1,117
2023-08-07,B08N5WRWNW,Noise ColorFit Smartwatch,4999.0,2999.4,40,4.4,13347,7587,572,0,0,281,144,0,144
2023-08-08,B09V4D4N5T,Samsung Galaxy M13 Smartphone,13999.0,9799.3,30,4.5,14641,6115,752,0,0,150,113,0,113
2023-08-09,B073496Y7S,boAt Rockerz Wireless Bluetooth Earbuds,2990.0,2093.0,30,4.3,8190,10407,1401,0,0,266,143,0,143
2023-08-10,B073496Y7S,boAt Rockerz Wireless Bluetooth Earbuds,2990.0,2392.0,20,3.9,12842,8045,627,0,0,82,82,1,104
2023-08-11,B09V4D4N5T,Samsung Galaxy M13 Smartphone,13999.0,9799.3,30,3.9,8385,5258,542,0,0,52,52,1,97
2023-08-12,B07X9Y3Q4S,Mi Power Bank 10000mAh,1299.0,1039.2,20,3.9,12194,7041,1189,0,1,129,94,0,94
2023-08-13,B073496Y7S,boAt Rockerz Wireless Bluetooth Earbuds,2990.0,2392.0,20,3.9,14746,8441,762,0,1,102,102,1,127
2023-08-14,B073496Y7S,boAt Rockerz Wireless Bluetooth Earbuds,2990.0,2392.0,20,4.0,8967,9291,1319,0,0,243,132,0,132
2023-08-15,B07HGH8D2R,HP Wireless Mouse,799.0,479.4,40,4.1,7722,8150,982,0,0,149,129,0,129
2023-08-16,B07HGH8D2R,HP Wireless Mouse,799.0,639.2,20,4.1,13579,8330,904,0,0,206,116,0,116
2023-08-17,B08N5WRWNW,Noise ColorFit Smartwatch,4999.0,3499.3,30,3.9,14776,5812,564,0,0,189,103,0,103
2023-08-18,B07HGH8D2R,HP Wireless Mouse,799.0,479.4,40,3.9,13648,7077,1009,0,0,176,131,0,131
2023-08-19,B09V4D4N5T,Samsung Galaxy M13 Smartphone,13999.0,9799.3,30,4.4,15341,13670,1945,0,1,207,159,0,159
2023-08-20,B08N5WRWNW,Noise ColorFit Smartwatch,4999.0,3499.3,30,4.0,12870,6328,741,0,1,82,82,1,124
2023-08-21,B09V4D4N5T,Samsung Galaxy M13 Smartphone,13999.0,9799.3,30,4.3,12565,8255,699,0,0,133,131,0,131
2023-08-22,B09V4D4N5T,Samsung Galaxy M13 Smartphone,13999.0,9799.3,30,4.3,10639,10420,1723,0,0,197,138,0,138
2023-08-23,B07HGH8D2R,HP Wireless Mouse,799.0,479.4,40,3.9,7370,8916,647,0,0,251,144,0,144
2023-08-24,B07X9Y3Q4S,Mi Power Bank 10000mAh,1299.0,909.3,30,3.9,14669,9078,849,0,0,128,128,1,131
2023-08-25,B08N5WRWNW,Noise ColorFit Smartwatch,4999.0,3999.2,20,3.9,13212,12441,1746,0,0,241,128,0,128
2023-08-26,B07X9Y3Q4S,Mi Power Bank 10000mAh,1299.0,1039.2,20,4.2,15516,5713,668,0,1,170,114,0,114
2023-08-27,B08N5WRWNW,Noise ColorFit Smartwatch,4999.0,2999.4,40,4.0,11321,10083,1269,0,1,106,106,1,150
2023-08-28,B09V4D4N5T,Samsung Galaxy M13 Smartphone,13999.0,11199.2,20,3.8,14844,11685,1925,0,0,128,128,1,140
2023-08-29,B09V4D4N5T,Samsung Galaxy M13 Smartphone,13999.0,11199.2,20,3.9,8181,9469,1695,0,0,93,93,1,111
2023-08-30,B073496Y7S,boAt Rockerz Wireless Bluetooth Earbuds,2990.0,2392.0,20,4.2,7919,13662,1920,0,0,214,159,0,159
2023-08-31,B09V4D4N5T,Samsung Galaxy M13 Smartphone,13999.0,11199.2,20,4.0,14579,7436,734,0,0,82,82,1,113
2023-09-01,B08N5WRWNW,Noise ColorFit Smartwatch,4999.0,3999.2,20,4.2,9912,14466,1567,0,0,238,149,0,149
2023-09-02,B07HGH8D2R,HP Wireless Mouse,799.0,479.4,40,4.2,7385,4360,518,0,1,187,121,0,121
2023-09-03,B07HGH8D2R,HP Wireless Mouse,799.0,639.2,20,4.1,9462,5423,628,0,1,184,106,0,106
2023-09-04,B07X9Y3Q4S,Mi Power Bank 10000mAh,1299.0,909.3,30,4.4,8258,12895,1533,0,0,243,150,0,150
2023-09-05,B07HGH8D2R,HP Wireless Mouse,799.0,559.3,30,4.2,8390,6594,813,0,0,74,74,1,123
2023-09-06,B073496Y7S,boAt Rockerz Wireless Bluetooth Earbuds,2990.0,1495.0,50,4.1,8378,12474,1514,0,0,118,118,1,191
2023-09-07,B07X9Y3Q4S,Mi Power Bank 10000mAh,1299.0,1039.2,20,4.3,7770,8578,1370,0,0,231,117,0,117
2023-09-08,B09V4D4N5T,Samsung Galaxy M13 Smartphone,13999.0,11199.2,20,4.1,8313,15135,1744,0,0,209,156,0,156
2023-09-09,B08N5WRWNW,Noise ColorFit Smartwatch,4999.0,3499.3,30,4.2,9143,5096,710,0,1,129,108,0,108
2023-09-10,B08N5WRWNW,Noise ColorFit Smartwatch,4999.0,2999.4,40,4.4,14379,8570,1239,0,1,184,139,0,139
2023-09-11,B073496Y7S,boAt Rockerz Wireless Bluetooth Earbuds,2990.0,2093.0,30,4.3,6778,13175,1641,0,0,276,159,0,159
2023-09-12,B09V4D4N5T,Samsung Galaxy M13 Smartphone,13999.0,9799.3,30,3.9,14352,8543,577,0,0,131,131,1,143
2023-09-13,B08N5WRWNW,Noise ColorFit Smartwatch,4999.0,3999.2,20,3.8,12162,9615,1209,0,0,116,116,1,133
2023-09-14,B07HGH8D2R,HP Wireless Mouse,799.0,639.2,20,4.4,10785,10003,1080,0,0,58,58,1,109
2023-09-15,B09V4D4N5T,Samsung Galaxy M13 Smartphone,13999.0,11199.2,20,3.9,13233,13991,1509,0,0,127,127,1,142
2023-09-16,B09V4D4N5T,Samsung Galaxy M13 Smartphone,13999.0,8399.4,40,3.9,13305,6189,687,0,1,221,128,0,128
2023-09-17,B09V4D4N5T,Samsung Galaxy M13 Smartphone,13999.0,11199.2,20,3.8,10775,4464,662,0,1,164,91,0,91
2023-09-18,B08N5WRWNW,Noise ColorFit Smartwatch,4999.0,3999.2,20,4.3,15613,5222,704,0,0,131,96,0,96
2023-09-19,B08N5WRWNW,Noise ColorFit Smartwatch,4999.0,2499.5,50,3.9,6472,13673,1593,0,0,250,182,0,182
2023-09-20,B07X9Y3Q4S,Mi Power Bank 10000mAh,1299.0,649.5,50,4.2,12128,17595,1949,0,0,421,217,0,217
2023-09-21,B07HGH8D2R,HP Wireless Mouse,799.0,639.2,20,4.3,7542,8806,1483,0,0,145,115,0,115
2023-09-22,B07HGH8D2R,HP Wireless Mouse,799.0,559.3,30,4.0,14408,7718,660,0,0,143,117,0,117
2023-09-23,B073496Y7S,boAt Rockerz Wireless Bluetooth Earbuds,2990.0,1495.0,50,3.9,13316,21859,4090,1,1,341,330,0,330
2023-09-24,B073496Y7S,boAt Rockerz Wireless Bluetooth Earbuds,2990.0,1196.0,60,4.0,9446,33799,6948,1,1,307,307,1,420
2023-09-25,B07X9Y3Q4S,Mi Power Bank 10000mAh,1299.0,519.6,60,4.2,14336,52306,7413,1,0,878,537,0,537
2023-09-26,B07X9Y3Q4S,Mi Power Bank 10000mAh,1299.0,519.6,60,3.9,8128,39431,6627,1,0,600,450,0,450
2023-09-27,B07HGH8D2R,HP Wireless Mouse,799.0,319.6,60,3.9,6588,33542,5048,1,0,238,238,1,427
2023-09-28,B073496Y7S,boAt Rockerz Wireless Bluetooth Earbuds,2990.0,1794.0,40,3.8,9780,21922,3991,1,0,590,311,0,311
2023-09-29,B073496Y7S,boAt Rockerz Wireless Bluetooth Earbuds,2990.0,1495.0,50,3.9,12665,32679,6402,1,0,783,396,0,396
2023-09-30,B09V4D4N5T,Samsung Galaxy M13 Smartphone,13999.0,5599.6,60,4.2,13055,39282,7000,1,1,693,452,0,452
2023-10-01,B09V4D4N5T,Samsung Galaxy M13 Smartphone,13999.0,8399.4,40,4.2,6077,12062,2282,1,1,355,272,0,272
2023-10-02,B073496Y7S,boAt Rockerz Wireless Bluetooth Earbuds,2990.0,1794.0,40,4.1,6509,32142,5690,1,0,732,378,0,378
2023-10-03,B073496Y7S,boAt Rockerz Wireless Bluetooth Earbuds,2990.0,1046.5,65,4.2,13008,40985,7248,1,0,766,469,0,469
2023-10-04,B07HGH8D2R,HP Wireless Mouse,799.0,399.5,50,4.5,7357,51586,7854,1,0,610,517,0,517
2023-10-05,B09V4D4N5T,Samsung Galaxy M13 Smartphone,13999.0,5599.6,60,4.4,12619,14703,2226,1,0,416,304,0,304
2023-10-06,B09V4D4N5T,Samsung Galaxy M13 Smartphone,13999.0,4199.7,70,3.9,13378,52760,7514,1,0,487,487,1,524
2023-10-07,B07X9Y3Q4S,Mi Power Bank 10000mAh,1299.0,454.65,65,4.2,9916,25445,5348,1,1,374,370,0,370
2023-10-08,B073496Y7S,boAt Rockerz Wireless Bluetooth Earbuds,2990.0,1495.0,50,3.9,12290,34288,7038,1,1,480,416,0,416
2023-10-09,B07HGH8D2R,HP Wireless Mouse,799.0,279.65,65,4.4,14965,31273,6384,1,0,277,277,1,424
2023-10-10,B07X9Y3Q4S,Mi Power Bank 10000mAh,1299.0,519.6,60,3.8,7804,30682,4501,1,0,637,393,0,393
2023-10-11,B073496Y7S,boAt Rockerz Wireless Bluetooth Earbuds,2990.0,1495.0,50,4.1,10477,20758,3336,1,0,302,302,1,322
2023-10-12,B09V4D4N5T,Samsung Galaxy M13 Smartphone,13999.0,4899.65,65,4.3,7639,48612,6940,1,0,664,517,0,517
2023-10-13,B07X9Y3Q4S,Mi Power Bank 10000mAh,1299.0,779.4,40,4.1,8452,15956,2141,1,0,335,292,0,292
2023-10-14,B07X9Y3Q4S,Mi Power Bank 10000mAh,1299.0,649.5,50,4.4,11484,11943,2595,1,1,354,281,0,281
2023-10-15,B073496Y7S,boAt Rockerz Wireless Bluetooth Earbuds,2990.0,1495.0,50,4.4,15502,49409,7394,1,1,424,424,1,504
2023-10-16,B073496Y7S,boAt Rockerz Wireless Bluetooth Earbuds,2990.0,2392.0,20,4.4,7395,9908,1286,0,0,226,127,0,127
2023-10-17,B073496Y7S,boAt Rockerz Wireless Bluetooth Earbuds,2990.0,2392.0,20,3.8,7629,10618,1500,0,0,102,102,1,125
2023-10-18,B09V4D4N5T,Samsung Galaxy M13 Smartphone,13999.0,11199.2,20,4.4,13674,13786,1650,0,0,236,159,0,159
2023-10-19,B09V4D4N5T,Samsung Galaxy M13 Smartphone,13999.0,9799.3,30,4.5,15650,13432,1992,0,0,126,126,1,159
2023-10-20,B09V4D4N5T,Samsung Galaxy M13 Smartphone,13999.0,11199.2,20,4.1,13032,13947,1724,0,0,254,146,0,146
2023-10-21,B09V4D4N5T,Samsung Galaxy M13 Smartphone,13999.0,9799.3,30,3.9,12627,10158,905,0,1,106,106,1,139
2023-10-22,B09V4D4N5T,Samsung Galaxy M13 Smartphone,13999.0,8399.4,40,4.2,7728,10464,1978,0,1,161,153,0,153
2023-10-23,B09V4D4N5T,Samsung Galaxy M13 Smartphone,13999.0,6999.5,50,4.2,15869,11666,1610,0,0,229,155,0,155
2023-10-24,B08N5WRWNW,Noise ColorFit Smartwatch,4999.0,3999.2,20,4.1,14809,7907,782,0,0,155,94,0,94
2023-10-25,B073496Y7S,boAt Rockerz Wireless Bluetooth Earbuds,2990.0,2093.0,30,4.1,7346,9479,1248,0,0,201,123,0,123
2023-10-26,B07HGH8D2R,HP Wireless Mouse,799.0,639.2,20,3.8,15299,8709,1659,0,0,117,113,0,113
2023-10-27,B08N5WRWNW,Noise ColorFit Smartwatch,4999.0,3999.2,20,4.5,7697,9507,1867,0,0,73,73,1,114
2023-10-28,B07HGH8D2R,HP Wireless Mouse,799.0,639.2,20,4.2,9012,7916,896,0,1,162,110,0,110
2023-10-29,B07X9Y3Q4S,Mi Power Bank 10000mAh,1299.0,909.3,30,4.4,12035,13815,1632,0,1,236,153,0,153
2023-10-30,B07HGH8D2R,HP Wireless Mouse,799.0,479.4,40,4.5,10521,12269,1676,0,0,264,176,0,176
2023-10-31,B09V4D4N5T,Samsung Galaxy M13 Smartphone,13999.0,9799.3,30,3.9,6898,10346,1138,0,0,217,143,0,143
2023-11-01,B09V4D4N5T,Samsung Galaxy M13 Smartphone,13999.0,6999.5,50,4.4,6243,30132,5449,1,0,298,298,1,388
2023-11-02,B08N5WRWNW,Noise ColorFit Smartwatch,4999.0,2499.5,50,4.2,15016,31606,6305,1,0,574,397,0,397
2023-11-03,B09V4D4N5T,Samsung Galaxy M13 Smartphone,13999.0,8399.4,40,4.2,7546,55000,7797,1,0,564,508,0,508
2023-11-04,B07HGH8D2R,HP Wireless Mouse,799.0,399.5,50,4.4,10590,32526,6144,1,1,476,396,0,396
2023-11-05,B073496Y7S,boAt Rockerz Wireless Bluetooth Earbuds,2990.0,1794.0,40,4.1,7054,45031,7777,1,1,859,453,0,453
2023-11-06,B09V4D4N5T,Samsung Galaxy M13 Smartphone,13999.0,6999.5,50,4.1,8169,43806,7275,1,0,290,290,1,457
2023-11-07,B07X9Y3Q4S,Mi Power Bank 10000mAh,1299.0,649.5,50,4.1,7071,21768,3635,1,0,582,325,0,325
2023-11-08,B09V4D4N5T,Samsung Galaxy M13 Smartphone,13999.0,8399.4,40,4.3,8539,30468,5219,1,0,629,373,0,373
2023-11-09,B08N5WRWNW,Noise ColorFit Smartwatch,4999.0,1999.6,60,4.0,7765,16908,2575,1,0,478,317,0,317
2023-11-10,B09V4D4N5T,Samsung Galaxy M13 Smartphone,13999.0,8399.4,40,4.5,13008,28213,3399,1,0,261,261,1,374
2023-11-11,B07HGH8D2R,HP Wireless Mouse,799.0,399.5,50,3.8,10400,20200,3257,1,1,188,188,1,318
2023-11-12,B08N5WRWNW,Noise ColorFit Smartwatch,4999.0,1499.7,70,3.9,12258,14649,2123,1,1,295,295,1,325
2023-11-13,B09V4D4N5T,Samsung Galaxy M13 Smartphone,13999.0,4199.7,70,4.2,14936,39609,6172,1,0,503,453,0,453
2023-11-14,B09V4D4N5T,Samsung Galaxy M13 Smartphone,13999.0,4199.7,70,4.1,7883,23088,4721,1,0,554,353,0,353
2023-11-15,B07X9Y3Q4S,Mi Power Bank 10000mAh,1299.0,649.5,50,4.4,13684,32602,6857,1,0,334,334,1,393
2023-11-16,B09V4D4N5T,Samsung Galaxy M13 Smartphone,13999.0,11199.2,20,4.2,15452,8284,982,0,0,200,124,0,124
2023-11-17,B09V4D4N5T,Samsung Galaxy M13 Smartphone,13999.0,9799.3,30,4.5,9795,7736,603,0,0,144,120,0,120
2023-11-18,B09V4D4N5T,Samsung Galaxy M13 Smartphone,13999.0,8399.4,40,4.3,9693,6142,563,0,1,77,77,1,134
2023-11-19,B07HGH8D2R,HP Wireless Mouse,799.0,559.3,30,3.8,12504,6275,975,0,1,70,70,1,118
2023-11-20,B073496Y7S,boAt Rockerz Wireless Bluetooth Earbuds,2990.0,1495.0,50,4.2,11836,12763,1319,0,0,271,178,0,178
2023-11-21,B08N5WRWNW,Noise ColorFit Smartwatch,4999.0,3499.3,30,4.2,14097,12203,1739,0,0,246,136,0,136
2023-11-22,B07HGH8D2R,HP Wireless Mouse,799.0,399.5,50,4.1,7945,9321,1271,0,0,139,139,1,184
2023-11-23,B073496Y7S,boAt Rockerz Wireless Bluetooth Earbuds,2990.0,2392.0,20,3.8,8362,8594,1380,0,0,89,89,1,119
2023-11-24,B08N5WRWNW,Noise ColorFit Smartwatch,4999.0,3499.3,30,4.3,10759,7311,1405,0,0,70,70,1,101
2023-11-25,B09V4D4N5T,Samsung Galaxy M13 Smartphone,13999.0,8399.4,40,4.0,6679,16806,1809,0,1,136,136,1,200
2023-11-26,B07HGH8D2R,HP Wireless Mouse,799.0,479.4,40,4.3,13282,9155,700,0,1,102,102,1,137
2023-11-27,B08N5WRWNW,Noise ColorFit Smartwatch,4999.0,3999.2,20,4.1,10887,11306,1441,0,0,162,129,0,129
2023-11-28,B07X9Y3Q4S,Mi Power Bank 10000mAh,1299.0,909.3,30,4.2,11402,5880,544,0,0,158,114,0,114
2023-11-29,B08N5WRWNW,Noise ColorFit Smartwatch,4999.0,3999.2,20,4.2,13909,15907,1903,0,0,266,167,0,167
2023-11-30,B09V4D4N5T,Samsung Galaxy M13 Smartphone,13999.0,8399.4,40,4.1,7237,9155,1473,0,0,96,96,1,140
2023-12-01,B07HGH8D2R,HP Wireless Mouse,799.0,559.3,30,4.4,11791,8312,936,0,0,284,143,0,143
2023-12-02,B073496Y7S,boAt Rockerz Wireless Bluetooth Earbuds,2990.0,1794.0,40,4.4,13246,12498,1533,0,1,130,130,1,159
2023-12-03,B09V4D4N5T,Samsung Galaxy M13 Smartphone,13999.0,9799.3,30,4.0,12563,11312,1511,0,1,281,154,0,154
2023-12-04,B07X9Y3Q4S,Mi Power Bank 10000mAh,1299.0,779.4,40,4.0,12057,9332,1813,0,0,210,168,0,168
2023-12-05,B07X9Y3Q4S,Mi Power Bank 10000mAh,1299.0,1039.2,20,4.1,11100,13985,1764,0,0,286,156,0,156
2023-12-06,B08N5WRWNW,Noise ColorFit Smartwatch,4999.0,3499.3,30,4.0,15097,13043,1680,0,0,148,148,1,169
2023-12-07,B07X9Y3Q4S,Mi Power Bank 10000mAh,1299.0,1039.2,20,4.4,10543,16532,1975,0,0,281,169,0,169
2023-12-08,B09V4D4N5T,Samsung Galaxy M13 Smartphone,13999.0,9799.3,30,3.9,14685,8981,717,0,0,186,135,0,135
2023-12-09,B08N5WRWNW,Noise ColorFit Smartwatch,4999.0,3999.2,20,4.0,6260,11593,1536,0,1,83,83,1,127
2023-12-10,B09V4D4N5T,Samsung Galaxy M13 Smartphone,13999.0,8399.4,40,4.3,7153,11441,1827,0,1,125,125,1,170
2023-12-11,B07X9Y3Q4S,Mi Power Bank 10000mAh,1299.0,909.3,30,3.9,12125,5600,726,0,0,194,108,0,108
2023-12-12,B09V4D4N5T,Samsung Galaxy M13 Smartphone,13999.0,8399.4,40,3.9,10459,11100,1689,0,0,292,158,0,158
2023-12-13,B073496Y7S,boAt Rockerz Wireless Bluetooth Earbuds,2990.0,1794.0,40,4.3,7810,5201,661,0,0,94,94,1,135
2023-12-14,B09V4D4N5T,Samsung Galaxy M13 Smartphone,13999.0,11199.2,20,4.3,7502,14915,1588,0,0,316,165,0,165
2023-12-15,B07X9Y3Q4S,Mi Power Bank 10000mAh,1299.0,909.3,30,4.4,7717,8210,1064,0,0,162,123,0,123
2023-12-16,B08N5WRWNW,Noise ColorFit Smartwatch,4999.0,3999.2,20,3.9,6721,7682,886,0,1,69,69,1,117
2023-12-17,B09V4D4N5T,Samsung Galaxy M13 Smartphone,13999.0,11199.2,20,4.1,14981,13841,1901,0,1,89,89,1,148
2023-12-18,B073496Y7S,boAt Rockerz Wireless Bluetooth Earbuds,2990.0,2093.0,30,4.5,9919,7025,674,0,0,233,138,0,138
2023-12-19,B07HGH8D2R,HP Wireless Mouse,799.0,639.2,20,4.3,8622,10495,1255,0,0,176,133,0,133
2023-12-20,B07X9Y3Q4S,Mi Power Bank 10000mAh,1299.0,1039.2,20,4.4,14894,6167,1115,0,0,210,108,0,108
2023-12-21,B08N5WRWNW,Noise ColorFit Smartwatch,4999.0,3499.3,30,4.1,11305,7349,970,0,0,90,90,1,127
2023-12-22,B073496Y7S,boAt Rockerz Wireless Bluetooth Earbuds,2990.0,2392.0,20,4.3,6090,14192,1548,0,0,159,155,0,155
2023-12-23,B07X9Y3Q4S,Mi Power Bank 10000mAh,1299.0,649.5,50,4.2,11170,9692,1362,0,1,142,142,1,172
2023-12-24,B073496Y7S,boAt Rockerz Wireless Bluetooth Earbuds,2990.0,2093.0,30,4.3,13834,7183,860,0,1,218,117,0,117
2023-12-25,B08N5WRWNW,Noise ColorFit Smartwatch,4999.0,3999.2,20,4.3,8857,13433,1645,0,0,266,155,0,155
2023-12-26,B08N5WRWNW,Noise ColorFit Smartwatch,4999.0,3499.3,30,3.9,7834,4373,502,0,0,59,59,1,104
2023-12-27,B09V4D4N5T,Samsung Galaxy M13 Smartphone,13999.0,8399.4,40,4.3,13968,7840,830,0,0,244,153,0,153
2023-12-28,B09V4D4N5T,Samsung Galaxy M13 Smartphone,13999.0,6999.5,50,4.5,13949,11335,1613,0,0,221,167,0,167
2023-12-29,B07HGH8D2R,HP Wireless Mouse,799.0,559.3,30,4.2,15147,8007,1385,0,0,124,124,1,132
2023-12-30,B07HGH8D2R,HP Wireless Mouse,799.0,399.5,50,4.5,14525,11607,1347,0,1,93,93,1,172
2023-12-31,B07HGH8D2R,HP Wireless Mouse,799.0,479.4,40,4.3,13068,12885,1950,0,1,159,159,1,173
2024-01-01,B09V4D4N5T,Samsung Galaxy M13 Smartphone,13999.0,11199.2,20,4.4,10104,13246,1778,0,0,248,158,0,158
2024-01-02,B09V4D4N5T,Samsung Galaxy M13 Smartphone,13999.0,11199.2,20,4.2,15233,10749,1289,0,0,241,139,0,139
2024-01-03,B08N5WRWNW,Noise ColorFit Smartwatch,4999.0,2499.5,50,3.9,9419,11180,1166,0,0,242,166,0,166
2024-01-04,B073496Y7S,boAt Rockerz Wireless Bluetooth Earbuds,2990.0,1794.0,40,4.1,15275,10401,903,0,0,165,152,0,152
2024-01-05,B073496Y7S,boAt Rockerz Wireless Bluetooth Earbuds,2990.0,1794.0,40,4.0,6799,12476,1614,0,0,192,159,0,159
2024-01-06,B073496Y7S,boAt Rockerz Wireless Bluetooth Earbuds,2990.0,2392.0,20,4.4,9809,13727,1789,0,1,245,154,0,154
2024-01-07,B07HGH8D2R,HP Wireless Mouse,799.0,559.3,30,4.3,8984,11273,1446,0,1,98,98,1,147
2024-01-08,B07X9Y3Q4S,Mi Power Bank 10000mAh,1299.0,1039.2,20,4.0,13586,10116,826,0,0,173,137,0,137
2024-01-09,B09V4D4N5T,Samsung Galaxy M13 Smartphone,13999.0,9799.3,30,3.9,10435,6252,1052,0,0,157,111,0,111
2024-01-10,B09V4D4N5T,Samsung Galaxy M13 Smartphone,13999.0,9799.3,30,4.1,6392,7339,920,0,0,251,126,0,126
2024-01-11,B09V4D4N5T,Samsung Galaxy M13 Smartphone,13999.0,9799.3,30,4.3,9200,8747,789,0,0,248,137,0,137
2024-01-12,B09V4D4N5T,Samsung Galaxy M13 Smartphone,13999.0,9799.3,30,3.8,14573,6105,680,0,0,122,107,0,107
2024-01-13,B07HGH8D2R,HP Wireless Mouse,799.0,479.4,40,3.9,9287,11157,1840,0,1,256,156,0,156
2024-01-14,B09V4D4N5T,Samsung Galaxy M13 Smartphone,13999.0,6999.5,50,4.0,9374,15489,1866,0,1,307,204,0,204
2024-01-15,B073496Y7S,boAt Rockerz Wireless Bluetooth Earbuds,2990.0,2392.0,20,4.4,9948,7615,1003,0,0,202,108,0,108
2024-01-16,B073496Y7S,boAt Rockerz Wireless Bluetooth Earbuds,2990.0,2392.0,20,4.1,9413,6204,531,0,0,54,54,1,90
2024-01-17,B073496Y7S,boAt Rockerz Wireless Bluetooth Earbuds,2990.0,2392.0,20,4.5,6295,11843,1416,0,0,136,136,1,144
2024-01-18,B073496Y7S,boAt Rockerz Wireless Bluetooth Earbuds,2990.0,2392.0,20,4.5,13507,7231,603,0,0,210,121,0,121
2024-01-19,B08N5WRWNW,Noise ColorFit Smartwatch,4999.0,2999.4,40,4.4,9813,15987,1941,0,0,167,167,1,190
2024-01-20,B07HGH8D2R,HP Wireless Mouse,799.0,639.2,20,4.3,8444,13451,1860,0,1,263,144,0,144
2024-01-21,B073496Y7S,boAt Rockerz Wireless Bluetooth Earbuds,2990.0,2392.0,20,4.1,9326,11392,1363,0,1,187,150,0,150
2024-01-22,B07X9Y3Q4S,Mi Power Bank 10000mAh,1299.0,779.4,40,3.9,10331,9421,1325,0,0,124,124,1,133
2024-01-23,B07HGH8D2R,HP Wireless Mouse,799.0,479.4,40,4.2,14273,10266,1691,0,0,271,151,0,151
2024-01-24,B07X9Y3Q4S,Mi Power Bank 10000mAh,1299.0,909.3,30,3.9,8019,7899,1158,0,0,156,125,0,125
2024-01-25,B09V4D4N5T,Samsung Galaxy M13 Smartphone,13999.0,9799.3,30,4.0,9260,9446,1382,0,0,74,74,1,136
2024-01-26,B07X9Y3Q4S,Mi Power Bank 10000mAh,1299.0,454.65,65,4.5,10765,30551,6559,1,0,486,408,0,408
2024-01-27,B09V4D4N5T,Samsung Galaxy M13 Smartphone,13999.0,9799.3,30,4.0,12216,9710,1345,0,1,125,125,1,134
2024-01-28,B073496Y7S,boAt Rockerz Wireless Bluetooth Earbuds,2990.0,2392.0,20,4.1,6194,8594,1225,0,1,89,89,1,114
2024-01-29,B07HGH8D2R,HP Wireless Mouse,799.0,479.4,40,4.3,15920,6597,714,0,0,208,123,0,123
2024-01-30,B07HGH8D2R,HP Wireless Mouse,799.0,639.2,20,4.5,10638,6905,1068,0,0,56,56,1,102
2024-01-31,B08N5WRWNW,Noise ColorFit Smartwatch,4999.0,3999.2,20,4.1,8173,11236,1605,0,0,243,135,0,135
2024-02-01,B07X9Y3Q4S,Mi Power Bank 10000mAh,1299.0,909.3,30,3.9,12429,14156,1868,0,0,105,105,1,169
2024-02-02,B08N5WRWNW,Noise ColorFit Smartwatch,4999.0,3499.3,30,3.9,7709,6665,729,0,0,200,106,0,106
2024-02-03,B09V4D4N5T,Samsung Galaxy M13 Smartphone,13999.0,9799.3,30,3.9,9043,12512,1417,0,1,164,138,0,138
2024-02-04,B073496Y7S,boAt Rockerz Wireless Bluetooth Earbuds,2990.0,2093.0,30,4.0,8502,7766,912,0,1,223,141,0,141
2024-02-05,B073496Y7S,boAt Rockerz Wireless Bluetooth Earbuds,2990.0,2392.0,20,4.5,10957,13552,1446,0,0,236,158,0,158
2024-02-06,B073496Y7S,boAt Rockerz Wireless Bluetooth Earbuds,2990.0,2392.0,20,4.2,10599,15040,1591,0,0,247,169,0,169
2024-02-07,B07X9Y3Q4S,Mi Power Bank 10000mAh,1299.0,649.5,50,4.1,8299,10254,1117,0,0,244,164,0,164
2024-02-08,B09V4D4N5T,Samsung Galaxy M13 Smartphone,13999.0,8399.4,40,4.4,9885,10410,878,0,0,223,155,0,155
2024-02-09,B09V4D4N5T,Samsung Galaxy M13 Smartphone,13999.0,9799.3,30,4.2,10229,6365,711,0,0,239,120,0,120
2024-02-10,B073496Y7S,boAt Rockerz Wireless Bluetooth Earbuds,2990.0,2392.0,20,4.0,11254,6508,1301,0,1,112,103,0,103
2024-02-11,B08N5WRWNW,Noise ColorFit Smartwatch,4999.0,3499.3,30,4.2,7847,11494,1827,0,1,262,153,0,153
2024-02-12,B07HGH8D2R,HP Wireless Mouse,799.0,479.4,40,4.1,7090,7942,1332,0,0,78,78,1,142
2024-02-13,B07X9Y3Q4S,Mi Power Bank 10000mAh,1299.0,779.4,40,4.1,14010,7659,794,0,0,194,145,0,145
2024-02-14,B09V4D4N5T,Samsung Galaxy M13 Smartphone,13999.0,8399.4,40,4.1,11965,12725,1858,0,0,144,144,1,165
2024-02-15,B07X9Y3Q4S,Mi Power Bank 10000mAh,1299.0,909.3,30,3.9,14556,12427,1374,0,0,74,74,1,145
2024-02-16,B08N5WRWNW,Noise ColorFit Smartwatch,4999.0,3499.3,30,4.4,11336,9758,1424,0,0,158,134,0,134
2024-02-17,B07HGH8D2R,HP Wireless Mouse,799.0,479.4,40,4.3,7038,8316,1463,0,1,93,93,1,142
2024-02-18,B073496Y7S,boAt Rockerz Wireless Bluetooth Earbuds,2990.0,2392.0,20,4.0,10166,7064,652,0,1,88,88,1,114
2024-02-19,B07HGH8D2R,HP Wireless Mouse,799.0,639.2,20,4.0,9096,11165,1347,0,0,232,129,0,129
2024-02-20,B07HGH8D2R,HP Wireless Mouse,799.0,559.3,30,4.4,14388,8627,913,0,0,271,142,0,142
2024-02-21,B07HGH8D2R,HP Wireless Mouse,799.0,559.3,30,4.1,13063,11827,1895,0,0,165,162,0,162
2024-02-22,B08N5WRWNW,Noise ColorFit Smartwatch,4999.0,3499.3,30,4.4,11008,7063,1257,0,0,185,121,0,121
2024-02-23,B07X9Y3Q4S,Mi Power Bank 10000mAh,1299.0,779.4,40,4.4,10983,10401,1519,0,0,293,176,0,176
2024-02-24,B07X9Y3Q4S,Mi Power Bank 10000mAh,1299.0,1039.2,20,4.3,12040,9134,862,0,1,95,95,1,127
2024-02-25,B073496Y7S,boAt Rockerz Wireless Bluetooth Earbuds,2990.0,2093.0,30,4.3,12578,8722,1501,0,1,197,138,0,138
2024-02-26,B08N5WRWNW,Noise ColorFit Smartwatch,4999.0,3999.2,20,4.5,11815,7209,744,0,0,87,87,1,99
2024-02-27,B08N5WRWNW,Noise ColorFit Smartwatch,4999.0,3499.3,30,3.9,11392,11966,1837,0,0,246,152,0,152
2024-02-28,B073496Y7S,boAt Rockerz Wireless Bluetooth Earbuds,2990.0,2093.0,30,4.1,9969,7788,915,0,0,92,92,1,136
2024-02-29,B09V4D4N5T,Samsung Galaxy M13 Smartphone,13999.0,9799.3,30,4.3,13532,10121,1004,0,0,218,125,0,125
2024-03-01,B07X9Y3Q4S,Mi Power Bank 10000mAh,1299.0,779.4,40,4.1,11269,4237,638,0,0,113,113,1,115
2024-03-02,B08N5WRWNW,Noise ColorFit Smartwatch,4999.0,2499.5,50,3.9,9997,9415,1033,0,1,299,161,0,161
2024-03-03,B09V4D4N5T,Samsung Galaxy M13 Smartphone,13999.0,9799.3,30,3.9,12757,8888,1056,0,1,256,130,0,130
2024-03-04,B07HGH8D2R,HP Wireless Mouse,799.0,559.3,30,4.0,6286,6713,705,0,0,114,111,0,111
2024-03-05,B09V4D4N5T,Samsung Galaxy M13 Smartphone,13999.0,11199.2,20,4.0,12526,11097,1937,0,0,120,120,1,144
2024-03-06,B073496Y7S,boAt Rockerz Wireless Bluetooth Earbuds,2990.0,2392.0,20,4.4,12750,8004,1218,0,0,161,122,0,122
2024-03-07,B07HGH8D2R,HP Wireless Mouse,799.0,639.2,20,4.3,10085,16068,1878,0,0,131,131,1,177
2024-03-08,B07HGH8D2R,HP Wireless Mouse,799.0,639.2,20,4.3,9238,8231,719,0,0,190,120,0,120
2024-03-09,B07HGH8D2R,HP Wireless Mouse,799.0,559.3,30,4.4,12175,16396,1993,0,1,260,183,0,183
2024-03-10,B07HGH8D2R,HP Wireless Mouse,799.0,479.4,40,4.0,6917,11515,1582,0,1,281,156,0,156
2024-03-11,B08N5WRWNW,Noise ColorFit Smartwatch,4999.0,3499.3,30,3.9,10106,5828,1013,0,0,139,100,0,100
2024-03-12,B08N5WRWNW,Noise ColorFit Smartwatch,4999.0,2499.5,50,4.1,10642,9024,694,0,0,302,158,0,158
2024-03-13,B09V4D4N5T,Samsung Galaxy M13 Smartphone,13999.0,9799.3,30,4.0,7233,11455,1367,0,0,247,134,0,134
2024-03-14,B09V4D4N5T,Samsung Galaxy M13 Smartphone,13999.0,9799.3,30,4.5,15869,8894,839,0,0,88,88,1,135
2024-03-15,B07HGH8D2R,HP Wireless Mouse,799.0,479.4,40,4.0,16049,7152,1327,0,0,235,121,0,121
2024-03-16,B073496Y7S,boAt Rockerz Wireless Bluetooth Earbuds,2990.0,1794.0,40,4.4,14412,7896,954,0,1,253,144,0,144
2024-03-17,B07HGH8D2R,HP Wireless Mouse,799.0,639.2,20,3.9,16190,7540,798,0,1,113,106,0,106
2024-03-18,B08N5WRWNW,Noise ColorFit Smartwatch,4999.0,3999.2,20,4.1,12722,7630,1280,0,0,102,102,1,111
2024-03-19,B07HGH8D2R,HP Wireless Mouse,799.0,639.2,20,3.8,7248,8177,613,0,0,215,112,0,112
2024-03-20,B07X9Y3Q4S,Mi Power Bank 10000mAh,1299.0,1039.2,20,4.5,11136,13077,1648,0,0,94,94,1,152
2024-03-21,B07X9Y3Q4S,Mi Power Bank 10000mAh,1299.0,909.3,30,3.9,14167,14171,1799,0,0,229,157,0,157
2024-03-22,B07X9Y3Q4S,Mi Power Bank 10000mAh,1299.0,649.5,50,4.0,14214,12578,1714,0,0,332,175,0,175
2024-03-23,B073496Y7S,boAt Rockerz Wireless Bluetooth Earbuds,2990.0,2093.0,30,4.5,15570,8182,787,0,1,208,109,0,109
2024-03-24,B08N5WRWNW,Noise ColorFit Smartwatch,4999.0,3999.2,20,4.4,15475,15913,1866,0,1,348,179,0,179
2024-03-25,B073496Y7S,boAt Rockerz Wireless Bluetooth Earbuds,2990.0,2392.0,20,4.3,16288,11204,1442,0,0,210,139,0,139
2024-03-26,B08N5WRWNW,Noise ColorFit Smartwatch,4999.0,3999.2,20,4.3,14916,11427,1582,0,0,241,153,0,153
2024-03-27,B07X9Y3Q4S,Mi Power Bank 10000mAh,1299.0,909.3,30,4.5,10461,10413,1472,0,0,136,136,1,142
2024-03-28,B09V4D4N5T,Samsung Galaxy M13 Smartphone,13999.0,11199.2,20,4.3,12411,12270,1673,0,0,195,136,0,136
2024-03-29,B09V4D4N5T,Samsung Galaxy M13 Smartphone,13999.0,8399.4,40,4.4,12225,7557,1018,0,0,252,138,0,138
2024-03-30,B07X9Y3Q4S,Mi Power Bank 10000mAh,1299.0,779.4,40,4.0,11992,14417,1596,0,1,313,182,0,182
2024-03-31,B073496Y7S,boAt Rockerz Wireless Bluetooth Earbuds,2990.0,2093.0,30,4.4,10170,9144,865,0,1,116,116,1,129
2024-04-01,B09V4D4N5T,Samsung Galaxy M13 Smartphone,13999.0,8399.4,40,4.4,15484,8089,993,0,0,85,85,1,133
2024-04-02,B08N5WRWNW,Noise ColorFit Smartwatch,4999.0,3999.2,20,3.9,12999,15828,1607,0,0,117,117,1,157
2024-04-03,B09V4D4N5T,Samsung Galaxy M13 Smartphone,13999.0,11199.2,20,4.4,14675,5245,691,0,0,57,57,1,90
2024-04-04,B09V4D4N5T,Samsung Galaxy M13 Smartphone,13999.0,11199.2,20,4.4,11834,9350,665,0,0,177,116,0,116
2024-04-05,B08N5WRWNW,Noise ColorFit Smartwatch,4999.0,2999.4,40,4.3,9753,5897,595,0,0,216,130,0,130
2024-04-06,B07X9Y3Q4S,Mi Power Bank 10000mAh,1299.0,1039.2,20,3.9,11845,12664,1668,0,1,303,162,0,162
2024-04-07,B08N5WRWNW,Noise ColorFit Smartwatch,4999.0,2999.4,40,3.8,12713,8877,725,0,1,275,145,0,145
2024-04-08,B073496Y7S,boAt Rockerz Wireless Bluetooth Earbuds,2990.0,1794.0,40,4.0,13363,10803,1178,0,0,205,138,0,138
2024-04-09,B09V4D4N5T,Samsung Galaxy M13 Smartphone,13999.0,11199.2,20,4.2,7236,8333,700,0,0,110,110,1,127
2024-04-10,B08N5WRWNW,Noise ColorFit Smartwatch,4999.0,3999.2,20,4.3,6581,8212,844,0,0,204,129,0,129
2024-04-11,B07HGH8D2R,HP Wireless Mouse,799.0,399.5,50,3.9,11472,9665,1516,0,0,112,112,1,148
2024-04-12,B073496Y7S,boAt Rockerz Wireless Bluetooth Earbuds,2990.0,1794.0,40,4.0,9663,13819,1945,0,0,310,178,0,178
2024-04-13,B07X9Y3Q4S,Mi Power Bank 10000mAh,1299.0,1039.2,20,3.9,9189,9988,1219,0,1,129,129,1,137
2024-04-14,B073496Y7S,boAt Rockerz Wireless Bluetooth Earbuds,2990.0,1794.0,40,4.0,10889,7830,1198,0,1,106,106,1,153
2024-04-15,B07HGH8D2R,HP Wireless Mouse,799.0,479.4,40,3.9,9826,9456,1650,0,0,208,165,0,165
2024-04-16,B09V4D4N5T,Samsung Galaxy M13 Smartphone,13999.0,11199.2,20,4.4,14525,5311,775,0,0,223,120,0,120
2024-04-17,B073496Y7S,boAt Rockerz Wireless Bluetooth Earbuds,2990.0,2093.0,30,3.9,9545,13624,1851,0,0,137,137,1,159
2024-04-18,B08N5WRWNW,Noise ColorFit Smartwatch,4999.0,2999.4,40,4.2,16131,8457,655,0,0,191,147,0,147
2024-04-19,B08N5WRWNW,Noise ColorFit Smartwatch,4999.0,2999.4,40,4.2,9779,10820,1370,0,0,95,95,1,166
2024-04-20,B07X9Y3Q4S,Mi Power Bank 10000mAh,1299.0,1039.2,20,3.9,13417,7858,1435,0,1,161,109,0,109
2024-04-21,B07HGH8D2R,HP Wireless Mouse,799.0,639.2,20,3.8,10940,7865,807,0,1,63,63,1,98
2024-04-22,B09V4D4N5T,Samsung Galaxy M13 Smartphone,13999.0,8399.4,40,3.9,11479,11055,1403,0,0,87,87,1,152
2024-04-23,B073496Y7S,boAt Rockerz Wireless Bluetooth Earbuds,2990.0,2093.0,30,3.9,15508,7550,638,0,0,142,116,0,116
2024-04-24,B08N5WRWNW,Noise ColorFit Smartwatch,4999.0,3999.2,20,4.3,15127,8598,1321,0,0,177,127,0,127
2024-04-25,B07X9Y3Q4S,Mi Power Bank 10000mAh,1299.0,1039.2,20,4.0,16105,8411,1586,0,0,207,122,0,122
2024-04-26,B09V4D4N5T,Samsung Galaxy M13 Smartphone,13999.0,8399.4,40,4.5,13981,15274,1767,0,0,263,175,0,175
2024-04-27,B07X9Y3Q4S,Mi Power Bank 10000mAh,1299.0,1039.2,20,4.1,14183,12445,1811,0,1,169,133,0,133
2024-04-28,B07X9Y3Q4S,Mi Power Bank 10000mAh,1299.0,779.4,40,3.9,9312,9508,1108,0,1,180,135,0,135
2024-04-29,B09V4D4N5T,Samsung Galaxy M13 Smartphone,13999.0,11199.2,20,3.9,6635,11758,1810,0,0,137,137,1,142
2024-04-30,B08N5WRWNW,Noise ColorFit Smartwatch,4999.0,3999.2,20,3.8,7551,15157,1805,0,0,85,85,1,153
2024-05-01,B07X9Y3Q4S,Mi Power Bank 10000mAh,1299.0,649.5,50,4.4,9812,8303,963,0,0,105,105,1,161
2024-05-02,B08N5WRWNW,Noise ColorFit Smartwatch,4999.0,2999.4,40,4.0,13760,6284,586,0,0,187,118,0,118
2024-05-03,B073496Y7S,boAt Rockerz Wireless Bluetooth Earbuds,2990.0,1794.0,40,4.5,12016,8406,1127,0,0,211,138,0,138
2024-05-04,B08N5WRWNW,Noise ColorFit Smartwatch,4999.0,3999.2,20,4.2,15984,8843,1548,0,1,181,121,0,121
2024-05-05,B07HGH8D2R,HP Wireless Mouse,799.0,639.2,20,3.8,14001,8477,1826,0,1,103,103,1,129
2024-05-06,B08N5WRWNW,Noise ColorFit Smartwatch,4999.0,3499.3,30,4.5,10256,5962,1002,0,0,67,67,1,126
2024-05-07,B08N5WRWNW,Noise ColorFit Smartwatch,4999.0,3499.3,30,4.1,11014,14397,1760,0,0,275,166,0,166
2024-05-08,B09V4D4N5T,Samsung Galaxy M13 Smartphone,13999.0,9799.3,30,4.4,12730,12653,1343,0,0,198,153,0,153
2024-05-09,B07HGH8D2R,HP Wireless Mouse,799.0,639.2,20,4.1,8986,10700,1114,0,0,93,93,1,126
2024-05-10,B09V4D4N5T,Samsung Galaxy M13 Smartphone,13999.0,11199.2,20,4.2,14954,10755,1051,0,0,128,128,1,129
2024-05-11,B073496Y7S,boAt Rockerz Wireless Bluetooth Earbuds,2990.0,2093.0,30,4.1,10988,13683,1858,0,1,270,162,0,162
2024-05-12,B073496Y7S,boAt Rockerz Wireless Bluetooth Earbuds,2990.0,2392.0,20,3.9,15339,5180,665,0,1,53,53,1,97
2024-05-13,B07X9Y3Q4S,Mi Power Bank 10000mAh,1299.0,1039.2,20,4.1,10074,6397,768,0,0,200,101,0,101
2024-05-14,B073496Y7S,boAt Rockerz Wireless Bluetooth Earbuds,2990.0,2093.0,30,4.5,7482,6456,889,0,0,207,124,0,124
2024-05-15,B09V4D4N5T,Samsung Galaxy M13 Smartphone,13999.0,9799.3,30,4.3,14066,7072,518,0,0,205,119,0,119
2024-05-16,B09V4D4N5T,Samsung Galaxy M13 Smartphone,13999.0,9799.3,30,4.1,8398,14176,1840,0,0,189,166,0,166
2024-05-17,B08N5WRWNW,Noise ColorFit Smartwatch,4999.0,3999.2,20,4.0,15849,5798,897,0,0,176,91,0,91
2024-05-18,B07HGH8D2R,HP Wireless Mouse,799.0,639.2,20,4.2,11822,8894,1810,0,1,82,82,1,118
2024-05-19,B07X9Y3Q4S,Mi Power Bank 10000mAh,1299.0,1039.2,20,4.0,7473,10778,1082,0,1,88,88,1,118
2024-05-20,B08N5WRWNW,Noise ColorFit Smartwatch,4999.0,3999.2,20,3.8,6937,10163,1071,0,0,230,116,0,116
2024-05-21,B07HGH8D2R,HP Wireless Mouse,799.0,639.2,20,4.5,9059,9714,1119,0,0,67,67,1,107
2024-05-22,B08N5WRWNW,Noise ColorFit Smartwatch,4999.0,3499.3,30,4.0,15948,12569,1529,0,0,266,153,0,153
2024-05-23,B07X9Y3Q4S,Mi Power Bank 10000mAh,1299.0,779.4,40,4.3,13787,13399,1911,0,0,296,167,0,167
2024-05-24,B07X9Y3Q4S,Mi Power Bank 10000mAh,1299.0,649.5,50,4.1,9333,10903,1278,0,0,91,91,1,178
2024-05-25,B073496Y7S,boAt Rockerz Wireless Bluetooth Earbuds,2990.0,2093.0,30,4.3,6754,4847,612,0,1,125,114,0,114
2024-05-26,B09V4D4N5T,Samsung Galaxy M13 Smartphone,13999.0,9799.3,30,4.1,9504,11519,1760,0,1,93,93,1,139
2024-05-27,B08N5WRWNW,Noise ColorFit Smartwatch,4999.0,2999.4,40,3.9,13318,10380,1548,0,0,275,146,0,146
2024-05-28,B07X9Y3Q4S,Mi Power Bank 10000mAh,1299.0,779.4,40,4.5,10331,12844,1971,0,0,205,171,0,171
2024-05-29,B08N5WRWNW,Noise ColorFit Smartwatch,4999.0,2499.5,50,3.9,15517,4463,740,0,0,69,69,1,128
2024-05-30,B073496Y7S,boAt Rockerz Wireless Bluetooth Earbuds,2990.0,1794.0,40,4.0,12992,6950,797,0,0,195,128,0,128
2024-05-31,B08N5WRWNW,Noise ColorFit Smartwatch,4999.0,3999.2,20,4.2,11234,6734,571,0,0,171,97,0,97
2024-06-01,B09V4D4N5T,Samsung Galaxy M13 Smartphone,13999.0,9799.3,30,3.9,7015,5699,875,0,1,123,111,0,111
2024-06-02,B08N5WRWNW,Noise ColorFit Smartwatch,4999.0,3999.2,20,4.1,15671,6585,899,0,1,89,89,1,106
2024-06-03,B07HGH8D2R,HP Wireless Mouse,799.0,639.2,20,4.1,12112,6550,960,0,0,76,76,1,101
2024-06-04,B09V4D4N5T,Samsung Galaxy M13 Smartphone,13999.0,9799.3,30,4.3,11486,10034,1687,0,0,168,138,0,138
2024-06-05,B07HGH8D2R,HP Wireless Mouse,799.0,639.2,20,4.4,15584,5315,720,0,0,161,103,0,103
2024-06-06,B09V4D4N5T,Samsung Galaxy M13 Smartphone,13999.0,11199.2,20,3.9,12948,14068,1858,0,0,74,74,1,141
2024-06-07,B09V4D4N5T,Samsung Galaxy M13 Smartphone,13999.0,9799.3,30,4.2,6846,14006,1488,0,0,123,123,1,165
2024-06-08,B073496Y7S,boAt Rockerz Wireless Bluetooth Earbuds,2990.0,2392.0,20,4.5,7742,7694,989,0,1,217,118,0,118
2024-06-09,B07X9Y3Q4S,Mi Power Bank 10000mAh,1299.0,649.5,50,4.3,10857,12137,1661,0,1,367,191,0,191
2024-06-10,B07HGH8D2R,HP Wireless Mouse,799.0,559.3,30,4.0,11580,10355,1386,0,0,201,145,0,145
2024-06-11,B08N5WRWNW,Noise ColorFit Smartwatch,4999.0,2999.4,40,3.9,13134,12186,1819,0,0,272,156,0,156
2024-06-12,B09V4D4N5T,Samsung Galaxy M13 Smartphone,13999.0,11199.2,20,4.4,8813,12121,1461,0,0,229,129,0,129
2024-06-13,B09V4D4N5T,Samsung Galaxy M13 Smartphone,13999.0,8399.4,40,4.0,15222,5589,797,0,0,173,138,0,138
2024-06-14,B08N5WRWNW,Noise ColorFit Smartwatch,4999.0,3999.2,20,4.3,7850,7889,684,0,0,70,70,1,119
2024-06-15,B073496Y7S,boAt Rockerz Wireless Bluetooth Earbuds,2990.0,2093.0,30,3.8,10402,8588,1287,0,1,122,117,0,117
2024-06-16,B07X9Y3Q4S,Mi Power Bank 10000mAh,1299.0,909.3,30,3.9,8005,11720,1068,0,1,158,150,0,150
2024-06-17,B07HGH8D2R,HP Wireless Mouse,799.0,639.2,20,4.1,9268,11519,1345,0,0,214,146,0,146
2024-06-18,B08N5WRWNW,Noise ColorFit Smartwatch,4999.0,2499.5,50,4.1,12737,14589,1977,0,0,314,197,0,197
2024-06-19,B073496Y7S,boAt Rockerz Wireless Bluetooth Earbuds,2990.0,1794.0,40,4.2,14991,5773,1162,0,0,209,132,0,132
2024-06-20,B07X9Y3Q4S,Mi Power Bank 10000mAh,1299.0,649.5,50,4.0,12482,15363,1985,0,0,179,179,1,186
2024-06-21,B07HGH8D2R,HP Wireless Mouse,799.0,639.2,20,3.9,12286,16037,1924,0,0,128,128,1,170
2024-06-22,B08N5WRWNW,Noise ColorFit Smartwatch,4999.0,3999.2,20,4.4,13612,8677,1115,0,1,139,115,0,115
2024-06-23,B07HGH8D2R,HP Wireless Mouse,799.0,399.5,50,4.2,6942,12938,1932,0,1,314,192,0,192
2024-06-24,B073496Y7S,boAt Rockerz Wireless Bluetooth Earbuds,2990.0,2392.0,20,4.1,14374,10674,1065,0,0,191,130,0,130
2024-06-25,B08N5WRWNW,Noise ColorFit Smartwatch,4999.0,3499.3,30,4.0,15666,12816,1849,0,0,259,162,0,162
2024-06-26,B073496Y7S,boAt Rockerz Wireless Bluetooth Earbuds,2990.0,2093.0,30,3.9,12220,14117,1887,0,0,325,167,0,167
2024-06-27,B07X9Y3Q4S,Mi Power Bank 10000mAh,1299.0,779.4,40,4.2,15473,6828,687,0,0,115,115,1,128
2024-06-28,B07HGH8D2R,HP Wireless Mouse,799.0,479.4,40,4.0,10671,16695,1723,0,0,167,167,1,182
2024-06-29,B09V4D4N5T,Samsung Galaxy M13 Smartphone,13999.0,8399.4,40,4.3,9434,8862,934,0,1,274,138,0,138
2024-06-30,B07X9Y3Q4S,Mi Power Bank 10000mAh,1299.0,909.3,30,4.4,9295,8408,926,0,1,232,126,0,126
2024-07-01,B09V4D4N5T,Samsung Galaxy M13 Smartphone,13999.0,8399.4,40,4.4,8107,4786,551,0,0,63,63,1,114
2024-07-02,B07X9Y3Q4S,Mi Power Bank 10000mAh,1299.0,649.5,50,4.5,14477,8494,1151,0,0,293,172,0,172
2024-07-03,B073496Y7S,boAt Rockerz Wireless Bluetooth Earbuds,2990.0,1495.0,50,4.4,10284,5804,615,0,0,119,119,1,143
2024-07-04,B08N5WRWNW,Noise ColorFit Smartwatch,4999.0,3499.3,30,4.5,14032,8658,928,0,0,212,121,0,121
2024-07-05,B07HGH8D2R,HP Wireless Mouse,799.0,639.2,20,4.2,9034,11140,1297,0,0,278,142,0,142
2024-07-06,B09V4D4N5T,Samsung Galaxy M13 Smartphone,13999.0,9799.3,30,3.9,7602,7005,857,0,1,221,112,0,112
2024-07-07,B073496Y7S,boAt Rockerz Wireless Bluetooth Earbuds,2990.0,1495.0,50,4.3,7851,5893,829,0,1,203,158,0,158
2024-07-08,B08N5WRWNW,Noise ColorFit Smartwatch,4999.0,3499.3,30,4.0,9222,11265,1448,0,0,72,72,1,138
2024-07-09,B073496Y7S,boAt Rockerz Wireless Bluetooth Earbuds,2990.0,2392.0,20,4.1,11051,12063,1419,0,0,194,144,0,144
2024-07-10,B07X9Y3Q4S,Mi Power Bank 10000mAh,1299.0,909.3,30,4.4,11943,11108,1007,0,0,76,76,1,147
2024-07-11,B07HGH8D2R,HP Wireless Mouse,799.0,639.2,20,4.5,14782,12191,1562,0,0,224,135,0,135
2024-07-12,B07X9Y3Q4S,Mi Power Bank 10000mAh,1299.0,779.4,40,4.4,7366,6400,754,0,0,105,105,1,125
2024-07-13,B07X9Y3Q4S,Mi Power Bank 10000mAh,1299.0,909.3,30,4.2,12153,4913,532,0,1,165,96,0,96
2024-07-14,B07X9Y3Q4S,Mi Power Bank 10000mAh,1299.0,1039.2,20,4.4,15715,13787,1684,0,1,200,169,0,169
2024-07-15,B09V4D4N5T,Samsung Galaxy M13 Smartphone,13999.0,11199.2,20,4.2,16581,7692,921,0,0,147,107,0,107
2024-07-16,B08N5WRWNW,Noise ColorFit Smartwatch,4999.0,3499.3,30,3.9,13434,3807,521,0,0,138,109,0,109
2024-07-17,B07X9Y3Q4S,Mi Power Bank 10000mAh,1299.0,649.5,50,4.2,16316,6024,723,0,0,248,145,0,145
2024-07-18,B073496Y7S,boAt Rockerz Wireless Bluetooth Earbuds,2990.0,2392.0,20,4.4,14312,11925,1226,0,0,102,102,1,129
2024-07-19,B08N5WRWNW,Noise ColorFit Smartwatch,4999.0,3999.2,20,4.1,12201,12622,1862,0,0,277,143,0,143
2024-07-20,B07X9Y3Q4S,Mi Power Bank 10000mAh,1299.0,1039.2,20,4.1,7286,12105,1872,0,1,240,133,0,133
2024-07-21,B09V4D4N5T,Samsung Galaxy M13 Smartphone,13999.0,11199.2,20,3.8,14723,13336,1539,0,1,77,77,1,138
2024-07-22,B09V4D4N5T,Samsung Galaxy M13 Smartphone,13999.0,11199.2,20,3.9,13174,4480,514,0,0,46,46,1,93
2024-07-23,B08N5WRWNW,Noise ColorFit Smartwatch,4999.0,2499.5,50,4.4,9706,11065,1892,0,0,169,162,0,162
2024-07-24,B073496Y7S,boAt Rockerz Wireless Bluetooth Earbuds,2990.0,1794.0,40,4.3,10627,11321,1436,0,0,229,169,0,169
2024-07-25,B07X9Y3Q4S,Mi Power Bank 10000mAh,1299.0,1039.2,20,4.3,8939,9371,1579,0,0,190,108,0,108
2024-07-26,B09V4D4N5T,Samsung Galaxy M13 Smartphone,13999.0,9799.3,30,3.8,11805,8215,822,0,0,151,117,0,117
2024-07-27,B07HGH8D2R,HP Wireless Mouse,799.0,639.2,20,3.9,7860,10712,1349,0,1,270,138,0,138
2024-07-28,B07HGH8D2R,HP Wireless Mouse,799.0,559.3,30,4.4,7216,9911,1472,0,1,127,127,1,150
2024-07-29,B08N5WRWNW,Noise ColorFit Smartwatch,4999.0,2999.4,40,4.4,16368,8299,732,0,0,191,147,0,147
2024-07-30,B07X9Y3Q4S,Mi Power Bank 10000mAh,1299.0,1039.2,20,4.3,12707,8692,1198,0,0,238,124,0,124
2024-07-31,B07HGH8D2R,HP Wireless Mouse,799.0,559.3,30,3.9,12333,14462,1691,0,0,207,165,0,165
2024-08-01,B09V4D4N5T,Samsung Galaxy M13 Smartphone,13999.0,6999.5,50,3.9,11273,8491,1184,0,0,102,102,1,155
2024-08-02,B07HGH8D2R,HP Wireless Mouse,799.0,399.5,50,3.9,11495,10750,1126,0,0,246,178,0,178
2024-08-03,B07HGH8D2R,HP Wireless Mouse,799.0,559.3,30,4.2,10036,6614,812,0,1,168,108,0,108
2024-08-04,B07X9Y3Q4S,Mi Power Bank 10000mAh,1299.0,1039.2,20,4.3,9130,5694,846,0,1,161,106,0,106
2024-08-05,B073496Y7S,boAt Rockerz Wireless Bluetooth Earbuds,2990.0,1794.0,40,4.3,8905,10627,1700,0,0,131,131,1,149
2024-08-06,B08N5WRWNW,Noise ColorFit Smartwatch,4999.0,3499.3,30,4.4,13913,6581,1049,0,0,204,126,0,126
2024-08-07,B08N5WRWNW,Noise ColorFit Smartwatch,4999.0,2499.5,50,3.9,8130,8616,1748,0,0,159,145,0,145
2024-08-08,B07HGH8D2R,HP Wireless Mouse,799.0,639.2,20,4.2,11003,9285,928,0,0,155,135,0,135
2024-08-09,B08N5WRWNW,Noise ColorFit Smartwatch,4999.0,3499.3,30,4.4,13950,8907,1027,0,0,224,126,0,126
2024-08-10,B09V4D4N5T,Samsung Galaxy M13 Smartphone,13999.0,8399.4,40,4.1,15297,5792,544,0,1,133,128,0,128
2024-08-11,B073496Y7S,boAt Rockerz Wireless Bluetooth Earbuds,2990.0,2392.0,20,3.9,7765,12317,1533,0,1,192,136,0,136
2024-08-12,B073496Y7S,boAt Rockerz Wireless Bluetooth Earbuds,2990.0,2093.0,30,4.1,7958,9574,1120,0,0,83,83,1,136
2024-08-13,B07X9Y3Q4S,Mi Power Bank 10000mAh,1299.0,909.3,30,4.3,10102,9888,1287,0,0,241,144,0,144
2024-08-14,B07HGH8D2R,HP Wireless Mouse,799.0,479.4,40,4.0,6839,4758,690,0,0,176,120,0,120
2024-08-15,B07X9Y3Q4S,Mi Power Bank 10000mAh,1299.0,1039.2,20,3.9,16155,6140,875,0,0,104,104,1,107
2024-08-16,B08N5WRWNW,Noise ColorFit Smartwatch,4999.0,3499.3,30,4.5,16609,9812,1674,0,0,264,136,0,136
2024-08-17,B073496Y7S,boAt Rockerz Wireless Bluetooth Earbuds,2990.0,2392.0,20,4.0,11370,14055,1653,0,1,138,138,1,139
2024-08-18,B07X9Y3Q4S,Mi Power Bank 10000mAh,1299.0,1039.2,20,4.1,9718,10402,1351,0,1,124,124,1,132
2024-08-19,B09V4D4N5T,Samsung Galaxy M13 Smartphone,13999.0,11199.2,20,3.9,11027,9311,883,0,0,91,91,1,115
2024-08-20,B073496Y7S,boAt Rockerz Wireless Bluetooth Earbuds,2990.0,2093.0,30,4.2,7958,5643,610,0,0,132,122,0,122
2024-08-21,B08N5WRWNW,Noise ColorFit Smartwatch,4999.0,3999.2,20,4.4,8371,10785,1796,0,0,104,104,1,138
2024-08-22,B073496Y7S,boAt Rockerz Wireless Bluetooth Earbuds,2990.0,1495.0,50,3.9,8978,6369,784,0,0,151,142,0,142
2024-08-23,B07X9Y3Q4S,Mi Power Bank 10000mAh,1299.0,909.3,30,3.9,16299,8546,1398,0,0,126,126,1,137
2024-08-24,B07X9Y3Q4S,Mi Power Bank 10000mAh,1299.0,649.5,50,4.0,11981,13098,1850,0,1,241,170,0,170
2024-08-25,B09V4D4N5T,Samsung Galaxy M13 Smartphone,13999.0,9799.3,30,4.2,13186,10383,1115,0,1,247,152,0,152
2024-08-26,B073496Y7S,boAt Rockerz Wireless Bluetooth Earbuds,2990.0,1794.0,40,4.3,15690,9641,1074,0,0,261,150,0,150
2024-08-27,B073496Y7S,boAt Rockerz Wireless Bluetooth Earbuds,2990.0,2093.0,30,4.4,12958,7534,871,0,0,125,125,1,131
2024-08-28,B073496Y7S,boAt Rockerz Wireless Bluetooth Earbuds,2990.0,2392.0,20,3.9,12784,12306,1573,0,0,151,146,0,146
2024-08-29,B07X9Y3Q4S,Mi Power Bank 10000mAh,1299.0,909.3,30,4.2,14761,7189,886,0,0,160,131,0,131
2024-08-30,B07HGH8D2R,HP Wireless Mouse,799.0,639.2,20,3.8,13745,7430,1524,0,0,128,102,0,102
2024-08-31,B073496Y7S,boAt Rockerz Wireless Bluetooth Earbuds,2990.0,2392.0,20,3.9,8814,9693,1264,0,1,117,117,1,124
2024-09-01,B07HGH8D2R,HP Wireless Mouse,799.0,559.3,30,4.1,7872,8634,790,0,1,184,126,0,126
2024-09-02,B073496Y7S,boAt Rockerz Wireless Bluetooth Earbuds,2990.0,2392.0,20,4.0,9380,7230,629,0,0,126,116,0,116
2024-09-03,B07HGH8D2R,HP Wireless Mouse,799.0,399.5,50,4.0,16761,10813,1208,0,0,84,84,1,153
2024-09-04,B07X9Y3Q4S,Mi Power Bank 10000mAh,1299.0,649.5,50,4.4,14281,7727,1173,0,0,148,148,1,157
2024-09-05,B073496Y7S,boAt Rockerz Wireless Bluetooth Earbuds,2990.0,2392.0,20,4.3,14138,12781,1783,0,0,244,149,0,149
2024-09-06,B07X9Y3Q4S,Mi Power Bank 10000mAh,1299.0,909.3,30,4.3,7970,12710,1962,0,0,190,155,0,155
2024-09-07,B08N5WRWNW,Noise ColorFit Smartwatch,4999.0,3999.2,20,4.2,9586,10321,1472,0,1,101,101,1,127
2024-09-08,B07HGH8D2R,HP Wireless Mouse,799.0,559.3,30,4.4,7766,10679,1705,0,1,141,141,1,142
2024-09-09,B08N5WRWNW,Noise ColorFit Smartwatch,4999.0,2499.5,50,4.3,11416,9496,692,0,0,132,132,1,162
2024-09-10,B08N5WRWNW,Noise ColorFit Smartwatch,4999.0,3999.2,20,4.3,9422,14687,1954,0,0,277,158,0,158
2024-09-11,B07X9Y3Q4S,Mi Power Bank 10000mAh,1299.0,909.3,30,3.8,14852,7637,1110,0,0,77,77,1,112
2024-09-12,B07X9Y3Q4S,Mi Power Bank 10000mAh,1299.0,649.5,50,4.1,13428,7115,1053,0,0,199,156,0,156
2024-09-13,B073496Y7S,boAt Rockerz Wireless Bluetooth Earbuds,2990.0,2392.0,20,4.3,8093,15657,1633,0,0,195,155,0,155
2024-09-14,B07X9Y3Q4S,Mi Power Bank 10000mAh,1299.0,1039.2,20,3.8,8782,13571,1396,0,1,94,94,1,158
2024-09-15,B09V4D4N5T,Samsung Galaxy M13 Smartphone,13999.0,9799.3,30,4.1,13550,10537,1347,0,1,143,141,0,141
2024-09-16,B07X9Y3Q4S,Mi Power Bank 10000mAh,1299.0,1039.2,20,4.4,10334,8654,1192,0,0,155,120,0,120
2024-09-17,B07X9Y3Q4S,Mi Power Bank 10000mAh,1299.0,779.4,40,3.9,7979,8558,984,0,0,107,107,1,152
2024-09-18,B073496Y7S,boAt Rockerz Wireless Bluetooth Earbuds,2990.0,2093.0,30,3.9,10007,12879,1721,0,0,228,150,0,150
2024-09-19,B07HGH8D2R,HP Wireless Mouse,799.0,399.5,50,4.5,13818,10357,1620,0,0,138,138,1,169
2024-09-20,B07X9Y3Q4S,Mi Power Bank 10000mAh,1299.0,649.5,50,3.9,8474,14055,1347,0,0,117,117,1,166
2024-09-21,B07X9Y3Q4S,Mi Power Bank 10000mAh,1299.0,1039.2,20,3.9,9615,10287,1082,0,1,83,83,1,107
2024-09-22,B08N5WRWNW,Noise ColorFit Smartwatch,4999.0,2499.5,50,4.4,10534,8189,769,0,1,231,148,0,148
2024-09-23,B09V4D4N5T,Samsung Galaxy M13 Smartphone,13999.0,6999.5,50,4.0,10971,49199,7801,1,0,302,302,1,494
2024-09-24,B073496Y7S,boAt Rockerz Wireless Bluetooth Earbuds,2990.0,1495.0,50,4.3,7179,39137,7840,1,0,509,436,0,436
2024-09-25,B08N5WRWNW,Noise ColorFit Smartwatch,4999.0,1749.65,65,4.0,14281,29500,4494,1,0,273,273,1,400
2024-09-26,B073496Y7S,boAt Rockerz Wireless Bluetooth Earbuds,2990.0,1196.0,60,4.0,10139,30522,6136,1,0,427,398,0,398
2024-09-27,B073496Y7S,boAt Rockerz Wireless Bluetooth Earbuds,2990.0,1794.0,40,4.1,16438,31059,5720,1,0,299,299,1,366
2024-09-28,B08N5WRWNW,Noise ColorFit Smartwatch,4999.0,1499.7,70,3.9,8646,20667,3364,1,1,445,345,0,345
2024-09-29,B08N5WRWNW,Noise ColorFit Smartwatch,4999.0,2999.4,40,4.4,8463,28639,4120,1,1,313,313,1,364
2024-09-30,B08N5WRWNW,Noise ColorFit Smartwatch,4999.0,2499.5,50,4.2,11568,30026,5276,1,0,730,387,0,387
2024-10-01,B073496Y7S,boAt Rockerz Wireless Bluetooth Earbuds,2990.0,1196.0,60,4.0,13398,45041,7599,1,0,512,481,0,481
2024-10-02,B09V4D4N5T,Samsung Galaxy M13 Smartphone,13999.0,5599.6,60,4.4,15754,52737,7994,1,0,901,544,0,544
2024-10-03,B09V4D4N5T,Samsung Galaxy M13 Smartphone,13999.0,4899.65,65,4.4,16267,47064,7237,1,0,450,450,1,502
2024-10-04,B07HGH8D2R,HP Wireless Mouse,799.0,399.5,50,4.2,11169,46976,7455,1,0,435,435,1,474
2024-10-05,B073496Y7S,boAt Rockerz Wireless Bluetooth Earbuds,2990.0,1196.0,60,4.1,12623,39414,5010,1,1,684,453,0,453
2024-10-06,B08N5WRWNW,Noise ColorFit Smartwatch,4999.0,2499.5,50,4.1,16287,41878,6825,1,1,514,466,0,466
2024-10-07,B07HGH8D2R,HP Wireless Mouse,799.0,399.5,50,3.8,8536,35326,4793,1,0,413,413,1,419
2024-10-08,B073496Y7S,boAt Rockerz Wireless Bluetooth Earbuds,2990.0,1046.5,65,4.2,8237,55494,7818,1,0,892,562,0,562
2024-10-09,B07X9Y3Q4S,Mi Power Bank 10000mAh,1299.0,649.5,50,4.3,12194,28018,3996,1,0,206,206,1,379
2024-10-10,B09V4D4N5T,Samsung Galaxy M13 Smartphone,13999.0,4899.65,65,4.2,10066,44832,7190,1,0,867,498,0,498
2024-10-11,B07HGH8D2R,HP Wireless Mouse,799.0,319.6,60,4.4,13613,12710,2142,1,0,214,214,1,292
2024-10-12,B07HGH8D2R,HP Wireless Mouse,799.0,399.5,50,4.2,13035,32169,7273,1,1,671,401,0,401
2024-10-13,B07HGH8D2R,HP Wireless Mouse,799.0,399.5,50,4.5,10676,48552,7925,1,1,797,505,0,505
2024-10-14,B073496Y7S,boAt Rockerz Wireless Bluetooth Earbuds,2990.0,1046.5,65,3.9,16110,37045,5005,1,0,624,457,0,457
2024-10-15,B08N5WRWNW,Noise ColorFit Smartwatch,4999.0,2499.5,50,4.2,10162,31918,4897,1,0,214,214,1,406
2024-10-16,B073496Y7S,boAt Rockerz Wireless Bluetooth Earbuds,2990.0,1794.0,40,3.9,11694,8914,806,0,0,77,77,1,140
2024-10-17,B08N5WRWNW,Noise ColorFit Smartwatch,4999.0,3999.2,20,4.2,8510,8241,968,0,0,103,103,1,137
2024-10-18,B07HGH8D2R,HP Wireless Mouse,799.0,639.2,20,4.2,15911,14108,1961,0,0,234,137,0,137
2024-10-19,B09V4D4N5T,Samsung Galaxy M13 Smartphone,13999.0,6999.5,50,4.2,12384,12738,1769,0,1,136,136,1,186
2024-10-20,B08N5WRWNW,Noise ColorFit Smartwatch,4999.0,2499.5,50,3.8,8654,11712,1574,0,1,336,179,0,179
2024-10-21,B07HGH8D2R,HP Wireless Mouse,799.0,639.2,20,4.1,15969,16261,1966,0,0,133,133,1,155
2024-10-22,B09V4D4N5T,Samsung Galaxy M13 Smartphone,13999.0,8399.4,40,4.0,9310,6909,609,0,0,140,132,0,132
2024-10-23,B08N5WRWNW,Noise ColorFit Smartwatch,4999.0,3499.3,30,4.1,15517,7463,976,0,0,91,91,1,118
2024-10-24,B07HGH8D2R,HP Wireless Mouse,799.0,639.2,20,3.9,9262,11665,1749,0,0,183,148,0,148
2024-10-25,B07HGH8D2R,HP Wireless Mouse,799.0,479.4,40,4.0,15523,7719,935,0,0,260,151,0,151
2024-10-26,B08N5WRWNW,Noise ColorFit Smartwatch,4999.0,2999.4,40,4.2,12712,10961,1565,0,1,128,128,1,150
2024-10-27,B073496Y7S,boAt Rockerz Wireless Bluetooth Earbuds,2990.0,2392.0,20,4.1,8922,7617,556,0,1,210,107,0,107
2024-10-28,B07HGH8D2R,HP Wireless Mouse,799.0,639.2,20,4.0,9661,10312,1390,0,0,64,64,1,127
2024-10-29,B07HGH8D2R,HP Wireless Mouse,799.0,639.2,20,4.4,13160,11828,1674,0,0,144,144,0,144
2024-10-30,B07HGH8D2R,HP Wireless Mouse,799.0,559.3,30,3.9,9896,9635,1692,0,0,72,72,1,133
2024-10-31,B09V4D4N5T,Samsung Galaxy M13 Smartphone,13999.0,9799.3,30,4.0,10830,9613,1209,0,0,179,145,0,145
2024-11-01,B08N5WRWNW,Noise ColorFit Smartwatch,4999.0,1499.7,70,4.5,12982,33907,7356,1,0,850,432,0,432
2024-11-02,B07HGH8D2R,HP Wireless Mouse,799.0,239.7,70,4.4,13977,33574,6969,1,1,818,435,0,435
2024-11-03,B07HGH8D2R,HP Wireless Mouse,799.0,399.5,50,3.8,14704,27613,4571,1,1,383,374,0,374
2024-11-04,B08N5WRWNW,Noise ColorFit Smartwatch,4999.0,1499.7,70,4.3,9684,24066,3388,1,0,259,259,1,370
2024-11-05,B08N5WRWNW,Noise ColorFit Smartwatch,4999.0,2499.5,50,4.2,8245,39765,5172,1,0,399,399,1,436
2024-11-06,B07X9Y3Q4S,Mi Power Bank 10000mAh,1299.0,649.5,50,4.5,11010,47072,6943,1,0,452,452,1,477
2024-11-07,B09V4D4N5T,Samsung Galaxy M13 Smartphone,13999.0,6999.5,50,4.2,7600,17666,3332,1,0,256,256,1,304
2024-11-08,B09V4D4N5T,Samsung Galaxy M13 Smartphone,13999.0,6999.5,50,3.9,15656,40121,7326,1,0,803,432,0,432
2024-11-09,B09V4D4N5T,Samsung Galaxy M13 Smartphone,13999.0,6999.5,50,4.1,14368,28286,4911,1,1,282,282,1,387
2024-11-10,B073496Y7S,boAt Rockerz Wireless Bluetooth Earbuds,2990.0,1495.0,50,4.4,15661,43921,7064,1,1,798,476,0,476
2024-11-11,B07X9Y3Q4S,Mi Power Bank 10000mAh,1299.0,649.5,50,4.4,11824,31373,5151,1,0,673,393,0,393
2024-11-12,B09V4D4N5T,Samsung Galaxy M13 Smartphone,13999.0,6999.5,50,4.3,14040,51207,7233,1,0,895,521,0,521
2024-11-13,B073496Y7S,boAt Rockerz Wireless Bluetooth Earbuds,2990.0,1794.0,40,3.8,13897,44064,5934,1,0,432,432,1,453
2024-11-14,B09V4D4N5T,Samsung Galaxy M13 Smartphone,13999.0,6999.5,50,4.1,10106,28259,4084,1,0,235,235,1,382
2024-11-15,B08N5WRWNW,Noise ColorFit Smartwatch,4999.0,2999.4,40,4.2,15262,15716,2364,1,0,174,174,1,282
2024-11-16,B08N5WRWNW,Noise ColorFit Smartwatch,4999.0,3999.2,20,4.5,11192,9710,1820,0,1,182,122,0,122
2024-11-17,B08N5WRWNW,Noise ColorFit Smartwatch,4999.0,3999.2,20,4.0,9796,11922,1928,0,1,98,98,1,138
2024-11-18,B07HGH8D2R,HP Wireless Mouse,799.0,639.2,20,3.8,10190,9328,1196,0,0,100,100,1,122
2024-11-19,B07X9Y3Q4S,Mi Power Bank 10000mAh,1299.0,1039.2,20,4.3,12175,10947,1108,0,0,69,69,1,121
2024-11-20,B073496Y7S,boAt Rockerz Wireless Bluetooth Earbuds,2990.0,1794.0,40,4.0,15350,6920,626,0,0,290,152,0,152
2024-11-21,B09V4D4N5T,Samsung Galaxy M13 Smartphone,13999.0,9799.3,30,4.0,15417,9092,1131,0,0,189,124,0,124
2024-11-22,B073496Y7S,boAt Rockerz Wireless Bluetooth Earbuds,2990.0,1495.0,50,3.8,11445,11827,1750,0,0,233,162,0,162
2024-11-23,B07HGH8D2R,HP Wireless Mouse,799.0,559.3,30,4.0,12631,7247,1183,0,1,149,127,0,127
2024-11-24,B073496Y7S,boAt Rockerz Wireless Bluetooth Earbuds,2990.0,2392.0,20,4.4,13433,5988,1003,0,1,86,86,1,91
2024-11-25,B08N5WRWNW,Noise ColorFit Smartwatch,4999.0,2499.5,50,4.4,11460,9651,1442,0,0,331,173,0,173
2024-11-26,B07X9Y3Q4S,Mi Power Bank 10000mAh,1299.0,1039.2,20,4.4,13652,8859,928,0,0,261,131,0,131
2024-11-27,B09V4D4N5T,Samsung Galaxy M13 Smartphone,13999.0,8399.4,40,3.8,9331,6334,806,0,0,74,74,1,127
2024-11-28,B08N5WRWNW,Noise ColorFit Smartwatch,4999.0,3999.2,20,4.3,12489,7045,708,0,0,63,63,1,111
2024-11-29,B09V4D4N5T,Samsung Galaxy M13 Smartphone,13999.0,9799.3,30,4.4,8843,8602,1294,0,0,171,127,0,127
2024-11-30,B073496Y7S,boAt Rockerz Wireless Bluetooth Earbuds,2990.0,2392.0,20,3.9,12150,5500,602,0,1,162,102,0,102
2024-12-01,B07X9Y3Q4S,Mi Power Bank 10000mAh,1299.0,779.4,40,4.3,8088,14468,1605,0,1,128,128,1,182
2024-12-02,B07X9Y3Q4S,Mi Power Bank 10000mAh,1299.0,1039.2,20,4.4,14470,11903,1778,0,0,205,146,0,146
2024-12-03,B09V4D4N5T,Samsung Galaxy M13 Smartphone,13999.0,9799.3,30,4.4,10589,11505,1727,0,0,218,142,0,142
2024-12-04,B07HGH8D2R,HP Wireless Mouse,799.0,639.2,20,3.8,7196,6343,716,0,0,148,109,0,109
2024-12-05,B09V4D4N5T,Samsung Galaxy M13 Smartphone,13999.0,6999.5,50,4.3,16685,9791,879,0,0,189,165,0,165
2024-12-06,B08N5WRWNW,Noise ColorFit Smartwatch,4999.0,2999.4,40,4.1,8617,12150,1775,0,0,206,176,0,176
2024-12-07,B08N5WRWNW,Noise ColorFit Smartwatch,4999.0,3999.2,20,4.2,10368,8084,917,0,1,216,114,0,114
2024-12-08,B07X9Y3Q4S,Mi Power Bank 10000mAh,1299.0,649.5,50,4.3,7629,6185,831,0,1,82,82,1,152
2024-12-09,B07HGH8D2R,HP Wireless Mouse,799.0,559.3,30,3.9,14522,9900,1099,0,0,207,142,0,142
2024-12-10,B07X9Y3Q4S,Mi Power Bank 10000mAh,1299.0,909.3,30,3.9,10684,5726,651,0,0,126,118,0,118
2024-12-11,B073496Y7S,boAt Rockerz Wireless Bluetooth Earbuds,2990.0,2392.0,20,4.3,16824,13079,1579,0,0,214,149,0,149
2024-12-12,B07X9Y3Q4S,Mi Power Bank 10000mAh,1299.0,909.3,30,3.9,12493,8861,854,0,0,139,127,0,127
2024-12-13,B09V4D4N5T,Samsung Galaxy M13 Smartphone,13999.0,11199.2,20,3.9,9717,10171,1890,0,0,129,122,0,122
2024-12-14,B09V4D4N5T,Samsung Galaxy M13 Smartphone,13999.0,8399.4,40,3.8,15823,11988,1791,0,1,168,145,0,145
2024-12-15,B073496Y7S,boAt Rockerz Wireless Bluetooth Earbuds,2990.0,1794.0,40,4.2,7314,7401,758,0,1,255,144,0,144
2024-12-16,B08N5WRWNW,Noise ColorFit Smartwatch,4999.0,3499.3,30,4.2,9735,11726,1760,0,0,145,145,1,152
2024-12-17,B073496Y7S,boAt Rockerz Wireless Bluetooth Earbuds,2990.0,2392.0,20,4.3,9933,8950,963,0,0,129,120,0,120
2024-12-18,B07HGH8D2R,HP Wireless Mouse,799.0,639.2,20,4.2,8340,10518,1141,0,0,146,116,0,116
2024-12-19,B09V4D4N5T,Samsung Galaxy M13 Smartphone,13999.0,11199.2,20,4.1,15394,10203,1575,0,0,227,124,0,124
2024-12-20,B07HGH8D2R,HP Wireless Mouse,799.0,479.4,40,4.1,16180,10215,1149,0,0,251,152,0,152
2024-12-21,B09V4D4N5T,Samsung Galaxy M13 Smartphone,13999.0,8399.4,40,3.9,7981,13084,1881,0,1,182,182,1,183
2024-12-22,B07HGH8D2R,HP Wireless Mouse,799.0,639.2,20,4.3,11096,15766,1837,0,1,210,166,0,166
2024-12-23,B08N5WRWNW,Noise ColorFit Smartwatch,4999.0,2999.4,40,3.9,9666,10905,970,0,0,173,158,0,158
2024-12-24,B07X9Y3Q4S,Mi Power Bank 10000mAh,1299.0,779.4,40,4.0,11901,9390,1517,0,0,201,152,0,152
2024-12-25,B07X9Y3Q4S,Mi Power Bank 10000mAh,1299.0,779.4,40,4.2,13412,12341,1965,0,0,277,170,0,170
2024-12-26,B07X9Y3Q4S,Mi Power Bank 10000mAh,1299.0,909.3,30,4.0,10119,6474,780,0,0,112,112,1,125
2024-12-27,B08N5WRWNW,Noise ColorFit Smartwatch,4999.0,2999.4,40,4.3,10185,9423,1469,0,0,238,161,0,161
2024-12-28,B08N5WRWNW,Noise ColorFit Smartwatch,4999.0,3999.2,20,4.1,7229,10399,1337,0,1,196,128,0,128
2024-12-29,B08N5WRWNW,Noise ColorFit Smartwatch,4999.0,3499.3,30,4.3,14581,6229,754,0,1,207,129,0,129
2024-12-30,B073496Y7S,boAt Rockerz Wireless Bluetooth Earbuds,2990.0,2392.0,20,3.9,12145,9857,1024,0,0,205,114,0,114
2024-12-31,B08N5WRWNW,Noise ColorFit Smartwatch,4999.0,3499.3,30,4.4,15376,8514,857,0,0,127,127,1,128
2025-01-01,B07HGH8D2R,HP Wireless Mouse,799.0,639.2,20,4.2,14189,15456,1971,0,0,129,129,1,144
2025-01-02,B08N5WRWNW,Noise ColorFit Smartwatch,4999.0,3999.2,20,4.2,12981,15680,1917,0,0,116,116,1,160
2025-01-03,B073496Y7S,boAt Rockerz Wireless Bluetooth Earbuds,2990.0,1794.0,40,3.8,11706,8384,931,0,0,186,140,0,140
2025-01-04,B073496Y7S,boAt Rockerz Wireless Bluetooth Earbuds,2990.0,2093.0,30,4.0,11900,7497,715,0,1,135,128,0,128
2025-01-05,B07HGH8D2R,HP Wireless Mouse,799.0,559.3,30,3.9,7487,10523,1581,0,1,147,147,1,151
2025-01-06,B07HGH8D2R,HP Wireless Mouse,799.0,559.3,30,3.9,8155,6090,1164,0,0,102,100,0,100
2025-01-07,B08N5WRWNW,Noise ColorFit Smartwatch,4999.0,3999.2,20,4.3,16428,7682,703,0,0,163,123,0,123
2025-01-08,B09V4D4N5T,Samsung Galaxy M13 Smartphone,13999.0,9799.3,30,4.0,13230,7074,616,0,0,116,116,1,125
2025-01-09,B07X9Y3Q4S,Mi Power Bank 10000mAh,1299.0,1039.2,20,4.2,15306,9787,1344,0,0,95,95,1,122
2025-01-10,B09V4D4N5T,Samsung Galaxy M13 Smartphone,13999.0,11199.2,20,3.9,10862,5397,742,0,0,105,82,0,82
2025-01-11,B08N5WRWNW,Noise ColorFit Smartwatch,4999.0,3999.2,20,4.1,9664,9919,1598,0,1,107,107,1,134
2025-01-12,B08N5WRWNW,Noise ColorFit Smartwatch,4999.0,3999.2,20,4.4,11013,6565,506,0,1,182,112,0,112
2025-01-13,B09V4D4N5T,Samsung Galaxy M13 Smartphone,13999.0,9799.3,30,4.3,9052,12886,1551,0,0,131,131,1,152
2025-01-14,B07X9Y3Q4S,Mi Power Bank 10000mAh,1299.0,1039.2,20,3.9,9272,6895,938,0,0,99,98,0,98
2025-01-15,B07X9Y3Q4S,Mi Power Bank 10000mAh,1299.0,779.4,40,4.4,13030,5019,567,0,0,239,125,0,125
2025-01-16,B073496Y7S,boAt Rockerz Wireless Bluetooth Earbuds,2990.0,2392.0,20,4.0,9669,3918,538,0,0,120,97,0,97
2025-01-17,B073496Y7S,boAt Rockerz Wireless Bluetooth Earbuds,2990.0,2392.0,20,4.3,7478,11900,1409,0,0,255,140,0,140
2025-01-18,B08N5WRWNW,Noise ColorFit Smartwatch,4999.0,3999.2,20,4.4,7998,15842,1820,0,1,110,110,1,164
2025-01-19,B09V4D4N5T,Samsung Galaxy M13 Smartphone,13999.0,11199.2,20,4.3,8376,6494,531,0,1,127,119,0,119
2025-01-20,B07HGH8D2R,HP Wireless Mouse,799.0,639.2,20,4.2,11317,8614,599,0,0,212,121,0,121
2025-01-21,B08N5WRWNW,Noise ColorFit Smartwatch,4999.0,3999.2,20,4.1,12813,12421,1695,0,0,86,86,1,147
2025-01-22,B07X9Y3Q4S,Mi Power Bank 10000mAh,1299.0,909.3,30,4.2,15767,5179,601,0,0,151,110,0,110
2025-01-23,B09V4D4N5T,Samsung Galaxy M13 Smartphone,13999.0,11199.2,20,3.9,14524,6933,735,0,0,94,94,1,100
2025-01-24,B073496Y7S,boAt Rockerz Wireless Bluetooth Earbuds,2990.0,2392.0,20,4.3,11936,6881,1041,0,0,82,82,1,107
2025-01-25,B073496Y7S,boAt Rockerz Wireless Bluetooth Earbuds,2990.0,2392.0,20,4.5,11940,14901,1664,0,1,139,139,1,170
2025-01-26,B073496Y7S,boAt Rockerz Wireless Bluetooth Earbuds,2990.0,1794.0,40,3.9,15631,36306,6126,1,1,780,400,0,400
2025-01-27,B08N5WRWNW,Noise ColorFit Smartwatch,4999.0,3999.2,20,4.2,11166,10240,1182,0,0,89,89,1,121
2025-01-28,B07X9Y3Q4S,Mi Power Bank 10000mAh,1299.0,649.5,50,4.1,13543,12036,1931,0,0,294,182,0,182
2025-01-29,B073496Y7S,boAt Rockerz Wireless Bluetooth Earbuds,2990.0,1794.0,40,4.0,14406,6743,1157,0,0,243,128,0,128
2025-01-30,B09V4D4N5T,Samsung Galaxy M13 Smartphone,13999.0,8399.4,40,4.0,10977,8037,990,0,0,182,145,0,145
2025-01-31,B073496Y7S,boAt Rockerz Wireless Bluetooth Earbuds,2990.0,2392.0,20,4.3,16773,11365,1272,0,0,141,140,0,140
2025-02-01,B07X9Y3Q4S,Mi Power Bank 10000mAh,1299.0,1039.2,20,3.8,9359,5741,526,0,1,83,83,1,103
2025-02-02,B07X9Y3Q4S,Mi Power Bank 10000mAh,1299.0,779.4,40,4.0,16008,11576,1290,0,1,87,87,1,153
2025-02-03,B07HGH8D2R,HP Wireless Mouse,799.0,559.3,30,3.8,15148,14478,1805,0,0,104,104,1,165
2025-02-04,B073496Y7S,boAt Rockerz Wireless Bluetooth Earbuds,2990.0,2093.0,30,3.9,16284,14155,1667,0,0,237,168,0,168
2025-02-05,B073496Y7S,boAt Rockerz Wireless Bluetooth Earbuds,2990.0,2392.0,20,4.0,14087,8201,1057,0,0,131,120,0,120
2025-02-06,B09V4D4N5T,Samsung Galaxy M13 Smartphone,13999.0,11199.2,20,4.1,10558,8012,569,0,0,69,69,1,128
2025-02-07,B08N5WRWNW,Noise ColorFit Smartwatch,4999.0,3499.3,30,4.2,16797,9343,1443,0,0,204,135,0,135
2025-02-08,B07HGH8D2R,HP Wireless Mouse,799.0,639.2,20,3.8,10430,10388,1397,0,1,116,116,1,132
2025-02-09,B08N5WRWNW,Noise ColorFit Smartwatch,4999.0,3499.3,30,4.2,14920,8489,1337,0,1,163,123,0,123
2025-02-10,B073496Y7S,boAt Rockerz Wireless Bluetooth Earbuds,2990.0,2392.0,20,4.3,14107,5778,620,0,0,180,105,0,105
2025-02-11,B07X9Y3Q4S,Mi Power Bank 10000mAh,1299.0,1039.2,20,4.1,12959,6914,832,0,0,117,117,1,120
2025-02-12,B07HGH8D2R,HP Wireless Mouse,799.0,639.2,20,4.0,16338,5295,850,0,0,119,92,0,92
2025-02-13,B073496Y7S,boAt Rockerz Wireless Bluetooth Earbuds,2990.0,1495.0,50,4.0,16283,16769,1738,0,0,294,200,0,200
2025-02-14,B08N5WRWNW,Noise ColorFit Smartwatch,4999.0,2999.4,40,4.2,8785,15875,1846,0,0,180,180,1,189
2025-02-15,B07HGH8D2R,HP Wireless Mouse,799.0,479.4,40,4.1,14857,8653,878,0,1,206,152,0,152
2025-02-16,B09V4D4N5T,Samsung Galaxy M13 Smartphone,13999.0,8399.4,40,4.0,9680,11574,1225,0,1,220,168,0,168
2025-02-17,B07HGH8D2R,HP Wireless Mouse,799.0,399.5,50,3.8,12391,11929,1227,0,0,188,176,0,176
2025-02-18,B07HGH8D2R,HP Wireless Mouse,799.0,639.2,20,4.5,7677,12739,1360,0,0,111,111,1,149
2025-02-19,B09V4D4N5T,Samsung Galaxy M13 Smartphone,13999.0,9799.3,30,4.2,10315,10797,1549,0,0,80,80,1,136
2025-02-20,B07X9Y3Q4S,Mi Power Bank 10000mAh,1299.0,909.3,30,3.9,9761,13384,1814,0,0,305,160,0,160
2025-02-21,B07HGH8D2R,HP Wireless Mouse,799.0,639.2,20,3.9,10214,9866,967,0,0,241,129,0,129
2025-02-22,B09V4D4N5T,Samsung Galaxy M13 Smartphone,13999.0,9799.3,30,3.9,7680,9526,1216,0,1,156,137,0,137
2025-02-23,B09V4D4N5T,Samsung Galaxy M13 Smartphone,13999.0,11199.2,20,4.3,14487,13068,1509,0,1,143,140,0,140
2025-02-24,B08N5WRWNW,Noise ColorFit Smartwatch,4999.0,3999.2,20,4.4,10516,5698,952,0,0,75,75,1,95
2025-02-25,B07HGH8D2R,HP Wireless Mouse,799.0,639.2,20,4.2,8534,8931,900,0,0,80,80,1,122
2025-02-26,B07X9Y3Q4S,Mi Power Bank 10000mAh,1299.0,779.4,40,4.0,9874,10994,945,0,0,311,161,0,161
2025-02-27,B08N5WRWNW,Noise ColorFit Smartwatch,4999.0,3499.3,30,4.5,17110,12974,1230,0,0,267,145,0,145
2025-02-28,B08N5WRWNW,Noise ColorFit Smartwatch,4999.0,3999.2,20,4.5,8225,11454,1923,0,0,195,139,0,139
2025-03-01,B073496Y7S,boAt Rockerz Wireless Bluetooth Earbuds,2990.0,2392.0,20,4.0,8817,8076,1023,0,1,72,72,1,113
2025-03-02,B073496Y7S,boAt Rockerz Wireless Bluetooth Earbuds,2990.0,2093.0,30,4.0,16654,5061,936,0,1,157,111,0,111
2025-03-03,B073496Y7S,boAt Rockerz Wireless Bluetooth Earbuds,2990.0,1794.0,40,4.5,10236,5404,725,0,0,243,125,0,125
2025-03-04,B08N5WRWNW,Noise ColorFit Smartwatch,4999.0,3499.3,30,3.9,15343,10345,1117,0,0,234,142,0,142
2025-03-05,B08N5WRWNW,Noise ColorFit Smartwatch,4999.0,3999.2,20,4.5,9454,12913,1710,0,0,133,125,0,125
2025-03-06,B09V4D4N5T,Samsung Galaxy M13 Smartphone,13999.0,8399.4,40,4.2,12406,4648,552,0,0,68,68,1,116
2025-03-07,B073496Y7S,boAt Rockerz Wireless Bluetooth Earbuds,2990.0,1794.0,40,4.2,13934,7097,895,0,0,185,145,0,145
2025-03-08,B07X9Y3Q4S,Mi Power Bank 10000mAh,1299.0,1039.2,20,3.8,15796,6768,1317,0,1,138,98,0,98
2025-03-09,B07X9Y3Q4S,Mi Power Bank 10000mAh,1299.0,909.3,30,4.1,15708,12774,1936,0,1,195,156,0,156
2025-03-10,B08N5WRWNW,Noise ColorFit Smartwatch,4999.0,3499.3,30,4.5,17315,10444,1375,0,0,234,136,0,136
2025-03-11,B09V4D4N5T,Samsung Galaxy M13 Smartphone,13999.0,9799.3,30,3.9,16630,12570,1734,0,0,123,123,1,148
2025-03-12,B07HGH8D2R,HP Wireless Mouse,799.0,479.4,40,3.8,16115,6618,870,0,0,205,120,0,120
2025-03-13,B073496Y7S,boAt Rockerz Wireless Bluetooth Earbuds,2990.0,2093.0,30,4.0,14668,8591,725,0,0,124,119,0,119
2025-03-14,B08N5WRWNW,Noise ColorFit Smartwatch,4999.0,2999.4,40,4.2,13008,6615,1146,0,0,237,133,0,133
2025-03-15,B073496Y7S,boAt Rockerz Wireless Bluetooth Earbuds,2990.0,2392.0,20,4.1,12875,12418,1785,0,1,107,107,1,149
2025-03-16,B07X9Y3Q4S,Mi Power Bank 10000mAh,1299.0,909.3,30,3.9,9736,6902,1055,0,1,219,129,0,129
2025-03-17,B09V4D4N5T,Samsung Galaxy M13 Smartphone,13999.0,11199.2,20,4.4,15055,8969,1245,0,0,85,85,1,124
2025-03-18,B08N5WRWNW,Noise ColorFit Smartwatch,4999.0,2999.4,40,4.3,15488,15568,1998,0,0,381,193,0,193
2025-03-19,B08N5WRWNW,Noise ColorFit Smartwatch,4999.0,3999.2,20,4.4,10407,13275,1615,0,0,207,152,0,152
2025-03-20,B08N5WRWNW,Noise ColorFit Smartwatch,4999.0,2999.4,40,4.1,8457,6556,1167,0,0,171,123,0,123
2025-03-21,B08N5WRWNW,Noise ColorFit Smartwatch,4999.0,2499.5,50,3.9,13953,12871,1371,0,0,117,117,1,169
2025-03-22,B08N5WRWNW,Noise ColorFit Smartwatch,4999.0,2999.4,40,4.2,16763,6415,709,0,1,92,92,1,136
2025-03-23,B09V4D4N5T,Samsung Galaxy M13 Smartphone,13999.0,11199.2,20,4.2,10546,7614,618,0,1,202,113,0,113
2025-03-24,B09V4D4N5T,Samsung Galaxy M13 Smartphone,13999.0,9799.3,30,4.4,12463,8277,1251,0,0,86,86,1,130
2025-03-25,B07X9Y3Q4S,Mi Power Bank 10000mAh,1299.0,1039.2,20,4.1,12993,10114,1269,0,0,184,125,0,125
2025-03-26,B08N5WRWNW,Noise ColorFit Smartwatch,4999.0,2499.5,50,3.8,7669,10227,1237,0,0,178,156,0,156
2025-03-27,B09V4D4N5T,Samsung Galaxy M13 Smartphone,13999.0,9799.3,30,4.4,12694,14982,1627,0,0,128,128,1,179
2025-03-28,B07HGH8D2R,HP Wireless Mouse,799.0,639.2,20,4.2,15228,7306,636,0,0,112,112,1,119
2025-03-29,B09V4D4N5T,Samsung Galaxy M13 Smartphone,13999.0,9799.3,30,4.0,16347,11221,1441,0,1,117,117,1,145
2025-03-30,B07HGH8D2R,HP Wireless Mouse,799.0,639.2,20,4.1,14703,12394,1247,0,1,244,140,0,140
2025-03-31,B09V4D4N5T,Samsung Galaxy M13 Smartphone,13999.0,8399.4,40,4.0,9284,6550,943,0,0,81,81,1,144
2025-04-01,B07X9Y3Q4S,Mi Power Bank 10000mAh,1299.0,909.3,30,4.2,13845,6234,801,0,0,174,125,0,125
2025-04-02,B073496Y7S,boAt Rockerz Wireless Bluetooth Earbuds,2990.0,2093.0,30,4.1,16578,6919,1188,0,0,106,106,1,109
2025-04-03,B08N5WRWNW,Noise ColorFit Smartwatch,4999.0,3999.2,20,3.9,13997,7813,555,0,0,81,81,1,105
2025-04-04,B09V4D4N5T,Samsung Galaxy M13 Smartphone,13999.0,11199.2,20,4.3,13006,16172,1758,0,0,156,156,1,165
2025-04-05,B073496Y7S,boAt Rockerz Wireless Bluetooth Earbuds,2990.0,2392.0,20,4.5,16062,7858,1530,0,1,163,116,0,116
2025-04-06,B08N5WRWNW,Noise ColorFit Smartwatch,4999.0,3499.3,30,4.1,16674,15537,1856,0,1,207,189,0,189
2025-04-07,B09V4D4N5T,Samsung Galaxy M13 Smartphone,13999.0,8399.4,40,4.2,8224,6726,962,0,0,208,138,0,138
2025-04-08,B07HGH8D2R,HP Wireless Mouse,799.0,639.2,20,4.5,14486,7925,1164,0,0,183,124,0,124
2025-04-09,B07X9Y3Q4S,Mi Power Bank 10000mAh,1299.0,1039.2,20,3.9,10857,12863,1894,0,0,236,142,0,142
2025-04-10,B07X9Y3Q4S,Mi Power Bank 10000mAh,1299.0,649.5,50,4.0,10680,9359,1509,0,0,322,170,0,170
2025-04-11,B073496Y7S,boAt Rockerz Wireless Bluetooth Earbuds,2990.0,1495.0,50,4.0,12994,9200,1251,0,0,181,153,0,153
2025-04-12,B07HGH8D2R,HP Wireless Mouse,799.0,559.3,30,4.4,11044,13005,1637,0,1,216,163,0,163
2025-04-13,B07HGH8D2R,HP Wireless Mouse,799.0,639.2,20,4.3,11382,14834,1967,0,1,165,165,1,175
2025-04-14,B073496Y7S,boAt Rockerz Wireless Bluetooth Earbuds,2990.0,2392.0,20,4.4,16095,11810,1474,0,0,135,135,1,149
2025-04-15,B07HGH8D2R,HP Wireless Mouse,799.0,399.5,50,4.3,10308,11375,1609,0,0,262,159,0,159
2025-04-16,B073496Y7S,boAt Rockerz Wireless Bluetooth Earbuds,2990.0,2093.0,30,4.3,7640,10374,1290,0,0,94,94,1,146
2025-04-17,B07X9Y3Q4S,Mi Power Bank 10000mAh,1299.0,909.3,30,3.9,17019,11230,1189,0,0,177,149,0,149
2025-04-18,B073496Y7S,boAt Rockerz Wireless Bluetooth Earbuds,2990.0,2392.0,20,4.2,12667,8339,741,0,0,114,114,1,118
2025-04-19,B073496Y7S,boAt Rockerz Wireless Bluetooth Earbuds,2990.0,1794.0,40,4.0,14896,14608,1941,0,1,243,173,0,173
2025-04-20,B073496Y7S,boAt Rockerz Wireless Bluetooth Earbuds,2990.0,1495.0,50,4.1,12127,4496,544,0,1,71,71,1,123
2025-04-21,B07X9Y3Q4S,Mi Power Bank 10000mAh,1299.0,909.3,30,4.3,7879,11940,1371,0,0,118,118,1,158
2025-04-22,B07X9Y3Q4S,Mi Power Bank 10000mAh,1299.0,909.3,30,4.1,10917,5805,582,0,0,234,119,0,119
2025-04-23,B07X9Y3Q4S,Mi Power Bank 10000mAh,1299.0,909.3,30,4.3,17493,14031,1661,0,0,210,165,0,165
2025-04-24,B073496Y7S,boAt Rockerz Wireless Bluetooth Earbuds,2990.0,1495.0,50,3.9,16260,9994,1138,0,0,90,90,1,158
2025-04-25,B07X9Y3Q4S,Mi Power Bank 10000mAh,1299.0,779.4,40,4.3,10023,10586,1152,0,0,306,157,0,157
2025-04-26,B073496Y7S,boAt Rockerz Wireless Bluetooth Earbuds,2990.0,1794.0,40,4.4,15407,11170,1408,0,1,271,156,0,156
2025-04-27,B07HGH8D2R,HP Wireless Mouse,799.0,639.2,20,3.8,13296,11618,1466,0,1,104,104,1,128
2025-04-28,B07X9Y3Q4S,Mi Power Bank 10000mAh,1299.0,649.5,50,3.8,8158,8458,825,0,0,269,168,0,168
2025-04-29,B073496Y7S,boAt Rockerz Wireless Bluetooth Earbuds,2990.0,2093.0,30,4.0,14488,11426,954,0,0,195,139,0,139
2025-04-30,B073496Y7S,boAt Rockerz Wireless Bluetooth Earbuds,2990.0,2093.0,30,3.9,7641,5547,638,0,0,77,77,1,95
2025-05-01,B07X9Y3Q4S,Mi Power Bank 10000mAh,1299.0,909.3,30,3.8,10532,13643,1496,0,0,163,156,0,156
2025-05-02,B07HGH8D2R,HP Wireless Mouse,799.0,639.2,20,4.2,9255,11029,1529,0,0,215,124,0,124
2025-05-03,B09V4D4N5T,Samsung Galaxy M13 Smartphone,13999.0,9799.3,30,3.9,15899,14457,1569,0,1,205,173,0,173
2025-05-04,B09V4D4N5T,Samsung Galaxy M13 Smartphone,13999.0,11199.2,20,4.4,14795,14880,1602,0,1,166,152,0,152
2025-05-05,B07HGH8D2R,HP Wireless Mouse,799.0,639.2,20,3.9,14119,8920,876,0,0,132,132,0,132
2025-05-06,B07X9Y3Q4S,Mi Power Bank 10000mAh,1299.0,779.4,40,4.3,12366,8682,961,0,0,249,146,0,146
2025-05-07,B07HGH8D2R,HP Wireless Mouse,799.0,559.3,30,4.1,11869,8791,1237,0,0,192,138,0,138
2025-05-08,B09V4D4N5T,Samsung Galaxy M13 Smartphone,13999.0,6999.5,50,4.0,7596,5863,654,0,0,246,138,0,138
2025-05-09,B073496Y7S,boAt Rockerz Wireless Bluetooth Earbuds,2990.0,2392.0,20,4.1,14578,6621,550,0,0,156,103,0,103
2025-05-10,B073496Y7S,boAt Rockerz Wireless Bluetooth Earbuds,2990.0,1794.0,40,3.9,10343,10494,1278,0,1,123,123,1,145
2025-05-11,B073496Y7S,boAt Rockerz Wireless Bluetooth Earbuds,2990.0,1495.0,50,4.5,13366,13039,1212,0,1,351,199,0,199
2025-05-12,B073496Y7S,boAt Rockerz Wireless Bluetooth Earbuds,2990.0,2093.0,30,4.3,7856,11577,1310,0,0,183,151,0,151
2025-05-13,B09V4D4N5T,Samsung Galaxy M13 Smartphone,13999.0,8399.4,40,3.9,17366,11422,1509,0,0,156,150,0,150
2025-05-14,B09V4D4N5T,Samsung Galaxy M13 Smartphone,13999.0,9799.3,30,4.1,13819,12192,1493,0,0,210,145,0,145
2025-05-15,B073496Y7S,boAt Rockerz Wireless Bluetooth Earbuds,2990.0,2093.0,30,4.1,11564,12301,1736,0,0,222,149,0,149
2025-05-16,B09V4D4N5T,Samsung Galaxy M13 Smartphone,13999.0,11199.2,20,4.3,17454,13613,1809,0,0,96,96,1,146
2025-05-17,B09V4D4N5T,Samsung Galaxy M13 Smartphone,13999.0,11199.2,20,4.4,15560,9408,1163,0,1,145,133,0,133
2025-05-18,B073496Y7S,boAt Rockerz Wireless Bluetooth Earbuds,2990.0,2392.0,20,4.4,9438,12022,1688,0,1,235,131,0,131
2025-05-19,B07X9Y3Q4S,Mi Power Bank 10000mAh,1299.0,1039.2,20,4.4,12418,8998,930,0,0,88,88,1,114
2025-05-20,B08N5WRWNW,Noise ColorFit Smartwatch,4999.0,2999.4,40,4.3,7665,15614,1776,0,0,226,196,0,196
2025-05-21,B073496Y7S,boAt Rockerz Wireless Bluetooth Earbuds,2990.0,2392.0,20,4.0,9528,5250,667,0,0,151,95,0,95
2025-05-22,B08N5WRWNW,Noise ColorFit Smartwatch,4999.0,2999.4,40,4.4,16453,10759,1222,0,0,204,153,0,153
2025-05-23,B07X9Y3Q4S,Mi Power Bank 10000mAh,1299.0,1039.2,20,4.4,10815,13909,1860,0,0,134,134,1,146
2025-05-24,B07HGH8D2R,HP Wireless Mouse,799.0,559.3,30,4.4,7860,9152,1199,0,1,100,100,1,128
2025-05-25,B09V4D4N5T,Samsung Galaxy M13 Smartphone,13999.0,8399.4,40,3.9,15648,9977,1205,0,1,283,146,0,146
2025-05-26,B073496Y7S,boAt Rockerz Wireless Bluetooth Earbuds,2990.0,2093.0,30,4.4,15432,7832,893,0,0,255,142,0,142
2025-05-27,B07HGH8D2R,HP Wireless Mouse,799.0,639.2,20,4.2,14327,11368,1738,0,0,90,90,1,133
2025-05-28,B07X9Y3Q4S,Mi Power Bank 10000mAh,1299.0,779.4,40,4.2,10896,10286,1532,0,0,119,119,1,167
2025-05-29,B08N5WRWNW,Noise ColorFit Smartwatch,4999.0,2999.4,40,4.4,11746,5984,663,0,0,78,78,1,143
2025-05-30,B08N5WRWNW,Noise ColorFit Smartwatch,4999.0,3999.2,20,4.2,12181,11802,1731,0,0,167,135,0,135
2025-05-31,B07HGH8D2R,HP Wireless Mouse,799.0,639.2,20,4.2,9345,11041,1268,0,1,82,82,1,137
2025-06-01,B09V4D4N5T,Samsung Galaxy M13 Smartphone,13999.0,11199.2,20,4.1,14169,7391,609,0,1,131,97,0,97
2025-06-02,B073496Y7S,boAt Rockerz Wireless Bluetooth Earbuds,2990.0,2392.0,20,4.3,16623,9672,1039,0,0,168,120,0,120
2025-06-03,B07X9Y3Q4S,Mi Power Bank 10000mAh,1299.0,1039.2,20,3.9,15729,11211,1491,0,0,268,136,0,136
2025-06-04,B08N5WRWNW,Noise ColorFit Smartwatch,4999.0,2999.4,40,4.2,10411,7960,1209,0,0,274,144,0,144
2025-06-05,B09V4D4N5T,Samsung Galaxy M13 Smartphone,13999.0,8399.4,40,4.2,10861,7603,855,0,0,277,148,0,148
2025-06-06,B08N5WRWNW,Noise ColorFit Smartwatch,4999.0,2499.5,50,4.3,11010,9476,1653,0,0,187,165,0,165
2025-06-07,B09V4D4N5T,Samsung Galaxy M13 Smartphone,13999.0,6999.5,50,4.0,11041,7144,552,0,1,193,155,0,155
2025-06-08,B07X9Y3Q4S,Mi Power Bank 10000mAh,1299.0,649.5,50,4.4,10556,12260,1877,0,1,193,168,0,168
2025-06-09,B07X9Y3Q4S,Mi Power Bank 10000mAh,1299.0,779.4,40,4.0,15282,8667,944,0,0,140,140,1,142
2025-06-10,B07HGH8D2R,HP Wireless Mouse,799.0,559.3,30,4.0,8771,10005,1651,0,0,90,90,1,139
2025-06-11,B073496Y7S,boAt Rockerz Wireless Bluetooth Earbuds,2990.0,1495.0,50,3.9,8356,4935,522,0,0,221,132,0,132
2025-06-12,B07HGH8D2R,HP Wireless Mouse,799.0,559.3,30,3.9,10142,7774,1193,0,0,96,96,1,113
2025-06-13,B08N5WRWNW,Noise ColorFit Smartwatch,4999.0,3999.2,20,4.1,14203,9594,1679,0,0,157,119,0,119
2025-06-14,B08N5WRWNW,Noise ColorFit Smartwatch,4999.0,3999.2,20,4.5,12176,7729,1412,0,1,129,110,0,110
2025-06-15,B07HGH8D2R,HP Wireless Mouse,799.0,559.3,30,4.1,8981,9099,917,0,1,253,127,0,127
2025-06-16,B07HGH8D2R,HP Wireless Mouse,799.0,639.2,20,3.8,16105,4256,502,0,0,117,74,0,74
2025-06-17,B09V4D4N5T,Samsung Galaxy M13 Smartphone,13999.0,8399.4,40,4.4,9579,8975,1416,0,0,245,143,0,143
2025-06-18,B07X9Y3Q4S,Mi Power Bank 10000mAh,1299.0,779.4,40,4.3,10428,11154,1369,0,0,124,124,1,155
2025-06-19,B07X9Y3Q4S,Mi Power Bank 10000mAh,1299.0,1039.2,20,4.2,14679,8880,1150,0,0,101,101,1,109
2025-06-20,B08N5WRWNW,Noise ColorFit Smartwatch,4999.0,3999.2,20,3.9,10576,11408,1798,0,0,139,126,0,126
2025-06-21,B07HGH8D2R,HP Wireless Mouse,799.0,639.2,20,4.3,11555,14032,1905,0,1,191,161,0,161
2025-06-22,B09V4D4N5T,Samsung Galaxy M13 Smartphone,13999.0,11199.2,20,4.0,15034,10988,1969,0,1,121,121,1,150
2025-06-23,B08N5WRWNW,Noise ColorFit Smartwatch,4999.0,3999.2,20,4.4,15635,9842,1526,0,0,243,134,0,134
2025-06-24,B07X9Y3Q4S,Mi Power Bank 10000mAh,1299.0,909.3,30,4.0,9536,11735,1454,0,0,156,131,0,131
2025-06-25,B073496Y7S,boAt Rockerz Wireless Bluetooth Earbuds,2990.0,1794.0,40,4.1,13108,11528,1245,0,0,255,168,0,168
2025-06-26,B07X9Y3Q4S,Mi Power Bank 10000mAh,1299.0,1039.2,20,4.1,17500,10768,1611,0,0,216,135,0,135
2025-06-27,B09V4D4N5T,Samsung Galaxy M13 Smartphone,13999.0,8399.4,40,4.0,13709,10626,1324,0,0,140,140,1,161
2025-06-28,B073496Y7S,boAt Rockerz Wireless Bluetooth Earbuds,2990.0,2392.0,20,3.9,17664,9591,994,0,1,68,68,1,119
2025-06-29,B073496Y7S,boAt Rockerz Wireless Bluetooth Earbuds,2990.0,1794.0,40,4.0,12620,14199,1470,0,1,97,97,1,167
2025-06-30,B07X9Y3Q4S,Mi Power Bank 10000mAh,1299.0,779.4,40,3.9,10962,7503,828,0,0,226,146,0,146
2025-07-01,B08N5WRWNW,Noise ColorFit Smartwatch,4999.0,2999.4,40,3.8,13888,5010,512,0,0,156,115,0,115
2025-07-02,B073496Y7S,boAt Rockerz Wireless Bluetooth Earbuds,2990.0,2392.0,20,4.4,8391,9107,1120,0,0,173,128,0,128
2025-07-03,B09V4D4N5T,Samsung Galaxy M13 Smartphone,13999.0,11199.2,20,3.9,11430,14866,1879,0,0,270,162,0,162
2025-07-04,B08N5WRWNW,Noise ColorFit Smartwatch,4999.0,2499.5,50,3.9,11668,9396,1036,0,0,88,88,1,156
2025-07-05,B073496Y7S,boAt Rockerz Wireless Bluetooth Earbuds,2990.0,2392.0,20,4.5,17052,13310,1878,0,1,260,148,0,148
2025-07-06,B07HGH8D2R,HP Wireless Mouse,799.0,559.3,30,4.5,15197,9061,1020,0,1,213,140,0,140
2025-07-07,B073496Y7S,boAt Rockerz Wireless Bluetooth Earbuds,2990.0,2093.0,30,4.2,9475,14615,1868,0,0,302,164,0,164
2025-07-08,B07X9Y3Q4S,Mi Power Bank 10000mAh,1299.0,1039.2,20,4.0,10159,8630,996,0,0,119,104,0,104
2025-07-09,B07HGH8D2R,HP Wireless Mouse,799.0,559.3,30,3.9,10191,11301,1074,0,0,262,143,0,143
2025-07-10,B09V4D4N5T,Samsung Galaxy M13 Smartphone,13999.0,9799.3,30,4.1,9166,11457,1926,0,0,84,84,1,148
2025-07-11,B07X9Y3Q4S,Mi Power Bank 10000mAh,1299.0,1039.2,20,3.8,10769,11437,1084,0,0,200,127,0,127
2025-07-12,B07HGH8D2R,HP Wireless Mouse,799.0,479.4,40,3.8,12607,10050,1627,0,1,244,147,0,147
2025-07-13,B08N5WRWNW,Noise ColorFit Smartwatch,4999.0,3999.2,20,4.0,17122,14066,1581,0,1,231,148,0,148
2025-07-14,B07HGH8D2R,HP Wireless Mouse,799.0,399.5,50,4.1,11309,7917,600,0,0,215,158,0,158
2025-07-15,B08N5WRWNW,Noise ColorFit Smartwatch,4999.0,2999.4,40,3.9,7886,7411,816,0,0,223,126,0,126
2025-07-16,B073496Y7S,boAt Rockerz Wireless Bluetooth Earbuds,2990.0,2093.0,30,3.9,10294,11618,1338,0,0,142,142,1,147
2025-07-17,B08N5WRWNW,Noise ColorFit Smartwatch,4999.0,2499.5,50,3.9,13742,9325,1404,0,0,170,153,0,153
2025-07-18,B09V4D4N5T,Samsung Galaxy M13 Smartphone,13999.0,11199.2,20,4.2,8560,6729,1009,0,0,93,93,1,125
2025-07-19,B09V4D4N5T,Samsung Galaxy M13 Smartphone,13999.0,9799.3,30,4.0,7907,8356,981,0,1,189,112,0,112
2025-07-20,B09V4D4N5T,Samsung Galaxy M13 Smartphone,13999.0,11199.2,20,4.3,17546,14265,1733,0,1,255,155,0,155
2025-07-21,B073496Y7S,boAt Rockerz Wireless Bluetooth Earbuds,2990.0,2093.0,30,4.2,11566,8836,1359,0,0,88,88,1,141
2025-07-22,B07HGH8D2R,HP Wireless Mouse,799.0,479.4,40,3.9,14480,11084,1679,0,0,176,154,0,154
2025-07-23,B08N5WRWNW,Noise ColorFit Smartwatch,4999.0,3999.2,20,4.5,10854,7304,622,0,0,48,48,1,95
2025-07-24,B073496Y7S,boAt Rockerz Wireless Bluetooth Earbuds,2990.0,2392.0,20,4.0,16708,11255,1622,0,0,58,58,1,117
2025-07-25,B07HGH8D2R,HP Wireless Mouse,799.0,479.4,40,4.4,13635,7383,1308,0,0,202,131,0,131
2025-07-26,B073496Y7S,boAt Rockerz Wireless Bluetooth Earbuds,2990.0,1495.0,50,3.9,8697,13530,1722,0,1,338,179,0,179
2025-07-27,B08N5WRWNW,Noise ColorFit Smartwatch,4999.0,3999.2,20,4.0,8109,5134,505,0,1,62,62,1,100
2025-07-28,B07X9Y3Q4S,Mi Power Bank 10000mAh,1299.0,909.3,30,4.5,15844,16314,1744,0,0,203,182,0,182
2025-07-29,B08N5WRWNW,Noise ColorFit Smartwatch,4999.0,3499.3,30,3.9,10901,15030,1852,0,0,361,185,0,185
2025-07-30,B08N5WRWNW,Noise ColorFit Smartwatch,4999.0,2999.4,40,4.5,9564,9840,1331,0,0,188,150,0,150
2025-07-31,B07X9Y3Q4S,Mi Power Bank 10000mAh,1299.0,779.4,40,3.8,14136,10261,1458,0,0,76,76,1,152
2025-08-01,B07X9Y3Q4S,Mi Power Bank 10000mAh,1299.0,1039.2,20,4.4,16207,11391,1860,0,0,90,90,1,141
2025-08-02,B07HGH8D2R,HP Wireless Mouse,799.0,479.4,40,4.0,12557,4355,697,0,1,146,113,0,113
2025-08-03,B08N5WRWNW,Noise ColorFit Smartwatch,4999.0,3499.3,30,4.1,12372,7780,1303,0,1,232,127,0,127
2025-08-04,B08N5WRWNW,Noise ColorFit Smartwatch,4999.0,2999.4,40,4.0,14041,15334,1920,0,0,147,147,1,178
2025-08-05,B09V4D4N5T,Samsung Galaxy M13 Smartphone,13999.0,9799.3,30,3.9,15441,12122,1571,0,0,130,130,1,150
2025-08-06,B073496Y7S,boAt Rockerz Wireless Bluetooth Earbuds,2990.0,2392.0,20,4.5,12841,12474,1972,0,0,222,153,0,153
2025-08-07,B09V4D4N5T,Samsung Galaxy M13 Smartphone,13999.0,11199.2,20,4.5,9822,10244,1668,0,0,127,127,1,135
2025-08-08,B073496Y7S,boAt Rockerz Wireless Bluetooth Earbuds,2990.0,2093.0,30,3.9,12379,11646,1142,0,0,152,146,0,146
2025-08-09,B07X9Y3Q4S,Mi Power Bank 10000mAh,1299.0,1039.2,20,3.8,8489,6818,873,0,1,118,108,0,108
2025-08-10,B073496Y7S,boAt Rockerz Wireless Bluetooth Earbuds,2990.0,2392.0,20,4.2,11500,9573,1038,0,1,104,104,1,119
2025-08-11,B073496Y7S,boAt Rockerz Wireless Bluetooth Earbuds,2990.0,2392.0,20,3.8,11759,9479,1057,0,0,196,125,0,125
2025-08-12,B09V4D4N5T,Samsung Galaxy M13 Smartphone,13999.0,11199.2,20,4.3,15700,6222,611,0,0,123,99,0,99
2025-08-13,B07X9Y3Q4S,Mi Power Bank 10000mAh,1299.0,909.3,30,4.1,9443,11979,1379,0,0,113,113,1,136
2025-08-14,B073496Y7S,boAt Rockerz Wireless Bluetooth Earbuds,2990.0,2392.0,20,3.9,16016,7153,1421,0,0,210,110,0,110
2025-08-15,B073496Y7S,boAt Rockerz Wireless Bluetooth Earbuds,2990.0,2093.0,30,4.1,17408,9016,1179,0,0,201,131,0,131
2025-08-16,B07HGH8D2R,HP Wireless Mouse,799.0,559.3,30,3.9,8899,7908,863,0,1,215,116,0,116
2025-08-17,B09V4D4N5T,Samsung Galaxy M13 Smartphone,13999.0,11199.2,20,4.3,10903,7691,1065,0,1,118,117,0,117
2025-08-18,B08N5WRWNW,Noise ColorFit Smartwatch,4999.0,3499.3,30,4.0,11752,16191,1985,0,0,267,185,0,185
2025-08-19,B09V4D4N5T,Samsung Galaxy M13 Smartphone,13999.0,8399.4,40,4.4,13851,5164,622,0,0,107,107,1,118
2025-08-20,B073496Y7S,boAt Rockerz Wireless Bluetooth Earbuds,2990.0,2392.0,20,4.3,12004,7516,1065,0,0,60,60,1,117
2025-08-21,B08N5WRWNW,Noise ColorFit Smartwatch,4999.0,3999.2,20,3.8,10871,10107,1613,0,0,275,145,0,145
2025-08-22,B073496Y7S,boAt Rockerz Wireless Bluetooth Earbuds,2990.0,1794.0,40,4.1,17445,10972,1694,0,0,310,158,0,158
2025-08-23,B07HGH8D2R,HP Wireless Mouse,799.0,639.2,20,4.3,8969,13618,1783,0,1,267,147,0,147
2025-08-24,B08N5WRWNW,Noise ColorFit Smartwatch,4999.0,3499.3,30,4.3,10074,6827,790,0,1,88,88,1,121
2025-08-25,B073496Y7S,boAt Rockerz Wireless Bluetooth Earbuds,2990.0,2392.0,20,3.9,12384,6011,740,0,0,200,102,0,102
2025-08-26,B07X9Y3Q4S,Mi Power Bank 10000mAh,1299.0,779.4,40,4.3,16547,7802,776,0,0,97,97,1,121
2025-08-27,B07X9Y3Q4S,Mi Power Bank 10000mAh,1299.0,779.4,40,4.5,13854,9085,950,0,0,226,161,0,161
2025-08-28,B073496Y7S,boAt Rockerz Wireless Bluetooth Earbuds,2990.0,1794.0,40,4.2,14944,16098,1665,0,0,152,152,1,197
2025-08-29,B07X9Y3Q4S,Mi Power Bank 10000mAh,1299.0,909.3,30,4.0,14381,6533,579,0,0,102,102,1,114
2025-08-30,B073496Y7S,boAt Rockerz Wireless Bluetooth Earbuds,2990.0,2093.0,30,4.3,14133,8715,1088,0,1,153,134,0,134
2025-08-31,B07HGH8D2R,HP Wireless Mouse,799.0,559.3,30,4.3,16079,6208,747,0,1,119,118,0,118
2025-09-01,B09V4D4N5T,Samsung Galaxy M13 Smartphone,13999.0,6999.5,50,4.4,17838,11618,1162,0,0,186,180,0,180
2025-09-02,B07HGH8D2R,HP Wireless Mouse,799.0,479.4,40,4.5,17603,6028,631,0,0,180,121,0,121
2025-09-03,B07HGH8D2R,HP Wireless Mouse,799.0,479.4,40,4.0,10747,12325,1562,0,0,91,91,1,153
2025-09-04,B07HGH8D2R,HP Wireless Mouse,799.0,559.3,30,4.5,9172,10596,1610,0,0,115,115,1,149
2025-09-05,B09V4D4N5T,Samsung Galaxy M13 Smartphone,13999.0,8399.4,40,4.3,12025,13248,1638,0,0,318,186,0,186
2025-09-06,B073496Y7S,boAt Rockerz Wireless Bluetooth Earbuds,2990.0,2392.0,20,4.4,8834,9920,1210,0,1,212,133,0,133
2025-09-07,B073496Y7S,boAt Rockerz Wireless Bluetooth Earbuds,2990.0,2392.0,20,4.2,8355,13196,1971,0,1,83,83,1,151
2025-09-08,B073496Y7S,boAt Rockerz Wireless Bluetooth Earbuds,2990.0,2392.0,20,3.8,9716,14288,1543,0,0,141,141,1,145
2025-09-09,B073496Y7S,boAt Rockerz Wireless Bluetooth Earbuds,2990.0,1794.0,40,4.0,10343,13175,1607,0,0,275,169,0,169
2025-09-10,B073496Y7S,boAt Rockerz Wireless Bluetooth Earbuds,2990.0,2093.0,30,4.1,12217,6842,503,0,0,180,142,0,142
2025-09-11,B07X9Y3Q4S,Mi Power Bank 10000mAh,1299.0,909.3,30,4.0,9006,9271,880,0,0,251,129,0,129
2025-09-12,B08N5WRWNW,Noise ColorFit Smartwatch,4999.0,3999.2,20,4.2,8499,10869,1533,0,0,258,139,0,139
2025-09-13,B09V4D4N5T,Samsung Galaxy M13 Smartphone,13999.0,9799.3,30,4.3,15973,13219,1582,0,1,94,94,1,172
2025-09-14,B073496Y7S,boAt Rockerz Wireless Bluetooth Earbuds,2990.0,1794.0,40,4.1,17184,6523,707,0,1,93,93,1,123
2025-09-15,B073496Y7S,boAt Rockerz Wireless Bluetooth Earbuds,2990.0,2093.0,30,4.5,16598,8556,1188,0,0,89,89,1,131
2025-09-16,B08N5WRWNW,Noise ColorFit Smartwatch,4999.0,3999.2,20,4.3,11376,9393,1189,0,0,177,135,0,135
2025-09-17,B08N5WRWNW,Noise ColorFit Smartwatch,4999.0,2999.4,40,4.4,14112,9697,994,0,0,181,140,0,140
2025-09-18,B073496Y7S,boAt Rockerz Wireless Bluetooth Earbuds,2990.0,1794.0,40,4.1,11956,11437,1319,0,0,227,166,0,166
2025-09-19,B07HGH8D2R,HP Wireless Mouse,799.0,399.5,50,4.1,14815,6191,767,0,0,258,150,0,150
2025-09-20,B09V4D4N5T,Samsung Galaxy M13 Smartphone,13999.0,11199.2,20,4.1,14161,13126,1696,0,1,113,113,1,137
2025-09-21,B07X9Y3Q4S,Mi Power Bank 10000mAh,1299.0,779.4,40,4.4,17172,8222,736,0,1,86,86,1,143
2025-09-22,B073496Y7S,boAt Rockerz Wireless Bluetooth Earbuds,2990.0,2093.0,30,4.0,11668,8561,1060,0,0,182,126,0,126
2025-09-23,B08N5WRWNW,Noise ColorFit Smartwatch,4999.0,2999.4,40,3.9,9856,27506,3671,1,0,270,270,1,353
2025-09-24,B07HGH8D2R,HP Wireless Mouse,799.0,479.4,40,4.4,11533,34275,4775,1,0,279,279,1,399
2025-09-25,B073496Y7S,boAt Rockerz Wireless Bluetooth Earbuds,2990.0,1196.0,60,3.8,16451,25965,4340,1,0,380,363,0,363
2025-09-26,B07X9Y3Q4S,Mi Power Bank 10000mAh,1299.0,389.7,70,4.2,11590,15725,2414,1,0,233,233,1,315
2025-09-27,B073496Y7S,boAt Rockerz Wireless Bluetooth Earbuds,2990.0,1794.0,40,4.5,10787,27098,4210,1,1,510,360,0,360
2025-09-28,B07X9Y3Q4S,Mi Power Bank 10000mAh,1299.0,649.5,50,4.0,9475,18425,3436,1,1,301,301,1,310
2025-09-29,B07X9Y3Q4S,Mi Power Bank 10000mAh,1299.0,649.5,50,4.5,12728,24795,3388,1,0,698,364,0,364
2025-09-30,B07HGH8D2R,HP Wireless Mouse,799.0,479.4,40,4.2,11532,24435,5558,1,0,218,218,1,330
2025-10-01,B09V4D4N5T,Samsung Galaxy M13 Smartphone,13999.0,6999.5,50,3.8,11092,16820,3076,1,0,260,260,1,298
2025-10-02,B07HGH8D2R,HP Wireless Mouse,799.0,479.4,40,4.3,14096,46629,7484,1,0,353,353,1,460
2025-10-03,B07X9Y3Q4S,Mi Power Bank 10000mAh,1299.0,779.4,40,3.9,11969,50637,7084,1,0,427,427,1,491
2025-10-04,B07X9Y3Q4S,Mi Power Bank 10000mAh,1299.0,649.5,50,4.2,13976,34747,7962,1,1,537,405,0,405
2025-10-05,B07HGH8D2R,HP Wireless Mouse,799.0,239.7,70,3.9,12659,14733,3095,1,1,375,306,0,306
2025-10-06,B07X9Y3Q4S,Mi Power Bank 10000mAh,1299.0,649.5,50,4.2,12915,46044,6979,1,0,660,483,0,483
2025-10-07,B073496Y7S,boAt Rockerz Wireless Bluetooth Earbuds,2990.0,1495.0,50,4.4,17500,28356,4523,1,0,629,370,0,370
2025-10-08,B08N5WRWNW,Noise ColorFit Smartwatch,4999.0,1749.65,65,3.9,8559,27619,4503,1,0,382,382,1,391
2025-10-09,B07HGH8D2R,HP Wireless Mouse,799.0,319.6,60,4.2,14467,33849,5512,1,0,776,434,0,434
2025-10-10,B07HGH8D2R,HP Wireless Mouse,799.0,399.5,50,3.8,13259,16485,2684,1,0,346,298,0,298
2025-10-11,B09V4D4N5T,Samsung Galaxy M13 Smartphone,13999.0,4899.65,65,3.8,17297,20583,3709,1,1,618,351,0,351
2025-10-12,B073496Y7S,boAt Rockerz Wireless Bluetooth Earbuds,2990.0,1495.0,50,4.3,9376,16436,2069,1,1,523,321,0,321
2025-10-13,B073496Y7S,boAt Rockerz Wireless Bluetooth Earbuds,2990.0,1794.0,40,3.9,10841,27612,4892,1,0,195,195,1,357
2025-10-14,B09V4D4N5T,Samsung Galaxy M13 Smartphone,13999.0,4899.65,65,4.0,12131,44476,7947,1,0,808,482,0,482
2025-10-15,B07HGH8D2R,HP Wireless Mouse,799.0,399.5,50,4.2,17504,46160,7226,1,0,800,470,0,470
2025-10-16,B07HGH8D2R,HP Wireless Mouse,799.0,479.4,40,4.5,10371,7192,816,0,0,86,86,1,124
2025-10-17,B09V4D4N5T,Samsung Galaxy M13 Smartphone,13999.0,9799.3,30,3.9,9249,7765,1512,0,0,165,122,0,122
2025-10-18,B07X9Y3Q4S,Mi Power Bank 10000mAh,1299.0,909.3,30,3.8,17152,10459,1216,0,1,255,148,0,148
2025-10-19,B08N5WRWNW,Noise ColorFit Smartwatch,4999.0,3999.2,20,3.8,11103,8174,797,0,1,220,113,0,113
2025-10-20,B08N5WRWNW,Noise ColorFit Smartwatch,4999.0,3499.3,30,4.1,17516,6433,990,0,0,142,127,0,127
2025-10-21,B08N5WRWNW,Noise ColorFit Smartwatch,4999.0,3999.2,20,4.2,8803,9837,1299,0,0,192,117,0,117
2025-10-22,B08N5WRWNW,Noise ColorFit Smartwatch,4999.0,2999.4,40,3.8,16307,14873,1819,0,0,288,165,0,165
2025-10-23,B07HGH8D2R,HP Wireless Mouse,799.0,559.3,30,4.1,15249,5948,743,0,0,157,132,0,132
2025-10-24,B07X9Y3Q4S,Mi Power Bank 10000mAh,1299.0,1039.2,20,4.4,17503,10789,1118,0,0,171,120,0,120
2025-10-25,B073496Y7S,boAt Rockerz Wireless Bluetooth Earbuds,2990.0,2093.0,30,4.4,16135,11587,1696,0,1,232,140,0,140
2025-10-26,B08N5WRWNW,Noise ColorFit Smartwatch,4999.0,3999.2,20,4.3,11117,8274,832,0,1,144,105,0,105
2025-10-27,B073496Y7S,boAt Rockerz Wireless Bluetooth Earbuds,2990.0,1794.0,40,3.9,12420,12224,1561,0,0,170,168,0,168
2025-10-28,B07HGH8D2R,HP Wireless Mouse,799.0,639.2,20,4.1,17789,9098,895,0,0,203,112,0,112
2025-10-29,B07X9Y3Q4S,Mi Power Bank 10000mAh,1299.0,1039.2,20,4.2,9786,12486,1256,0,0,286,145,0,145
2025-10-30,B07HGH8D2R,HP Wireless Mouse,799.0,399.5,50,3.8,8771,7322,938,0,0,97,97,1,139
2025-10-31,B07HGH8D2R,HP Wireless Mouse,799.0,639.2,20,4.1,10300,8553,739,0,0,214,114,0,114
2025-11-01,B09V4D4N5T,Samsung Galaxy M13 Smartphone,13999.0,5599.6,60,4.5,17989,29934,3793,1,1,660,396,0,396
2025-11-02,B07X9Y3Q4S,Mi Power Bank 10000mAh,1299.0,454.65,65,4.4,12298,30907,3883,1,1,806,404,0,404
2025-11-03,B09V4D4N5T,Samsung Galaxy M13 Smartphone,13999.0,8399.4,40,4.0,12876,32213,5612,1,0,482,380,0,380
2025-11-04,B07X9Y3Q4S,Mi Power Bank 10000mAh,1299.0,779.4,40,4.0,9259,44684,6394,1,0,590,459,0,459
2025-11-05,B07HGH8D2R,HP Wireless Mouse,799.0,319.6,60,3.9,10385,19165,2994,1,0,195,195,1,329
2025-11-06,B09V4D4N5T,Samsung Galaxy M13 Smartphone,13999.0,6999.5,50,4.0,12052,40423,7794,1,0,693,448,0,448
2025-11-07,B07HGH8D2R,HP Wireless Mouse,799.0,399.5,50,4.0,16227,29098,4529,1,0,387,384,0,384
2025-11-08,B073496Y7S,boAt Rockerz Wireless Bluetooth Earbuds,2990.0,1196.0,60,4.3,10023,35489,7770,1,1,489,428,0,428
2025-11-09,B07HGH8D2R,HP Wireless Mouse,799.0,479.4,40,4.3,12996,23012,3264,1,1,397,324,0,324
2025-11-10,B08N5WRWNW,Noise ColorFit Smartwatch,4999.0,1749.65,65,4.0,12719,27355,5092,1,0,221,221,1,387
2025-11-11,B073496Y7S,boAt Rockerz Wireless Bluetooth Earbuds,2990.0,1495.0,50,4.1,16387,51901,7575,1,0,724,518,0,518
2025-11-12,B07X9Y3Q4S,Mi Power Bank 10000mAh,1299.0,649.5,50,3.9,9096,11960,2532,1,0,549,279,0,279
2025-11-13,B09V4D4N5T,Samsung Galaxy M13 Smartphone,13999.0,8399.4,40,4.1,8902,39120,5185,1,0,717,421,0,421
2025-11-14,B073496Y7S,boAt Rockerz Wireless Bluetooth Earbuds,2990.0,1794.0,40,4.3,13298,55659,7824,1,0,827,519,0,519
2025-11-15,B09V4D4N5T,Samsung Galaxy M13 Smartphone,13999.0,5599.6,60,4.3,17797,37333,7957,1,1,305,305,1,440
2025-11-16,B09V4D4N5T,Samsung Galaxy M13 Smartphone,13999.0,8399.4,40,3.9,10960,14824,1544,0,1,160,160,1,173
2025-11-17,B08N5WRWNW,Noise ColorFit Smartwatch,4999.0,2999.4,40,3.8,12567,9501,1610,0,0,171,149,0,149
2025-11-18,B09V4D4N5T,Samsung Galaxy M13 Smartphone,13999.0,9799.3,30,4.1,9272,9159,1028,0,0,115,115,1,136
2025-11-19,B07X9Y3Q4S,Mi Power Bank 10000mAh,1299.0,649.5,50,4.3,16424,15308,1859,0,0,172,172,1,192
2025-11-20,B09V4D4N5T,Samsung Galaxy M13 Smartphone,13999.0,9799.3,30,4.5,14636,8504,843,0,0,263,147,0,147
2025-11-21,B073496Y7S,boAt Rockerz Wireless Bluetooth Earbuds,2990.0,2392.0,20,4.4,8496,13703,1921,0,0,141,141,1,148
2025-11-22,B09V4D4N5T,Samsung Galaxy M13 Smartphone,13999.0,9799.3,30,3.9,13281,6794,727,0,1,96,96,1,111
2025-11-23,B073496Y7S,boAt Rockerz Wireless Bluetooth Earbuds,2990.0,2093.0,30,4.0,8236,4690,666,0,1,197,109,0,109
2025-11-24,B073496Y7S,boAt Rockerz Wireless Bluetooth Earbuds,2990.0,1794.0,40,4.5,12866,9321,1150,0,0,210,149,0,149
2025-11-25,B09V4D4N5T,Samsung Galaxy M13 Smartphone,13999.0,9799.3,30,4.5,16053,11425,1703,0,0,264,156,0,156
2025-11-26,B09V4D4N5T,Samsung Galaxy M13 Smartphone,13999.0,9799.3,30,4.3,9614,6880,637,0,0,198,130,0,130
2025-11-27,B073496Y7S,boAt Rockerz Wireless Bluetooth Earbuds,2990.0,1794.0,40,3.9,14193,14842,1963,0,0,182,182,1,188
2025-11-28,B07X9Y3Q4S,Mi Power Bank 10000mAh,1299.0,909.3,30,4.4,13153,10143,1134,0,0,104,104,1,143
2025-11-29,B09V4D4N5T,Samsung Galaxy M13 Smartphone,13999.0,11199.2,20,4.3,12465,6434,518,0,1,173,123,0,123
2025-11-30,B073496Y7S,boAt Rockerz Wireless Bluetooth Earbuds,2990.0,1495.0,50,3.9,16437,12051,1194,0,1,148,148,1,162
2025-12-01,B09V4D4N5T,Samsung Galaxy M13 Smartphone,13999.0,8399.4,40,4.1,9017,11000,1391,0,0,84,84,1,154
2025-12-02,B073496Y7S,boAt Rockerz Wireless Bluetooth Earbuds,2990.0,1794.0,40,3.8,16060,5112,748,0,0,178,114,0,114
2025-12-03,B09V4D4N5T,Samsung Galaxy M13 Smartphone,13999.0,11199.2,20,4.4,13593,12135,1829,0,0,186,138,0,138
2025-12-04,B07HGH8D2R,HP Wireless Mouse,799.0,639.2,20,4.2,12054,7047,979,0,0,60,60,1,121
2025-12-05,B073496Y7S,boAt Rockerz Wireless Bluetooth Earbuds,2990.0,2392.0,20,3.9,16198,8763,1603,0,0,67,67,1,113
2025-12-06,B073496Y7S,boAt Rockerz Wireless Bluetooth Earbuds,2990.0,2392.0,20,3.9,10980,18173,1901,0,1,122,122,1,178
2025-12-07,B07HGH8D2R,HP Wireless Mouse,799.0,479.4,40,4.0,17143,7535,1036,0,1,147,138,0,138
2025-12-08,B07X9Y3Q4S,Mi Power Bank 10000mAh,1299.0,909.3,30,3.9,8336,9059,1264,0,0,127,118,0,118
2025-12-09,B09V4D4N5T,Samsung Galaxy M13 Smartphone,13999.0,11199.2,20,3.8,16396,10909,1707,0,0,124,124,1,126
2025-12-10,B07HGH8D2R,HP Wireless Mouse,799.0,639.2,20,4.3,15836,11239,1302,0,0,192,142,0,142
2025-12-11,B09V4D4N5T,Samsung Galaxy M13 Smartphone,13999.0,11199.2,20,4.5,18087,10116,1019,0,0,194,139,0,139
2025-12-12,B07X9Y3Q4S,Mi Power Bank 10000mAh,1299.0,779.4,40,3.8,16630,8984,946,0,0,145,145,1,151
2025-12-13,B09V4D4N5T,Samsung Galaxy M13 Smartphone,13999.0,11199.2,20,3.9,12269,12838,1552,0,1,163,129,0,129
2025-12-14,B08N5WRWNW,Noise ColorFit Smartwatch,4999.0,3499.3,30,4.1,10930,7897,852,0,1,204,133,0,133
2025-12-15,B07HGH8D2R,HP Wireless Mouse,799.0,559.3,30,3.8,15929,6582,754,0,0,99,99,1,101
2025-12-16,B09V4D4N5T,Samsung Galaxy M13 Smartphone,13999.0,11199.2,20,3.9,10027,9111,639,0,0,98,98,1,117
2025-12-17,B07HGH8D2R,HP Wireless Mouse,799.0,479.4,40,4.0,14002,5877,841,0,0,62,62,1,125
2025-12-18,B09V4D4N5T,Samsung Galaxy M13 Smartphone,13999.0,8399.4,40,4.5,16133,7174,914,0,0,202,125,0,125
2025-12-19,B08N5WRWNW,Noise ColorFit Smartwatch,4999.0,3499.3,30,4.1,10127,7048,810,0,0,122,120,0,120
2025-12-20,B07X9Y3Q4S,Mi Power Bank 10000mAh,1299.0,1039.2,20,3.9,8323,7547,1020,0,1,208,115,0,115
2025-12-21,B09V4D4N5T,Samsung Galaxy M13 Smartphone,13999.0,9799.3,30,4.4,13628,12571,1465,0,1,182,149,0,149
2025-12-22,B08N5WRWNW,Noise ColorFit Smartwatch,4999.0,2999.4,40,4.1,17033,11000,1483,0,0,130,130,1,167
2025-12-23,B09V4D4N5T,Samsung Galaxy M13 Smartphone,13999.0,11199.2,20,3.8,13086,7156,872,0,0,106,106,1,121
2025-12-24,B09V4D4N5T,Samsung Galaxy M13 Smartphone,13999.0,8399.4,40,3.9,9685,12357,1795,0,0,214,175,0,175
2025-12-25,B07X9Y3Q4S,Mi Power Bank 10000mAh,1299.0,1039.2,20,4.2,9744,7515,1070,0,0,79,79,1,112
2025-12-26,B073496Y7S,boAt Rockerz Wireless Bluetooth Earbuds,2990.0,2392.0,20,3.8,10530,9965,1399,0,0,109,109,1,117
2025-12-27,B073496Y7S,boAt Rockerz Wireless Bluetooth Earbuds,2990.0,1794.0,40,4.2,10547,8436,922,0,1,147,142,0,142
2025-12-28,B07HGH8D2R,HP Wireless Mouse,799.0,559.3,30,3.8,13105,6180,591,0,1,238,120,0,120
2025-12-29,B07HGH8D2R,HP Wireless Mouse,799.0,639.2,20,4.5,16841,13910,1635,0,0,237,141,0,141
2025-12-30,B07X9Y3Q4S,Mi Power Bank 10000mAh,1299.0,1039.2,20,4.4,9630,13125,1960,0,0,309,158,0,158
2025-12-31,B07HGH8D2R,HP Wireless Mouse,799.0,639.2,20,3.8,14993,10310,1029,0,0,258,144,0,144
