date,asin,product_name,mrp,selling_price,discount_percent,customer_rating,total_reviews,page_views,ad_spend_inr,is_sale_season,is_weekend,inventory_level,units_sold,is_stockout,actual_demand
2023-01-01,B073496Y7S,boAt Rockerz Wireless Bluetooth Earbuds,2990.0,2392.0,20,4.5,20191,8364,1544,0,1,195,158,0,158
2023-01-02,B073496Y7S,boAt Rockerz Wireless Bluetooth Earbuds,2990.0,2093.0,30,4.3,16690,15173,1832,0,0,401,216,0,216
2023-01-03,B073496Y7S,boAt Rockerz Wireless Bluetooth Earbuds,2990.0,2392.0,20,4.5,16194,8895,959,0,0,131,131,1,146
2023-01-04,B073496Y7S,boAt Rockerz Wireless Bluetooth Earbuds,2990.0,2392.0,20,3.8,17762,10935,1475,0,0,255,163,0,163
2023-01-05,B073496Y7S,boAt Rockerz Wireless Bluetooth Earbuds,2990.0,2093.0,30,4.1,16287,11743,1331,0,0,257,183,0,183
2023-01-06,B073496Y7S,boAt Rockerz Wireless Bluetooth Earbuds,2990.0,2392.0,20,4.5,23458,9110,1276,0,0,167,167,1,169
2023-01-07,B073496Y7S,boAt Rockerz Wireless Bluetooth Earbuds,2990.0,2392.0,20,4.3,15805,6547,534,0,1,206,147,0,147
2023-01-08,B073496Y7S,boAt Rockerz Wireless Bluetooth Earbuds,2990.0,2392.0,20,4.2,24727,10424,1202,0,1,243,164,0,164
2023-01-09,B073496Y7S,boAt Rockerz Wireless Bluetooth Earbuds,2990.0,2392.0,20,4.4,22669,10683,1775,0,0,142,142,1,181
2023-01-10,B073496Y7S,boAt Rockerz Wireless Bluetooth Earbuds,2990.0,2093.0,30,4.5,21376,6423,879,0,0,96,96,1,165
2023-01-11,B073496Y7S,boAt Rockerz Wireless Bluetooth Earbuds,2990.0,2392.0,20,3.8,17618,13374,1867,0,0,387,199,0,199
2023-01-12,B073496Y7S,boAt Rockerz Wireless Bluetooth Earbuds,2990.0,2093.0,30,4.4,21239,13083,1551,0,0,376,219,0,219
2023-01-13,B073496Y7S,boAt Rockerz Wireless Bluetooth Earbuds,2990.0,2392.0,20,3.8,17514,10965,1304,0,0,313,174,0,174
2023-01-14,B073496Y7S,boAt Rockerz Wireless Bluetooth Earbuds,2990.0,2392.0,20,4.3,18905,12498,1528,0,1,292,172,0,172
2023-01-15,B073496Y7S,boAt Rockerz Wireless Bluetooth Earbuds,2990.0,2093.0,30,3.8,16554,9617,1363,0,1,325,191,0,191
2023-01-16,B073496Y7S,boAt Rockerz Wireless Bluetooth Earbuds,2990.0,2093.0,30,4.3,16134,7054,1024,0,0,325,166,0,166
2023-01-17,B073496Y7S,boAt Rockerz Wireless Bluetooth Earbuds,2990.0,2392.0,20,4.5,24869,12051,1512,0,0,219,184,0,184
2023-01-18,B073496Y7S,boAt Rockerz Wireless Bluetooth Earbuds,2990.0,1794.0,40,4.4,22477,12616,1908,0,0,218,207,0,207
2023-01-19,B073496Y7S,boAt Rockerz Wireless Bluetooth Earbuds,2990.0,2392.0,20,4.0,23991,12403,1979,0,0,261,180,0,180
2023-01-20,B073496Y7S,boAt Rockerz Wireless Bluetooth Earbuds,2990.0,2392.0,20,3.9,16590,12004,1756,0,0,139,139,1,176
2023-01-21,B073496Y7S,boAt Rockerz Wireless Bluetooth Earbuds,2990.0,2392.0,20,4.3,22654,11269,1636,0,1,219,180,0,180
2023-01-22,B073496Y7S,boAt Rockerz Wireless Bluetooth Earbuds,2990.0,2093.0,30,3.8,20960,12979,1748,0,1,227,196,0,196
2023-01-23,B073496Y7S,boAt Rockerz Wireless Bluetooth Earbuds,2990.0,2093.0,30,4.1,25035,15713,1939,0,0,363,219,0,219
2023-01-24,B073496Y7S,boAt Rockerz Wireless Bluetooth Earbuds,2990.0,1794.0,40,4.1,22892,8203,697,0,0,333,189,0,189
2023-01-25,B073496Y7S,boAt Rockerz Wireless Bluetooth Earbuds,2990.0,1794.0,40,3.9,19402,14049,1849,0,0,466,242,0,242
2023-01-26,B073496Y7S,boAt Rockerz Wireless Bluetooth Earbuds,2990.0,1495.0,50,4.0,18036,20865,3734,1,0,762,425,0,425
2023-01-27,B073496Y7S,boAt Rockerz Wireless Bluetooth Earbuds,2990.0,1495.0,50,3.9,23285,6935,972,0,0,341,180,0,180
2023-01-28,B073496Y7S,boAt Rockerz Wireless Bluetooth Earbuds,2990.0,2392.0,20,4.5,17184,10696,1396,0,1,127,127,1,183
2023-01-29,B073496Y7S,boAt Rockerz Wireless Bluetooth Earbuds,2990.0,1794.0,40,3.9,22540,13150,1622,0,1,186,186,1,224
2023-01-30,B073496Y7S,boAt Rockerz Wireless Bluetooth Earbuds,2990.0,1495.0,50,4.3,19344,6589,753,0,0,197,197,1,199
2023-01-31,B073496Y7S,boAt Rockerz Wireless Bluetooth Earbuds,2990.0,1495.0,50,4.0,20123,8801,837,0,0,254,188,0,188
2023-02-01,B073496Y7S,boAt Rockerz Wireless Bluetooth Earbuds,2990.0,2392.0,20,4.1,20066,13938,1915,0,0,229,204,0,204
2023-02-02,B073496Y7S,boAt Rockerz Wireless Bluetooth Earbuds,2990.0,2093.0,30,3.9,23210,8443,969,0,0,134,134,1,169
2023-02-03,B073496Y7S,boAt Rockerz Wireless Bluetooth Earbuds,2990.0,1794.0,40,4.2,15390,13245,1800,0,0,428,224,0,224
2023-02-04,B073496Y7S,boAt Rockerz Wireless Bluetooth Earbuds,2990.0,2093.0,30,4.2,22849,6808,516,0,1,258,156,0,156
2023-02-05,B073496Y7S,boAt Rockerz Wireless Bluetooth Earbuds,2990.0,2093.0,30,4.5,24506,7367,690,0,1,246,173,0,173
2023-02-06,B073496Y7S,boAt Rockerz Wireless Bluetooth Earbuds,2990.0,2392.0,20,3.9,16996,9378,1065,0,0,199,147,0,147
2023-02-07,B073496Y7S,boAt Rockerz Wireless Bluetooth Earbuds,2990.0,2093.0,30,4.4,15969,14792,1627,0,0,364,238,0,238
2023-02-08,B073496Y7S,boAt Rockerz Wireless Bluetooth Earbuds,2990.0,2392.0,20,4.0,17996,8588,1037,0,0,207,146,0,146
2023-02-09,B073496Y7S,boAt Rockerz Wireless Bluetooth Earbuds,2990.0,2093.0,30,4.4,17563,8948,1011,0,0,231,179,0,179
2023-02-10,B073496Y7S,boAt Rockerz Wireless Bluetooth Earbuds,2990.0,2392.0,20,3.9,16053,4542,550,0,0,226,115,0,115
2023-02-11,B073496Y7S,boAt Rockerz Wireless Bluetooth Earbuds,2990.0,1794.0,40,4.1,17696,10314,1112,0,1,161,161,1,204
2023-02-12,B073496Y7S,boAt Rockerz Wireless Bluetooth Earbuds,2990.0,2392.0,20,4.2,20525,9220,1273,0,1,232,178,0,178
2023-02-13,B073496Y7S,boAt Rockerz Wireless Bluetooth Earbuds,2990.0,1495.0,50,4.2,16908,8817,1156,0,0,189,189,1,196
2023-02-14,B073496Y7S,boAt Rockerz Wireless Bluetooth Earbuds,2990.0,1794.0,40,4.0,23528,9748,1290,0,0,90,90,1,180
2023-02-15,B073496Y7S,boAt Rockerz Wireless Bluetooth Earbuds,2990.0,2093.0,30,4.0,20462,9124,1059,0,0,200,169,0,169
2023-02-16,B073496Y7S,boAt Rockerz Wireless Bluetooth Earbuds,2990.0,2093.0,30,4.2,24892,9595,1080,0,0,175,175,1,180
2023-02-17,B073496Y7S,boAt Rockerz Wireless Bluetooth Earbuds,2990.0,2392.0,20,3.9,20423,9244,1570,0,0,264,151,0,151
2023-02-18,B073496Y7S,boAt Rockerz Wireless Bluetooth Earbuds,2990.0,1794.0,40,4.1,21857,8612,931,0,1,113,113,1,182
2023-02-19,B073496Y7S,boAt Rockerz Wireless Bluetooth Earbuds,2990.0,2392.0,20,4.5,18094,12534,1703,0,1,236,180,0,180
2023-02-20,B073496Y7S,boAt Rockerz Wireless Bluetooth Earbuds,2990.0,2093.0,30,4.4,24790,7270,1015,0,0,208,162,0,162
2023-02-21,B073496Y7S,boAt Rockerz Wireless Bluetooth Earbuds,2990.0,2093.0,30,4.4,22088,5810,879,0,0,254,153,0,153
2023-02-22,B073496Y7S,boAt Rockerz Wireless Bluetooth Earbuds,2990.0,1794.0,40,4.2,20796,15983,1691,0,0,419,237,0,237
2023-02-23,B073496Y7S,boAt Rockerz Wireless Bluetooth Earbuds,2990.0,2392.0,20,3.9,17347,6940,1226,0,0,158,132,0,132
2023-02-24,B073496Y7S,boAt Rockerz Wireless Bluetooth Earbuds,2990.0,1794.0,40,3.8,15687,7242,614,0,0,153,153,1,159
2023-02-25,B073496Y7S,boAt Rockerz Wireless Bluetooth Earbuds,2990.0,1794.0,40,4.3,22439,10003,1260,0,1,297,212,0,212
2023-02-26,B073496Y7S,boAt Rockerz Wireless Bluetooth Earbuds,2990.0,2093.0,30,4.3,16851,10158,1477,0,1,131,131,1,191
2023-02-27,B073496Y7S,boAt Rockerz Wireless Bluetooth Earbuds,2990.0,2392.0,20,4.3,18199,11994,1372,0,0,152,152,1,183
2023-02-28,B073496Y7S,boAt Rockerz Wireless Bluetooth Earbuds,2990.0,2093.0,30,4.1,19782,7786,1198,0,0,285,161,0,161
2023-03-01,B073496Y7S,boAt Rockerz Wireless Bluetooth Earbuds,2990.0,2093.0,30,4.1,20781,7607,643,0,0,217,156,0,156
2023-03-02,B073496Y7S,boAt Rockerz Wireless Bluetooth Earbuds,2990.0,2392.0,20,4.3,22951,12681,1674,0,0,317,190,0,190
2023-03-03,B073496Y7S,boAt Rockerz Wireless Bluetooth Earbuds,2990.0,2392.0,20,4.3,24229,6240,734,0,0,140,130,0,130
2023-03-04,B073496Y7S,boAt Rockerz Wireless Bluetooth Earbuds,2990.0,2093.0,30,4.4,22366,13768,1776,0,1,387,211,0,211
2023-03-05,B073496Y7S,boAt Rockerz Wireless Bluetooth Earbuds,2990.0,1794.0,40,3.9,20856,7201,838,0,1,230,173,0,173
2023-03-06,B073496Y7S,boAt Rockerz Wireless Bluetooth Earbuds,2990.0,1495.0,50,4.5,24667,12566,1593,0,0,210,210,1,241
2023-03-07,B073496Y7S,boAt Rockerz Wireless Bluetooth Earbuds,2990.0,2392.0,20,4.0,19593,10717,1152,0,0,149,149,1,185
2023-03-08,B073496Y7S,boAt Rockerz Wireless Bluetooth Earbuds,2990.0,1794.0,40,4.3,24416,15176,1884,0,0,312,245,0,245
2023-03-09,B073496Y7S,boAt Rockerz Wireless Bluetooth Earbuds,2990.0,2093.0,30,3.9,16263,10712,1433,0,0,135,135,1,185
2023-03-10,B073496Y7S,boAt Rockerz Wireless Bluetooth Earbuds,2990.0,1495.0,50,4.2,20250,11189,1672,0,0,159,159,1,227
2023-03-11,B073496Y7S,boAt Rockerz Wireless Bluetooth Earbuds,2990.0,2093.0,30,4.3,18831,15878,1896,0,1,259,232,0,232
2023-03-12,B073496Y7S,boAt Rockerz Wireless Bluetooth Earbuds,2990.0,1794.0,40,4.4,16703,6511,1235,0,1,104,104,1,194
2023-03-13,B073496Y7S,boAt Rockerz Wireless Bluetooth Earbuds,2990.0,2392.0,20,4.3,19074,7150,1197,0,0,169,138,0,138
2023-03-14,B073496Y7S,boAt Rockerz Wireless Bluetooth Earbuds,2990.0,1495.0,50,4.5,22462,11107,1668,0,0,161,161,1,232
2023-03-15,B073496Y7S,boAt Rockerz Wireless Bluetooth Earbuds,2990.0,2392.0,20,4.5,22391,7280,755,0,0,273,160,0,160
2023-03-16,B073496Y7S,boAt Rockerz Wireless Bluetooth Earbuds,2990.0,2392.0,20,4.4,22788,8199,1376,0,0,307,168,0,168
2023-03-17,B073496Y7S,boAt Rockerz Wireless Bluetooth Earbuds,2990.0,1495.0,50,4.1,22824,6784,562,0,0,266,181,0,181
2023-03-18,B073496Y7S,boAt Rockerz Wireless Bluetooth Earbuds,2990.0,1794.0,40,4.1,22646,8738,1010,0,1,226,188,0,188
2023-03-19,B073496Y7S,boAt Rockerz Wireless Bluetooth Earbuds,2990.0,1495.0,50,4.2,22525,8456,1176,0,1,245,203,0,203
2023-03-20,B073496Y7S,boAt Rockerz Wireless Bluetooth Earbuds,2990.0,2392.0,20,3.9,17438,7496,550,0,0,106,106,1,150
2023-03-21,B073496Y7S,boAt Rockerz Wireless Bluetooth Earbuds,2990.0,2392.0,20,4.0,25161,5024,653,0,0,173,113,0,113
2023-03-22,B073496Y7S,boAt Rockerz Wireless Bluetooth Earbuds,2990.0,1794.0,40,4.0,16477,8981,735,0,0,349,190,0,190
2023-03-23,B073496Y7S,boAt Rockerz Wireless Bluetooth Earbuds,2990.0,2392.0,20,4.3,22401,10059,1077,0,0,282,183,0,183
2023-03-24,B073496Y7S,boAt Rockerz Wireless Bluetooth Earbuds,2990.0,2392.0,20,4.0,21651,10828,1297,0,0,249,168,0,168
2023-03-25,B073496Y7S,boAt Rockerz Wireless Bluetooth Earbuds,2990.0,2093.0,30,4.4,20052,10136,1258,0,1,229,194,0,194
2023-03-26,B073496Y7S,boAt Rockerz Wireless Bluetooth Earbuds,2990.0,1794.0,40,4.1,18892,14561,1853,0,1,170,170,1,236
2023-03-27,B073496Y7S,boAt Rockerz Wireless Bluetooth Earbuds,2990.0,2392.0,20,3.9,17331,6929,610,0,0,148,138,0,138
2023-03-28,B073496Y7S,boAt Rockerz Wireless Bluetooth Earbuds,2990.0,2392.0,20,3.9,23117,9078,1399,0,0,237,166,0,166
2023-03-29,B073496Y7S,boAt Rockerz Wireless Bluetooth Earbuds,2990.0,2093.0,30,3.9,22212,8516,1574,0,0,291,164,0,164
2023-03-30,B073496Y7S,boAt Rockerz Wireless Bluetooth Earbuds,2990.0,2392.0,20,3.9,22421,9550,1144,0,0,98,98,1,147
2023-03-31,B073496Y7S,boAt Rockerz Wireless Bluetooth Earbuds,2990.0,1794.0,40,4.2,21938,8742,606,0,0,113,113,1,176
2023-04-01,B073496Y7S,boAt Rockerz Wireless Bluetooth Earbuds,2990.0,1794.0,40,3.9,16726,7887,1218,0,1,177,177,1,200
2023-04-02,B073496Y7S,boAt Rockerz Wireless Bluetooth Earbuds,2990.0,2093.0,30,4.3,20076,7729,1198,0,1,83,83,1,163
2023-04-03,B073496Y7S,boAt Rockerz Wireless Bluetooth Earbuds,2990.0,1794.0,40,4.2,21330,13386,1797,0,0,226,216,0,216
2023-04-04,B073496Y7S,boAt Rockerz Wireless Bluetooth Earbuds,2990.0,2392.0,20,3.8,17441,12868,1796,0,0,216,182,0,182
2023-04-05,B073496Y7S,boAt Rockerz Wireless Bluetooth Earbuds,2990.0,2392.0,20,4.4,21638,15362,1917,0,0,152,152,1,239
2023-04-06,B073496Y7S,boAt Rockerz Wireless Bluetooth Earbuds,2990.0,2093.0,30,4.2,22366,9279,1094,0,0,90,90,1,170
2023-04-07,B073496Y7S,boAt Rockerz Wireless Bluetooth Earbuds,2990.0,1794.0,40,4.2,16356,12661,1900,0,0,217,213,0,213
2023-04-08,B073496Y7S,boAt Rockerz Wireless Bluetooth Earbuds,2990.0,2392.0,20,3.9,19220,12574,1322,0,1,327,171,0,171
2023-04-09,B073496Y7S,boAt Rockerz Wireless Bluetooth Earbuds,2990.0,2392.0,20,4.3,24601,13147,1746,0,1,155,155,1,188
2023-04-10,B073496Y7S,boAt Rockerz Wireless Bluetooth Earbuds,2990.0,1495.0,50,4.2,21811,10846,1823,0,0,230,227,0,227
2023-04-11,B073496Y7S,boAt Rockerz Wireless Bluetooth Earbuds,2990.0,1794.0,40,3.9,19708,5913,639,0,0,204,158,0,158
2023-04-12,B073496Y7S,boAt Rockerz Wireless Bluetooth Earbuds,2990.0,2392.0,20,4.1,17531,4838,758,0,0,72,72,1,126
2023-04-13,B073496Y7S,boAt Rockerz Wireless Bluetooth Earbuds,2990.0,2093.0,30,4.2,22551,5718,512,0,0,94,94,1,157
2023-04-14,B073496Y7S,boAt Rockerz Wireless Bluetooth Earbuds,2990.0,2392.0,20,4.1,19005,14348,1618,0,0,329,189,0,189
2023-04-15,B073496Y7S,boAt Rockerz Wireless Bluetooth Earbuds,2990.0,2093.0,30,4.5,19050,10230,1660,0,1,154,154,1,191
2023-04-16,B073496Y7S,boAt Rockerz Wireless Bluetooth Earbuds,2990.0,1794.0,40,3.9,24589,11912,1752,0,1,396,212,0,212
2023-04-17,B073496Y7S,boAt Rockerz Wireless Bluetooth Earbuds,2990.0,2392.0,20,4.4,23076,4344,577,0,0,211,133,0,133
2023-04-18,B073496Y7S,boAt Rockerz Wireless Bluetooth Earbuds,2990.0,1794.0,40,4.1,22478,6749,921,0,0,218,153,0,153
2023-04-19,B073496Y7S,boAt Rockerz Wireless Bluetooth Earbuds,2990.0,2093.0,30,4.0,19573,12979,1320,0,0,108,108,1,189
2023-04-20,B073496Y7S,boAt Rockerz Wireless Bluetooth Earbuds,2990.0,1794.0,40,4.1,24214,13235,1754,0,0,153,153,1,233
2023-04-21,B073496Y7S,boAt Rockerz Wireless Bluetooth Earbuds,2990.0,1794.0,40,4.3,16500,6876,788,0,0,203,173,0,173
2023-04-22,B073496Y7S,boAt Rockerz Wireless Bluetooth Earbuds,2990.0,1794.0,40,3.9,21926,7217,715,0,1,250,189,0,189
2023-04-23,B073496Y7S,boAt Rockerz Wireless Bluetooth Earbuds,2990.0,2093.0,30,4.1,17931,12963,1343,0,1,400,219,0,219
2023-04-24,B073496Y7S,boAt Rockerz Wireless Bluetooth Earbuds,2990.0,1794.0,40,4.2,21344,7426,510,0,0,130,130,1,187
2023-04-25,B073496Y7S,boAt Rockerz Wireless Bluetooth Earbuds,2990.0,2392.0,20,4.1,15915,7946,801,0,0,291,151,0,151
2023-04-26,B073496Y7S,boAt Rockerz Wireless Bluetooth Earbuds,2990.0,2392.0,20,4.3,19106,10907,1503,0,0,233,203,0,203
2023-04-27,B073496Y7S,boAt Rockerz Wireless Bluetooth Earbuds,2990.0,1495.0,50,4.3,18757,13088,1508,0,0,297,232,0,232
2023-04-28,B073496Y7S,boAt Rockerz Wireless Bluetooth Earbuds,2990.0,1794.0,40,4.0,19606,7925,1066,0,0,234,173,0,173
2023-04-29,B073496Y7S,boAt Rockerz Wireless Bluetooth Earbuds,2990.0,2392.0,20,4.3,23983,17202,1959,0,1,132,132,1,216
2023-04-30,B073496Y7S,boAt Rockerz Wireless Bluetooth Earbuds,2990.0,1794.0,40,4.4,23665,12825,1733,0,1,119,119,1,207
2023-05-01,B073496Y7S,boAt Rockerz Wireless Bluetooth Earbuds,2990.0,2093.0,30,3.8,16805,8870,1163,0,0,264,176,0,176
2023-05-02,B073496Y7S,boAt Rockerz Wireless Bluetooth Earbuds,2990.0,1794.0,40,4.0,18318,7157,655,0,0,283,170,0,170
2023-05-03,B073496Y7S,boAt Rockerz Wireless Bluetooth Earbuds,2990.0,1495.0,50,4.1,19853,6303,841,0,0,311,176,0,176
2023-05-04,B073496Y7S,boAt Rockerz Wireless Bluetooth Earbuds,2990.0,2392.0,20,4.3,23673,12792,1451,0,0,248,182,0,182
2023-05-05,B073496Y7S,boAt Rockerz Wireless Bluetooth Earbuds,2990.0,2392.0,20,3.8,24097,12557,1667,0,0,289,192,0,192
2023-05-06,B073496Y7S,boAt Rockerz Wireless Bluetooth Earbuds,2990.0,2093.0,30,4.1,21422,9377,1446,0,1,90,90,1,166
2023-05-07,B073496Y7S,boAt Rockerz Wireless Bluetooth Earbuds,2990.0,1794.0,40,4.5,20503,16466,1981,0,1,412,250,0,250
2023-05-08,B073496Y7S,boAt Rockerz Wireless Bluetooth Earbuds,2990.0,1794.0,40,4.3,16467,6795,812,0,0,340,173,0,173
2023-05-09,B073496Y7S,boAt Rockerz Wireless Bluetooth Earbuds,2990.0,2392.0,20,3.9,18950,12626,1752,0,0,390,201,0,201
2023-05-10,B073496Y7S,boAt Rockerz Wireless Bluetooth Earbuds,2990.0,2392.0,20,4.3,18183,7679,951,0,0,289,155,0,155
2023-05-11,B073496Y7S,boAt Rockerz Wireless Bluetooth Earbuds,2990.0,2093.0,30,4.0,21800,6726,829,0,0,159,157,0,157
2023-05-12,B073496Y7S,boAt Rockerz Wireless Bluetooth Earbuds,2990.0,1794.0,40,4.4,21690,9767,1245,0,0,221,207,0,207
2023-05-13,B073496Y7S,boAt Rockerz Wireless Bluetooth Earbuds,2990.0,2392.0,20,4.2,16939,11439,1404,0,1,244,175,0,175
2023-05-14,B073496Y7S,boAt Rockerz Wireless Bluetooth Earbuds,2990.0,2093.0,30,4.4,19888,10701,1235,0,1,305,194,0,194
2023-05-15,B073496Y7S,boAt Rockerz Wireless Bluetooth Earbuds,2990.0,2392.0,20,4.2,24098,11392,1804,0,0,237,169,0,169
2023-05-16,B073496Y7S,boAt Rockerz Wireless Bluetooth Earbuds,2990.0,2093.0,30,3.9,24671,6887,574,0,0,127,127,1,172
2023-05-17,B073496Y7S,boAt Rockerz Wireless Bluetooth Earbuds,2990.0,2093.0,30,4.0,22864,10792,1676,0,0,361,188,0,188
2023-05-18,B073496Y7S,boAt Rockerz Wireless Bluetooth Earbuds,2990.0,2093.0,30,4.1,25585,14660,1924,0,0,303,228,0,228
2023-05-19,B073496Y7S,boAt Rockerz Wireless Bluetooth Earbuds,2990.0,2093.0,30,3.8,18757,10279,1886,0,0,230,164,0,164
2023-05-20,B073496Y7S,boAt Rockerz Wireless Bluetooth Earbuds,2990.0,1794.0,40,4.1,22514,13876,1636,0,1,342,233,0,233
2023-05-21,B073496Y7S,boAt Rockerz Wireless Bluetooth Earbuds,2990.0,1495.0,50,4.1,18411,9920,1257,0,1,308,216,0,216
2023-05-22,B073496Y7S,boAt Rockerz Wireless Bluetooth Earbuds,2990.0,1794.0,40,3.9,18048,9127,1540,0,0,188,171,0,171
2023-05-23,B073496Y7S,boAt Rockerz Wireless Bluetooth Earbuds,2990.0,2093.0,30,4.0,16962,8242,607,0,0,103,103,1,175
2023-05-24,B073496Y7S,boAt Rockerz Wireless Bluetooth Earbuds,2990.0,1495.0,50,4.1,23697,4089,511,0,0,161,158,0,158
2023-05-25,B073496Y7S,boAt Rockerz Wireless Bluetooth Earbuds,2990.0,1794.0,40,4.4,17470,7383,873,0,0,231,179,0,179
2023-05-26,B073496Y7S,boAt Rockerz Wireless Bluetooth Earbuds,2990.0,2093.0,30,3.8,23963,12787,1811,0,0,176,176,1,182
2023-05-27,B073496Y7S,boAt Rockerz Wireless Bluetooth Earbuds,2990.0,1495.0,50,3.8,24550,7822,636,0,1,202,200,0,200
2023-05-28,B073496Y7S,boAt Rockerz Wireless Bluetooth Earbuds,2990.0,2392.0,20,4.2,22873,7001,1119,0,1,201,143,0,143
2023-05-29,B073496Y7S,boAt Rockerz Wireless Bluetooth Earbuds,2990.0,2093.0,30,4.0,20018,10816,1482,0,0,303,188,0,188
2023-05-30,B073496Y7S,boAt Rockerz Wireless Bluetooth Earbuds,2990.0,2093.0,30,4.1,25068,9054,1393,0,0,262,187,0,187
2023-05-31,B073496Y7S,boAt Rockerz Wireless Bluetooth Earbuds,2990.0,1495.0,50,3.8,25746,11203,1664,0,0,431,228,0,228
2023-06-01,B073496Y7S,boAt Rockerz Wireless Bluetooth Earbuds,2990.0,2093.0,30,4.2,19266,13126,1762,0,0,164,164,1,201
2023-06-02,B073496Y7S,boAt Rockerz Wireless Bluetooth Earbuds,2990.0,2392.0,20,3.9,16925,7625,875,0,0,250,151,0,151
2023-06-03,B073496Y7S,boAt Rockerz Wireless Bluetooth Earbuds,2990.0,2392.0,20,4.5,18397,9042,898,0,1,229,180,0,180
2023-06-04,B073496Y7S,boAt Rockerz Wireless Bluetooth Earbuds,2990.0,1495.0,50,4.4,24900,12458,1903,0,1,180,180,1,238
2023-06-05,B073496Y7S,boAt Rockerz Wireless Bluetooth Earbuds,2990.0,2093.0,30,3.9,21465,15237,1833,0,0,443,229,0,229
2023-06-06,B073496Y7S,boAt Rockerz Wireless Bluetooth Earbuds,2990.0,2392.0,20,4.1,16716,11514,1252,0,0,132,132,1,173
2023-06-07,B073496Y7S,boAt Rockerz Wireless Bluetooth Earbuds,2990.0,2392.0,20,4.2,17698,8869,918,0,0,222,157,0,157
2023-06-08,B073496Y7S,boAt Rockerz Wireless Bluetooth Earbuds,2990.0,2392.0,20,4.4,20666,14418,1643,0,0,207,207,1,221
2023-06-09,B073496Y7S,boAt Rockerz Wireless Bluetooth Earbuds,2990.0,2093.0,30,4.1,24974,14152,1718,0,0,285,232,0,232
2023-06-10,B073496Y7S,boAt Rockerz Wireless Bluetooth Earbuds,2990.0,1794.0,40,4.3,25410,11238,1454,0,1,272,195,0,195
2023-06-11,B073496Y7S,boAt Rockerz Wireless Bluetooth Earbuds,2990.0,2093.0,30,3.9,25708,11810,1472,0,1,172,172,1,185
2023-06-12,B073496Y7S,boAt Rockerz Wireless Bluetooth Earbuds,2990.0,2392.0,20,4.4,16127,8044,848,0,0,174,168,0,168
2023-06-13,B073496Y7S,boAt Rockerz Wireless Bluetooth Earbuds,2990.0,1794.0,40,4.3,20126,14168,1670,0,0,168,168,1,221
2023-06-14,B073496Y7S,boAt Rockerz Wireless Bluetooth Earbuds,2990.0,1794.0,40,4.3,16182,8626,1056,0,0,282,191,0,191
2023-06-15,B073496Y7S,boAt Rockerz Wireless Bluetooth Earbuds,2990.0,2392.0,20,4.4,24842,8732,1260,0,0,246,154,0,154
2023-06-16,B073496Y7S,boAt Rockerz Wireless Bluetooth Earbuds,2990.0,2392.0,20,4.0,19571,8538,581,0,0,265,145,0,145
2023-06-17,B073496Y7S,boAt Rockerz Wireless Bluetooth Earbuds,2990.0,2392.0,20,4.2,16971,14646,1756,0,1,293,213,0,213
2023-06-18,B073496Y7S,boAt Rockerz Wireless Bluetooth Earbuds,2990.0,2392.0,20,4.4,16847,13493,1849,0,1,161,161,1,204
2023-06-19,B073496Y7S,boAt Rockerz Wireless Bluetooth Earbuds,2990.0,2392.0,20,4.3,16122,9255,1719,0,0,323,164,0,164
2023-06-20,B073496Y7S,boAt Rockerz Wireless Bluetooth Earbuds,2990.0,1495.0,50,3.9,24959,8923,900,0,0,347,194,0,194
2023-06-21,B073496Y7S,boAt Rockerz Wireless Bluetooth Earbuds,2990.0,2392.0,20,4.3,20981,6864,528,0,0,191,163,0,163
2023-06-22,B073496Y7S,boAt Rockerz Wireless Bluetooth Earbuds,2990.0,2093.0,30,4.3,25505,11648,1237,0,0,179,179,1,210
2023-06-23,B073496Y7S,boAt Rockerz Wireless Bluetooth Earbuds,2990.0,2392.0,20,3.9,19020,11566,1545,0,0,323,177,0,177
2023-06-24,B073496Y7S,boAt Rockerz Wireless Bluetooth Earbuds,2990.0,2392.0,20,4.3,22316,12937,1368,0,1,350,189,0,189
2023-06-25,B073496Y7S,boAt Rockerz Wireless Bluetooth Earbuds,2990.0,2392.0,20,4.3,17855,8693,1686,0,1,98,98,1,174
2023-06-26,B073496Y7S,boAt Rockerz Wireless Bluetooth Earbuds,2990.0,2093.0,30,4.1,19490,9893,1583,0,0,296,196,0,196
2023-06-27,B073496Y7S,boAt Rockerz Wireless Bluetooth Earbuds,2990.0,2093.0,30,3.9,24769,9759,877,0,0,89,89,1,151
2023-06-28,B073496Y7S,boAt Rockerz Wireless Bluetooth Earbuds,2990.0,2093.0,30,3.9,17765,6709,1020,0,0,194,156,0,156
2023-06-29,B073496Y7S,boAt Rockerz Wireless Bluetooth Earbuds,2990.0,2093.0,30,4.1,19683,6195,1220,0,0,133,133,1,141
2023-06-30,B073496Y7S,boAt Rockerz Wireless Bluetooth Earbuds,2990.0,2392.0,20,4.5,24257,6951,510,0,0,118,118,1,157
2023-07-01,B073496Y7S,boAt Rockerz Wireless Bluetooth Earbuds,2990.0,2392.0,20,4.5,21696,13025,1986,0,1,193,193,1,205
2023-07-02,B073496Y7S,boAt Rockerz Wireless Bluetooth Earbuds,2990.0,1794.0,40,4.2,21957,4690,741,0,1,239,165,0,165
2023-07-03,B073496Y7S,boAt Rockerz Wireless Bluetooth Earbuds,2990.0,2392.0,20,3.9,16832,11069,1626,0,0,175,172,0,172
2023-07-04,B073496Y7S,boAt Rockerz Wireless Bluetooth Earbuds,2990.0,2093.0,30,4.4,18961,5051,605,0,0,146,146,1,148
2023-07-05,B073496Y7S,boAt Rockerz Wireless Bluetooth Earbuds,2990.0,2392.0,20,4.2,24832,15109,1787,0,0,425,217,0,217
2023-07-06,B073496Y7S,boAt Rockerz Wireless Bluetooth Earbuds,2990.0,1794.0,40,4.2,18360,4234,506,0,0,235,165,0,165
2023-07-07,B073496Y7S,boAt Rockerz Wireless Bluetooth Earbuds,2990.0,2093.0,30,3.8,23802,11323,1373,0,0,105,105,1,189
2023-07-08,B073496Y7S,boAt Rockerz Wireless Bluetooth Earbuds,2990.0,2392.0,20,3.9,17206,4845,621,0,1,173,111,0,111
2023-07-09,B073496Y7S,boAt Rockerz Wireless Bluetooth Earbuds,2990.0,2093.0,30,3.8,23924,9969,1413,0,1,143,143,1,171
2023-07-10,B073496Y7S,boAt Rockerz Wireless Bluetooth Earbuds,2990.0,2093.0,30,3.9,22186,10612,1730,0,0,100,100,1,194
2023-07-11,B073496Y7S,boAt Rockerz Wireless Bluetooth Earbuds,2990.0,1794.0,40,4.3,16910,7659,651,0,0,184,178,0,178
2023-07-12,B073496Y7S,boAt Rockerz Wireless Bluetooth Earbuds,2990.0,2093.0,30,3.8,21591,10218,1077,0,0,195,162,0,162
2023-07-13,B073496Y7S,boAt Rockerz Wireless Bluetooth Earbuds,2990.0,2392.0,20,4.1,19679,12567,1760,0,0,314,181,0,181
2023-07-14,B073496Y7S,boAt Rockerz Wireless Bluetooth Earbuds,2990.0,2392.0,20,4.3,22865,6373,977,0,0,107,107,1,142
2023-07-15,B073496Y7S,boAt Rockerz Wireless Bluetooth Earbuds,2990.0,1794.0,40,4.1,18340,6198,880,0,1,154,142,0,142
2023-07-16,B073496Y7S,boAt Rockerz Wireless Bluetooth Earbuds,2990.0,2093.0,30,3.9,24199,4974,565,0,1,257,149,0,149
2023-07-17,B073496Y7S,boAt Rockerz Wireless Bluetooth Earbuds,2990.0,2392.0,20,4.0,22415,14385,1918,0,0,365,192,0,192
2023-07-18,B073496Y7S,boAt Rockerz Wireless Bluetooth Earbuds,2990.0,2392.0,20,4.1,19422,12318,1780,0,0,163,163,1,200
2023-07-19,B073496Y7S,boAt Rockerz Wireless Bluetooth Earbuds,2990.0,2392.0,20,4.1,19173,10317,1186,0,0,207,177,0,177
2023-07-20,B073496Y7S,boAt Rockerz Wireless Bluetooth Earbuds,2990.0,1794.0,40,4.2,17742,9227,1119,0,0,114,114,1,191
2023-07-21,B073496Y7S,boAt Rockerz Wireless Bluetooth Earbuds,2990.0,2392.0,20,4.2,17063,5246,697,0,0,132,129,0,129
2023-07-22,B073496Y7S,boAt Rockerz Wireless Bluetooth Earbuds,2990.0,2392.0,20,4.2,25237,8424,989,0,1,262,156,0,156
2023-07-23,B073496Y7S,boAt Rockerz Wireless Bluetooth Earbuds,2990.0,2093.0,30,4.0,22585,10869,1701,0,1,245,191,0,191
2023-07-24,B073496Y7S,boAt Rockerz Wireless Bluetooth Earbuds,2990.0,2392.0,20,4.0,17989,11796,1245,0,0,90,90,1,173
2023-07-25,B073496Y7S,boAt Rockerz Wireless Bluetooth Earbuds,2990.0,1495.0,50,4.0,21263,13403,1741,0,0,241,241,1,256
2023-07-26,B073496Y7S,boAt Rockerz Wireless Bluetooth Earbuds,2990.0,2392.0,20,4.4,16332,9823,1243,0,0,85,85,1,171
2023-07-27,B073496Y7S,boAt Rockerz Wireless Bluetooth Earbuds,2990.0,2392.0,20,4.3,19159,15550,1827,0,0,328,218,0,218
2023-07-28,B073496Y7S,boAt Rockerz Wireless Bluetooth Earbuds,2990.0,2392.0,20,4.2,16614,10478,1684,0,0,242,168,0,168
2023-07-29,B073496Y7S,boAt Rockerz Wireless Bluetooth Earbuds,2990.0,1794.0,40,4.4,19218,7747,993,0,1,173,173,1,185
2023-07-30,B073496Y7S,boAt Rockerz Wireless Bluetooth Earbuds,2990.0,1794.0,40,4.0,17438,11326,1854,0,1,160,160,1,192
2023-07-31,B073496Y7S,boAt Rockerz Wireless Bluetooth Earbuds,2990.0,2392.0,20,4.1,25163,9931,1327,0,0,311,177,0,177
2023-08-01,B073496Y7S,boAt Rockerz Wireless Bluetooth Earbuds,2990.0,2392.0,20,4.0,23070,12697,1467,0,0,177,177,1,186
2023-08-02,B073496Y7S,boAt Rockerz Wireless Bluetooth Earbuds,2990.0,1794.0,40,4.2,17242,7286,1164,0,0,323,192,0,192
2023-08-03,B073496Y7S,boAt Rockerz Wireless Bluetooth Earbuds,2990.0,2093.0,30,4.3,21515,9602,997,0,0,291,178,0,178
2023-08-04,B073496Y7S,boAt Rockerz Wireless Bluetooth Earbuds,2990.0,2392.0,20,3.9,16215,6798,969,0,0,194,141,0,141
2023-08-05,B073496Y7S,boAt Rockerz Wireless Bluetooth Earbuds,2990.0,2093.0,30,4.2,19690,9666,1250,0,1,239,189,0,189
2023-08-06,B073496Y7S,boAt Rockerz Wireless Bluetooth Earbuds,2990.0,2392.0,20,4.5,18222,12685,1868,0,1,196,178,0,178
2023-08-07,B073496Y7S,boAt Rockerz Wireless Bluetooth Earbuds,2990.0,2392.0,20,4.2,19744,7743,1458,0,0,209,163,0,163
2023-08-08,B073496Y7S,boAt Rockerz Wireless Bluetooth Earbuds,2990.0,2392.0,20,4.2,22379,10496,1386,0,0,298,171,0,171
2023-08-09,B073496Y7S,boAt Rockerz Wireless Bluetooth Earbuds,2990.0,2093.0,30,4.4,16109,10420,1483,0,0,143,143,1,191
2023-08-10,B073496Y7S,boAt Rockerz Wireless Bluetooth Earbuds,2990.0,2392.0,20,4.3,22912,10988,1030,0,0,291,180,0,180
2023-08-11,B073496Y7S,boAt Rockerz Wireless Bluetooth Earbuds,2990.0,1794.0,40,4.3,19150,15034,1962,0,0,282,244,0,244
2023-08-12,B073496Y7S,boAt Rockerz Wireless Bluetooth Earbuds,2990.0,2392.0,20,3.9,18967,9574,918,0,1,88,88,1,156
2023-08-13,B073496Y7S,boAt Rockerz Wireless Bluetooth Earbuds,2990.0,2392.0,20,4.1,22772,6929,940,0,1,219,148,0,148
2023-08-14,B073496Y7S,boAt Rockerz Wireless Bluetooth Earbuds,2990.0,2093.0,30,4.1,22727,10873,1498,0,0,104,104,1,172
2023-08-15,B073496Y7S,boAt Rockerz Wireless Bluetooth Earbuds,2990.0,2093.0,30,4.0,25512,6489,1120,0,0,153,153,1,163
2023-08-16,B073496Y7S,boAt Rockerz Wireless Bluetooth Earbuds,2990.0,2392.0,20,4.0,18607,9911,1498,0,0,219,181,0,181
2023-08-17,B073496Y7S,boAt Rockerz Wireless Bluetooth Earbuds,2990.0,2093.0,30,3.8,20395,5854,648,0,0,198,148,0,148
2023-08-18,B073496Y7S,boAt Rockerz Wireless Bluetooth Earbuds,2990.0,2093.0,30,3.9,21394,9957,1226,0,0,307,199,0,199
2023-08-19,B073496Y7S,boAt Rockerz Wireless Bluetooth Earbuds,2990.0,1495.0,50,4.1,20361,12724,1787,0,1,318,223,0,223
2023-08-20,B073496Y7S,boAt Rockerz Wireless Bluetooth Earbuds,2990.0,2093.0,30,4.1,19238,10386,1156,0,1,97,97,1,190
2023-08-21,B073496Y7S,boAt Rockerz Wireless Bluetooth Earbuds,2990.0,1495.0,50,4.0,20603,7558,1126,0,0,219,199,0,199
2023-08-22,B073496Y7S,boAt Rockerz Wireless Bluetooth Earbuds,2990.0,2093.0,30,3.9,22714,11198,1477,0,0,257,195,0,195
2023-08-23,B073496Y7S,boAt Rockerz Wireless Bluetooth Earbuds,2990.0,2093.0,30,4.2,25885,10057,1237,0,0,151,151,1,172
2023-08-24,B073496Y7S,boAt Rockerz Wireless Bluetooth Earbuds,2990.0,2392.0,20,4.0,18671,11402,1334,0,0,236,167,0,167
2023-08-25,B073496Y7S,boAt Rockerz Wireless Bluetooth Earbuds,2990.0,2093.0,30,4.2,17622,6310,905,0,0,77,77,1,133
2023-08-26,B073496Y7S,boAt Rockerz Wireless Bluetooth Earbuds,2990.0,1495.0,50,3.9,24970,14323,1952,0,1,284,255,0,255
2023-08-27,B073496Y7S,boAt Rockerz Wireless Bluetooth Earbuds,2990.0,1794.0,40,3.9,23883,7587,572,0,1,294,179,0,179
2023-08-28,B073496Y7S,boAt Rockerz Wireless Bluetooth Earbuds,2990.0,1495.0,50,4.2,21851,9337,1292,0,0,262,198,0,198
2023-08-29,B073496Y7S,boAt Rockerz Wireless Bluetooth Earbuds,2990.0,2093.0,30,3.9,21117,7280,737,0,0,222,148,0,148
2023-08-30,B073496Y7S,boAt Rockerz Wireless Bluetooth Earbuds,2990.0,2392.0,20,3.9,23545,15266,1535,0,0,195,195,1,209
2023-08-31,B073496Y7S,boAt Rockerz Wireless Bluetooth Earbuds,2990.0,2392.0,20,4.2,21987,7812,1488,0,0,96,96,1,133
2023-09-01,B073496Y7S,boAt Rockerz Wireless Bluetooth Earbuds,2990.0,2392.0,20,4.3,22703,7911,1141,0,0,240,165,0,165
2023-09-02,B073496Y7S,boAt Rockerz Wireless Bluetooth Earbuds,2990.0,2093.0,30,4.5,21668,10125,1679,0,1,192,192,1,193
2023-09-03,B073496Y7S,boAt Rockerz Wireless Bluetooth Earbuds,2990.0,2093.0,30,4.5,23153,5326,600,0,1,121,121,1,140
2023-09-04,B073496Y7S,boAt Rockerz Wireless Bluetooth Earbuds,2990.0,2093.0,30,4.4,24087,14886,1586,0,0,111,111,1,211
2023-09-05,B073496Y7S,boAt Rockerz Wireless Bluetooth Earbuds,2990.0,2093.0,30,4.1,26191,9765,1097,0,0,149,149,1,177
2023-09-06,B073496Y7S,boAt Rockerz Wireless Bluetooth Earbuds,2990.0,2093.0,30,3.8,23998,12182,1160,0,0,111,111,1,199
2023-09-07,B073496Y7S,boAt Rockerz Wireless Bluetooth Earbuds,2990.0,2392.0,20,4.0,23625,5181,837,0,0,220,114,0,114
2023-09-08,B073496Y7S,boAt Rockerz Wireless Bluetooth Earbuds,2990.0,2392.0,20,4.0,21048,5500,807,0,0,109,109,1,117
2023-09-09,B073496Y7S,boAt Rockerz Wireless Bluetooth Earbuds,2990.0,2392.0,20,4.3,23649,16488,1959,0,1,130,130,1,221
2023-09-10,B073496Y7S,boAt Rockerz Wireless Bluetooth Earbuds,2990.0,1495.0,50,3.9,16276,11302,1643,0,1,342,222,0,222
2023-09-11,B073496Y7S,boAt Rockerz Wireless Bluetooth Earbuds,2990.0,2093.0,30,4.2,17040,8317,1225,0,0,227,167,0,167
2023-09-12,B073496Y7S,boAt Rockerz Wireless Bluetooth Earbuds,2990.0,2392.0,20,4.2,23353,7083,948,0,0,221,141,0,141
2023-09-13,B073496Y7S,boAt Rockerz Wireless Bluetooth Earbuds,2990.0,2392.0,20,3.8,16422,6956,776,0,0,178,139,0,139
2023-09-14,B073496Y7S,boAt Rockerz Wireless Bluetooth Earbuds,2990.0,1495.0,50,4.5,21610,13718,1914,0,0,448,259,0,259
2023-09-15,B073496Y7S,boAt Rockerz Wireless Bluetooth Earbuds,2990.0,2093.0,30,3.9,22796,16391,1743,0,0,373,236,0,236
2023-09-16,B073496Y7S,boAt Rockerz Wireless Bluetooth Earbuds,2990.0,2392.0,20,4.5,25444,11749,1905,0,1,284,191,0,191
2023-09-17,B073496Y7S,boAt Rockerz Wireless Bluetooth Earbuds,2990.0,1794.0,40,4.0,20042,8010,1151,0,1,368,200,0,200
2023-09-18,B073496Y7S,boAt Rockerz Wireless Bluetooth Earbuds,2990.0,2093.0,30,4.3,25803,12332,1811,0,0,220,194,0,194
2023-09-19,B073496Y7S,boAt Rockerz Wireless Bluetooth Earbuds,2990.0,2392.0,20,3.9,18766,9469,1695,0,0,192,161,0,161
2023-09-20,B073496Y7S,boAt Rockerz Wireless Bluetooth Earbuds,2990.0,2093.0,30,4.0,26069,15033,1745,0,0,259,223,0,223
2023-09-21,B073496Y7S,boAt Rockerz Wireless Bluetooth Earbuds,2990.0,1794.0,40,4.1,16616,12345,1883,0,0,334,198,0,198
2023-09-22,B073496Y7S,boAt Rockerz Wireless Bluetooth Earbuds,2990.0,2392.0,20,4.0,25173,7436,734,0,0,100,100,1,148
2023-09-23,B073496Y7S,boAt Rockerz Wireless Bluetooth Earbuds,2990.0,897.0,70,4.1,20508,49153,7163,1,1,754,668,0,668
2023-09-24,B073496Y7S,boAt Rockerz Wireless Bluetooth Earbuds,2990.0,1495.0,50,4.2,25224,24264,3653,1,1,504,448,0,448
2023-09-25,B073496Y7S,boAt Rockerz Wireless Bluetooth Earbuds,2990.0,1196.0,60,3.9,24888,39753,5727,1,0,546,546,1,572
2023-09-26,B073496Y7S,boAt Rockerz Wireless Bluetooth Earbuds,2990.0,1046.5,65,4.0,21683,29234,3855,1,0,559,517,0,517
2023-09-27,B073496Y7S,boAt Rockerz Wireless Bluetooth Earbuds,2990.0,1196.0,60,3.9,18504,44032,7132,1,0,900,607,0,607
2023-09-28,B073496Y7S,boAt Rockerz Wireless Bluetooth Earbuds,2990.0,1046.5,65,4.4,19433,19820,4256,1,0,803,435,0,435
2023-09-29,B073496Y7S,boAt Rockerz Wireless Bluetooth Earbuds,2990.0,1196.0,60,4.4,21544,34155,5895,1,0,405,405,1,548
2023-09-30,B073496Y7S,boAt Rockerz Wireless Bluetooth Earbuds,2990.0,1495.0,50,4.3,18289,20240,3013,1,1,225,225,1,412
2023-10-01,B073496Y7S,boAt Rockerz Wireless Bluetooth Earbuds,2990.0,1495.0,50,4.4,19657,45664,6621,1,1,643,617,0,617
2023-10-02,B073496Y7S,boAt Rockerz Wireless Bluetooth Earbuds,2990.0,1495.0,50,4.3,20329,31018,4813,1,0,307,307,1,496
2023-10-03,B073496Y7S,boAt Rockerz Wireless Bluetooth Earbuds,2990.0,1495.0,50,4.2,22729,41665,6501,1,0,838,594,0,594
2023-10-04,B073496Y7S,boAt Rockerz Wireless Bluetooth Earbuds,2990.0,897.0,70,3.9,17247,23372,4066,1,0,714,469,0,469
2023-10-05,B073496Y7S,boAt Rockerz Wireless Bluetooth Earbuds,2990.0,1794.0,40,4.0,19195,17332,2475,1,0,300,300,1,367
2023-10-06,B073496Y7S,boAt Rockerz Wireless Bluetooth Earbuds,2990.0,1196.0,60,4.1,17673,19913,2659,1,0,818,434,0,434
2023-10-07,B073496Y7S,boAt Rockerz Wireless Bluetooth Earbuds,2990.0,1495.0,50,3.9,24724,21061,4097,1,1,836,425,0,425
2023-10-08,B073496Y7S,boAt Rockerz Wireless Bluetooth Earbuds,2990.0,1495.0,50,4.2,19157,43799,5920,1,1,654,613,0,613
2023-10-09,B073496Y7S,boAt Rockerz Wireless Bluetooth Earbuds,2990.0,1495.0,50,4.1,25300,23706,4403,1,0,856,439,0,439
2023-10-10,B073496Y7S,boAt Rockerz Wireless Bluetooth Earbuds,2990.0,1196.0,60,4.1,19249,25505,5384,1,0,424,424,1,474
2023-10-11,B073496Y7S,boAt Rockerz Wireless Bluetooth Earbuds,2990.0,1495.0,50,4.4,23283,17772,3431,1,0,534,387,0,387
2023-10-12,B073496Y7S,boAt Rockerz Wireless Bluetooth Earbuds,2990.0,1495.0,50,4.0,19711,15693,2269,1,0,386,364,0,364
2023-10-13,B073496Y7S,boAt Rockerz Wireless Bluetooth Earbuds,2990.0,1495.0,50,3.9,21772,20315,3719,1,0,444,391,0,391
2023-10-14,B073496Y7S,boAt Rockerz Wireless Bluetooth Earbuds,2990.0,1495.0,50,4.0,17119,42034,6000,1,1,948,588,0,588
2023-10-15,B073496Y7S,boAt Rockerz Wireless Bluetooth Earbuds,2990.0,1046.5,65,4.1,18974,30822,5959,1,1,424,424,1,521
2023-10-16,B073496Y7S,boAt Rockerz Wireless Bluetooth Earbuds,2990.0,1495.0,50,4.0,20110,8806,1483,0,0,260,201,0,201
2023-10-17,B073496Y7S,boAt Rockerz Wireless Bluetooth Earbuds,2990.0,2392.0,20,4.0,23078,13994,1516,0,0,388,200,0,200
2023-10-18,B073496Y7S,boAt Rockerz Wireless Bluetooth Earbuds,2990.0,2093.0,30,3.9,23971,5954,527,0,0,171,148,0,148
2023-10-19,B073496Y7S,boAt Rockerz Wireless Bluetooth Earbuds,2990.0,2392.0,20,4.1,20103,8567,1341,0,0,105,105,1,169
2023-10-20,B073496Y7S,boAt Rockerz Wireless Bluetooth Earbuds,2990.0,1794.0,40,4.3,16557,10363,1667,0,0,154,154,1,193
2023-10-21,B073496Y7S,boAt Rockerz Wireless Bluetooth Earbuds,2990.0,2093.0,30,3.8,18319,8318,1060,0,1,105,105,1,173
2023-10-22,B073496Y7S,boAt Rockerz Wireless Bluetooth Earbuds,2990.0,2093.0,30,4.3,22244,6957,875,0,1,135,135,1,157
2023-10-23,B073496Y7S,boAt Rockerz Wireless Bluetooth Earbuds,2990.0,1794.0,40,4.2,18588,11007,1777,0,0,191,190,0,190
2023-10-24,B073496Y7S,boAt Rockerz Wireless Bluetooth Earbuds,2990.0,2392.0,20,4.4,23224,9500,878,0,0,87,87,1,153
2023-10-25,B073496Y7S,boAt Rockerz Wireless Bluetooth Earbuds,2990.0,2093.0,30,4.0,16960,15101,1820,0,0,180,180,1,218
2023-10-26,B073496Y7S,boAt Rockerz Wireless Bluetooth Earbuds,2990.0,1794.0,40,4.1,22553,7727,737,0,0,361,198,0,198
2023-10-27,B073496Y7S,boAt Rockerz Wireless Bluetooth Earbuds,2990.0,2093.0,30,4.1,16777,6242,539,0,0,194,133,0,133
2023-10-28,B073496Y7S,boAt Rockerz Wireless Bluetooth Earbuds,2990.0,2392.0,20,4.1,17187,9929,1112,0,1,202,169,0,169
2023-10-29,B073496Y7S,boAt Rockerz Wireless Bluetooth Earbuds,2990.0,1495.0,50,4.1,21613,9184,1169,0,1,200,199,0,199
2023-10-30,B073496Y7S,boAt Rockerz Wireless Bluetooth Earbuds,2990.0,1495.0,50,4.3,20221,8380,630,0,0,230,196,0,196
2023-10-31,B073496Y7S,boAt Rockerz Wireless Bluetooth Earbuds,2990.0,1495.0,50,4.0,16779,14445,1895,0,0,335,251,0,251
2023-11-01,B073496Y7S,boAt Rockerz Wireless Bluetooth Earbuds,2990.0,1196.0,60,4.5,22089,33219,4990,1,0,398,398,1,537
2023-11-02,B073496Y7S,boAt Rockerz Wireless Bluetooth Earbuds,2990.0,1046.5,65,4.2,20604,25445,5348,1,0,417,417,1,456
2023-11-03,B073496Y7S,boAt Rockerz Wireless Bluetooth Earbuds,2990.0,1196.0,60,4.1,22980,34288,7038,1,0,937,552,0,552
2023-11-04,B073496Y7S,boAt Rockerz Wireless Bluetooth Earbuds,2990.0,1196.0,60,4.4,24485,15933,2930,1,1,477,413,0,413
2023-11-05,B073496Y7S,boAt Rockerz Wireless Bluetooth Earbuds,2990.0,1794.0,40,4.0,16695,17138,3070,1,1,332,332,1,380
2023-11-06,B073496Y7S,boAt Rockerz Wireless Bluetooth Earbuds,2990.0,1495.0,50,3.8,17493,36749,5373,1,0,727,537,0,537
2023-11-07,B073496Y7S,boAt Rockerz Wireless Bluetooth Earbuds,2990.0,1495.0,50,4.4,18337,48612,6940,1,0,729,647,0,647
2023-11-08,B073496Y7S,boAt Rockerz Wireless Bluetooth Earbuds,2990.0,1794.0,40,4.1,23256,23014,4597,1,0,759,427,0,427
2023-11-09,B073496Y7S,boAt Rockerz Wireless Bluetooth Earbuds,2990.0,1495.0,50,4.4,22186,11943,2595,1,0,259,259,1,354
2023-11-10,B073496Y7S,boAt Rockerz Wireless Bluetooth Earbuds,2990.0,897.0,70,4.4,21959,21955,4331,1,0,293,293,1,463
2023-11-11,B073496Y7S,boAt Rockerz Wireless Bluetooth Earbuds,2990.0,1495.0,50,4.2,18101,46943,6882,1,1,987,624,0,624
2023-11-12,B073496Y7S,boAt Rockerz Wireless Bluetooth Earbuds,2990.0,1794.0,40,4.0,23391,29103,5447,1,1,434,434,1,465
2023-11-13,B073496Y7S,boAt Rockerz Wireless Bluetooth Earbuds,2990.0,1794.0,40,4.0,16620,34809,7827,1,0,879,517,0,517
2023-11-14,B073496Y7S,boAt Rockerz Wireless Bluetooth Earbuds,2990.0,1495.0,50,4.5,21959,40067,6790,1,0,1173,587,0,587
2023-11-15,B073496Y7S,boAt Rockerz Wireless Bluetooth Earbuds,2990.0,1495.0,50,4.1,17368,46060,6589,1,0,1171,607,0,607
2023-11-16,B073496Y7S,boAt Rockerz Wireless Bluetooth Earbuds,2990.0,2093.0,30,3.9,18639,13947,1724,0,0,142,142,1,217
2023-11-17,B073496Y7S,boAt Rockerz Wireless Bluetooth Earbuds,2990.0,1794.0,40,4.4,24068,7834,842,0,0,105,105,1,182
2023-11-18,B073496Y7S,boAt Rockerz Wireless Bluetooth Earbuds,2990.0,2093.0,30,4.4,23353,10158,905,0,1,135,135,1,196
2023-11-19,B073496Y7S,boAt Rockerz Wireless Bluetooth Earbuds,2990.0,2093.0,30,4.3,18456,10464,1978,0,1,285,185,0,185
2023-11-20,B073496Y7S,boAt Rockerz Wireless Bluetooth Earbuds,2990.0,2392.0,20,4.1,26599,11666,1610,0,0,229,155,0,155
2023-11-21,B073496Y7S,boAt Rockerz Wireless Bluetooth Earbuds,2990.0,2392.0,20,3.8,25541,7907,782,0,0,168,120,0,120
2023-11-22,B073496Y7S,boAt Rockerz Wireless Bluetooth Earbuds,2990.0,2093.0,30,3.9,22035,12313,1955,0,0,266,181,0,181
2023-11-23,B073496Y7S,boAt Rockerz Wireless Bluetooth Earbuds,2990.0,2093.0,30,3.8,17955,7980,1380,0,0,115,115,1,155
2023-11-24,B073496Y7S,boAt Rockerz Wireless Bluetooth Earbuds,2990.0,1794.0,40,4.2,22117,6625,881,0,0,125,125,1,178
2023-11-25,B073496Y7S,boAt Rockerz Wireless Bluetooth Earbuds,2990.0,2392.0,20,4.4,19506,5912,682,0,1,205,135,0,135
2023-11-26,B073496Y7S,boAt Rockerz Wireless Bluetooth Earbuds,2990.0,2392.0,20,4.0,24855,16333,1855,0,1,216,216,0,216
2023-11-27,B073496Y7S,boAt Rockerz Wireless Bluetooth Earbuds,2990.0,2093.0,30,4.0,22896,11130,1487,0,0,274,197,0,197
2023-11-28,B073496Y7S,boAt Rockerz Wireless Bluetooth Earbuds,2990.0,2093.0,30,4.3,20688,13200,1847,0,0,188,188,1,215
2023-11-29,B073496Y7S,boAt Rockerz Wireless Bluetooth Earbuds,2990.0,2392.0,20,4.2,17595,12099,1607,0,0,348,182,0,182
2023-11-30,B073496Y7S,boAt Rockerz Wireless Bluetooth Earbuds,2990.0,2093.0,30,4.3,19162,11413,1789,0,0,211,189,0,189
2023-12-01,B073496Y7S,boAt Rockerz Wireless Bluetooth Earbuds,2990.0,2392.0,20,3.9,17440,11131,1607,0,0,160,160,1,161
2023-12-02,B073496Y7S,boAt Rockerz Wireless Bluetooth Earbuds,2990.0,2093.0,30,4.2,18957,14544,1834,0,1,322,220,0,220
2023-12-03,B073496Y7S,boAt Rockerz Wireless Bluetooth Earbuds,2990.0,1794.0,40,4.0,23744,15988,1802,0,1,268,247,0,247
2023-12-04,B073496Y7S,boAt Rockerz Wireless Bluetooth Earbuds,2990.0,2093.0,30,3.9,18805,11180,1553,0,0,385,196,0,196
2023-12-05,B073496Y7S,boAt Rockerz Wireless Bluetooth Earbuds,2990.0,1794.0,40,4.4,23680,9637,1564,0,0,263,195,0,195
2023-12-06,B073496Y7S,boAt Rockerz Wireless Bluetooth Earbuds,2990.0,2093.0,30,3.9,16701,8938,1719,0,0,276,169,0,169
2023-12-07,B073496Y7S,boAt Rockerz Wireless Bluetooth Earbuds,2990.0,1495.0,50,4.0,19973,12545,1967,0,0,237,224,0,224
2023-12-08,B073496Y7S,boAt Rockerz Wireless Bluetooth Earbuds,2990.0,2093.0,30,3.9,25472,9367,824,0,0,200,171,0,171
2023-12-09,B073496Y7S,boAt Rockerz Wireless Bluetooth Earbuds,2990.0,2093.0,30,4.2,17764,11060,1911,0,1,159,159,1,186
2023-12-10,B073496Y7S,boAt Rockerz Wireless Bluetooth Earbuds,2990.0,1495.0,50,4.1,26085,11488,1953,0,1,344,223,0,223
2023-12-11,B073496Y7S,boAt Rockerz Wireless Bluetooth Earbuds,2990.0,2392.0,20,4.0,22988,11235,1410,0,0,208,170,0,170
2023-12-12,B073496Y7S,boAt Rockerz Wireless Bluetooth Earbuds,2990.0,2392.0,20,4.4,17510,5942,700,0,0,132,132,1,149
2023-12-13,B073496Y7S,boAt Rockerz Wireless Bluetooth Earbuds,2990.0,1495.0,50,4.1,20537,13665,1507,0,0,282,242,0,242
2023-12-14,B073496Y7S,boAt Rockerz Wireless Bluetooth Earbuds,2990.0,2392.0,20,4.0,17681,9298,1398,0,0,181,147,0,147
2023-12-15,B073496Y7S,boAt Rockerz Wireless Bluetooth Earbuds,2990.0,2392.0,20,3.8,17122,8209,1503,0,0,154,127,0,127
2023-12-16,B073496Y7S,boAt Rockerz Wireless Bluetooth Earbuds,2990.0,2093.0,30,4.5,21749,12534,1634,0,1,379,215,0,215
2023-12-17,B073496Y7S,boAt Rockerz Wireless Bluetooth Earbuds,2990.0,1794.0,40,4.0,26179,8787,1261,0,1,234,180,0,180
2023-12-18,B073496Y7S,boAt Rockerz Wireless Bluetooth Earbuds,2990.0,1794.0,40,4.4,22962,12125,1614,0,0,417,216,0,216
2023-12-19,B073496Y7S,boAt Rockerz Wireless Bluetooth Earbuds,2990.0,2093.0,30,4.4,23298,6275,975,0,0,92,92,1,162
2023-12-20,B073496Y7S,boAt Rockerz Wireless Bluetooth Earbuds,2990.0,1495.0,50,4.5,21526,11688,1827,0,0,182,182,1,227
2023-12-21,B073496Y7S,boAt Rockerz Wireless Bluetooth Earbuds,2990.0,2093.0,30,4.1,24039,14488,1940,0,0,357,219,0,219
2023-12-22,B073496Y7S,boAt Rockerz Wireless Bluetooth Earbuds,2990.0,2392.0,20,4.3,22843,9509,1473,0,0,248,141,0,141
2023-12-23,B073496Y7S,boAt Rockerz Wireless Bluetooth Earbuds,2990.0,2093.0,30,4.2,25874,8249,864,0,1,236,180,0,180
2023-12-24,B073496Y7S,boAt Rockerz Wireless Bluetooth Earbuds,2990.0,2392.0,20,4.0,23765,13344,1536,0,1,301,189,0,189
2023-12-25,B073496Y7S,boAt Rockerz Wireless Bluetooth Earbuds,2990.0,1794.0,40,4.5,22635,11773,1182,0,0,309,212,0,212
2023-12-26,B073496Y7S,boAt Rockerz Wireless Bluetooth Earbuds,2990.0,1794.0,40,4.0,17490,16806,1809,0,0,282,241,0,241
2023-12-27,B073496Y7S,boAt Rockerz Wireless Bluetooth Earbuds,2990.0,1495.0,50,4.3,21008,8990,1850,0,0,106,106,1,213
2023-12-28,B073496Y7S,boAt Rockerz Wireless Bluetooth Earbuds,2990.0,2392.0,20,3.8,24873,8303,687,0,0,76,76,1,153
2023-12-29,B073496Y7S,boAt Rockerz Wireless Bluetooth Earbuds,2990.0,1794.0,40,4.2,19985,15485,1788,0,0,310,246,0,246
2023-12-30,B073496Y7S,boAt Rockerz Wireless Bluetooth Earbuds,2990.0,2093.0,30,4.3,18907,5791,582,0,1,131,131,1,132
2023-12-31,B073496Y7S,boAt Rockerz Wireless Bluetooth Earbuds,2990.0,2392.0,20,4.2,24733,15907,1903,0,1,292,219,0,219
2024-01-01,B073496Y7S,boAt Rockerz Wireless Bluetooth Earbuds,2990.0,2392.0,20,4.0,19776,16761,1738,0,0,159,159,1,211
2024-01-02,B073496Y7S,boAt Rockerz Wireless Bluetooth Earbuds,2990.0,1495.0,50,4.0,18418,7323,820,0,0,146,146,1,189
2024-01-03,B073496Y7S,boAt Rockerz Wireless Bluetooth Earbuds,2990.0,2093.0,30,4.3,17017,14349,1546,0,0,120,120,1,222
2024-01-04,B073496Y7S,boAt Rockerz Wireless Bluetooth Earbuds,2990.0,1794.0,40,4.2,25691,7925,659,0,0,115,115,1,189
2024-01-05,B073496Y7S,boAt Rockerz Wireless Bluetooth Earbuds,2990.0,2093.0,30,3.9,24071,14321,1994,0,0,227,218,0,218
2024-01-06,B073496Y7S,boAt Rockerz Wireless Bluetooth Earbuds,2990.0,2392.0,20,4.4,24777,9178,853,0,1,300,156,0,156
2024-01-07,B073496Y7S,boAt Rockerz Wireless Bluetooth Earbuds,2990.0,2392.0,20,4.3,18664,12614,1619,0,1,187,187,1,201
2024-01-08,B073496Y7S,boAt Rockerz Wireless Bluetooth Earbuds,2990.0,1794.0,40,3.8,23328,11134,1439,0,0,262,202,0,202
2024-01-09,B073496Y7S,boAt Rockerz Wireless Bluetooth Earbuds,2990.0,2392.0,20,4.4,25875,4567,640,0,0,169,117,0,117
2024-01-10,B073496Y7S,boAt Rockerz Wireless Bluetooth Earbuds,2990.0,1495.0,50,4.3,25532,8981,717,0,0,284,220,0,220
2024-01-11,B073496Y7S,boAt Rockerz Wireless Bluetooth Earbuds,2990.0,2392.0,20,4.3,25995,8433,1022,0,0,107,107,1,166
2024-01-12,B073496Y7S,boAt Rockerz Wireless Bluetooth Earbuds,2990.0,2392.0,20,3.9,24002,9650,1816,0,0,108,108,1,136
2024-01-13,B073496Y7S,boAt Rockerz Wireless Bluetooth Earbuds,2990.0,2093.0,30,3.9,24820,5600,726,0,1,269,142,0,142
2024-01-14,B073496Y7S,boAt Rockerz Wireless Bluetooth Earbuds,2990.0,1794.0,40,4.1,25478,15231,1623,0,1,432,247,0,247
2024-01-15,B073496Y7S,boAt Rockerz Wireless Bluetooth Earbuds,2990.0,1794.0,40,4.0,26283,5201,661,0,0,82,82,1,153
2024-01-16,B073496Y7S,boAt Rockerz Wireless Bluetooth Earbuds,2990.0,2392.0,20,4.3,23369,10996,1439,0,0,121,121,1,202
2024-01-17,B073496Y7S,boAt Rockerz Wireless Bluetooth Earbuds,2990.0,2392.0,20,4.1,24385,5048,548,0,0,110,110,1,116
2024-01-18,B073496Y7S,boAt Rockerz Wireless Bluetooth Earbuds,2990.0,2392.0,20,4.4,20658,11149,1625,0,0,252,181,0,181
2024-01-19,B073496Y7S,boAt Rockerz Wireless Bluetooth Earbuds,2990.0,2093.0,30,4.1,18979,9724,1705,0,0,260,180,0,180
2024-01-20,B073496Y7S,boAt Rockerz Wireless Bluetooth Earbuds,2990.0,1794.0,40,3.8,20843,8664,618,0,1,268,176,0,176
2024-01-21,B073496Y7S,boAt Rockerz Wireless Bluetooth Earbuds,2990.0,2392.0,20,4.1,19717,12083,1944,0,1,241,179,0,179
2024-01-22,B073496Y7S,boAt Rockerz Wireless Bluetooth Earbuds,2990.0,1794.0,40,4.2,19733,5648,511,0,0,311,169,0,169
2024-01-23,B073496Y7S,boAt Rockerz Wireless Bluetooth Earbuds,2990.0,1794.0,40,3.8,21361,11871,1275,0,0,157,157,1,226
2024-01-24,B073496Y7S,boAt Rockerz Wireless Bluetooth Earbuds,2990.0,2392.0,20,4.0,25326,8979,988,0,0,303,173,0,173
2024-01-25,B073496Y7S,boAt Rockerz Wireless Bluetooth Earbuds,2990.0,2093.0,30,4.5,17575,10991,1107,0,0,239,194,0,194
2024-01-26,B073496Y7S,boAt Rockerz Wireless Bluetooth Earbuds,2990.0,1495.0,50,4.3,26694,51770,7690,1,0,729,672,0,672
2024-01-27,B073496Y7S,boAt Rockerz Wireless Bluetooth Earbuds,2990.0,2392.0,20,4.0,25607,7648,955,0,1,162,136,0,136
2024-01-28,B073496Y7S,boAt Rockerz Wireless Bluetooth Earbuds,2990.0,2093.0,30,4.0,18032,9836,1063,0,1,267,188,0,188
2024-01-29,B073496Y7S,boAt Rockerz Wireless Bluetooth Earbuds,2990.0,2392.0,20,3.9,24728,7183,860,0,0,230,140,0,140
2024-01-30,B073496Y7S,boAt Rockerz Wireless Bluetooth Earbuds,2990.0,1495.0,50,4.2,19753,13433,1645,0,0,332,247,0,247
2024-01-31,B073496Y7S,boAt Rockerz Wireless Bluetooth Earbuds,2990.0,2093.0,30,3.9,18732,4373,502,0,0,74,74,1,135
2024-02-01,B073496Y7S,boAt Rockerz Wireless Bluetooth Earbuds,2990.0,2392.0,20,3.8,24868,7840,830,0,0,248,160,0,160
2024-02-02,B073496Y7S,boAt Rockerz Wireless Bluetooth Earbuds,2990.0,2392.0,20,4.5,19728,11335,1613,0,0,224,172,0,172
2024-02-03,B073496Y7S,boAt Rockerz Wireless Bluetooth Earbuds,2990.0,2093.0,30,4.4,23092,6760,810,0,1,89,89,1,164
2024-02-04,B073496Y7S,boAt Rockerz Wireless Bluetooth Earbuds,2990.0,2392.0,20,4.1,20418,9165,994,0,1,118,118,1,160
2024-02-05,B073496Y7S,boAt Rockerz Wireless Bluetooth Earbuds,2990.0,1794.0,40,4.5,22973,4390,592,0,0,300,162,0,162
2024-02-06,B073496Y7S,boAt Rockerz Wireless Bluetooth Earbuds,2990.0,1495.0,50,4.0,25153,6690,669,0,0,148,148,1,188
2024-02-07,B073496Y7S,boAt Rockerz Wireless Bluetooth Earbuds,2990.0,1794.0,40,3.9,21454,15390,1974,0,0,363,233,0,233
2024-02-08,B073496Y7S,boAt Rockerz Wireless Bluetooth Earbuds,2990.0,1495.0,50,4.5,19191,11735,1100,0,0,434,224,0,224
2024-02-09,B073496Y7S,boAt Rockerz Wireless Bluetooth Earbuds,2990.0,2392.0,20,4.3,24798,14551,1882,0,0,190,190,1,218
2024-02-10,B073496Y7S,boAt Rockerz Wireless Bluetooth Earbuds,2990.0,2093.0,30,4.0,25370,10585,1927,0,1,140,140,1,165
2024-02-11,B073496Y7S,boAt Rockerz Wireless Bluetooth Earbuds,2990.0,2392.0,20,3.8,18943,11167,1716,0,1,147,147,1,160
2024-02-12,B073496Y7S,boAt Rockerz Wireless Bluetooth Earbuds,2990.0,2093.0,30,4.1,17695,7931,598,0,0,194,172,0,172
2024-02-13,B073496Y7S,boAt Rockerz Wireless Bluetooth Earbuds,2990.0,2392.0,20,4.4,23337,6929,1051,0,0,214,145,0,145
2024-02-14,B073496Y7S,boAt Rockerz Wireless Bluetooth Earbuds,2990.0,2093.0,30,3.9,23741,11058,1891,0,0,146,146,1,202
2024-02-15,B073496Y7S,boAt Rockerz Wireless Bluetooth Earbuds,2990.0,2392.0,20,3.8,17320,7339,920,0,0,260,145,0,145
2024-02-16,B073496Y7S,boAt Rockerz Wireless Bluetooth Earbuds,2990.0,1794.0,40,4.3,20130,8747,789,0,0,276,193,0,193
2024-02-17,B073496Y7S,boAt Rockerz Wireless Bluetooth Earbuds,2990.0,2392.0,20,4.1,17640,10871,1362,0,1,285,197,0,197
2024-02-18,B073496Y7S,boAt Rockerz Wireless Bluetooth Earbuds,2990.0,2093.0,30,3.8,26930,8472,1179,0,1,170,170,1,173
2024-02-19,B073496Y7S,boAt Rockerz Wireless Bluetooth Earbuds,2990.0,2392.0,20,4.0,22880,7047,841,0,0,242,148,0,148
2024-02-20,B073496Y7S,boAt Rockerz Wireless Bluetooth Earbuds,2990.0,1794.0,40,4.1,25572,9886,1201,0,0,297,184,0,184
2024-02-21,B073496Y7S,boAt Rockerz Wireless Bluetooth Earbuds,2990.0,2392.0,20,4.0,24294,7615,1003,0,0,139,139,1,163
2024-02-22,B073496Y7S,boAt Rockerz Wireless Bluetooth Earbuds,2990.0,2093.0,30,4.3,21623,5711,661,0,0,287,159,0,159
2024-02-23,B073496Y7S,boAt Rockerz Wireless Bluetooth Earbuds,2990.0,1495.0,50,3.8,19922,8171,935,0,0,284,188,0,188
2024-02-24,B073496Y7S,boAt Rockerz Wireless Bluetooth Earbuds,2990.0,2093.0,30,4.1,24456,7231,603,0,1,202,161,0,161
2024-02-25,B073496Y7S,boAt Rockerz Wireless Bluetooth Earbuds,2990.0,1794.0,40,3.9,17266,11301,1008,0,1,344,200,0,200
2024-02-26,B073496Y7S,boAt Rockerz Wireless Bluetooth Earbuds,2990.0,1794.0,40,4.3,26396,4767,674,0,0,140,140,1,153
2024-02-27,B073496Y7S,boAt Rockerz Wireless Bluetooth Earbuds,2990.0,2392.0,20,4.1,20281,11392,1363,0,0,359,180,0,180
2024-02-28,B073496Y7S,boAt Rockerz Wireless Bluetooth Earbuds,2990.0,1794.0,40,3.9,23986,12015,1838,0,0,270,206,0,206
2024-02-29,B073496Y7S,boAt Rockerz Wireless Bluetooth Earbuds,2990.0,2392.0,20,4.2,23546,13770,1859,0,0,194,194,1,200
2024-03-01,B073496Y7S,boAt Rockerz Wireless Bluetooth Earbuds,2990.0,2392.0,20,4.0,20218,9446,1382,0,0,87,87,1,162
2024-03-02,B073496Y7S,boAt Rockerz Wireless Bluetooth Earbuds,2990.0,2392.0,20,4.5,25081,12404,1514,0,1,204,185,0,185
2024-03-03,B073496Y7S,boAt Rockerz Wireless Bluetooth Earbuds,2990.0,2392.0,20,4.1,17274,14608,1924,0,1,155,155,1,198
2024-03-04,B073496Y7S,boAt Rockerz Wireless Bluetooth Earbuds,2990.0,1794.0,40,4.2,18027,9065,1582,0,0,300,208,0,208
2024-03-05,B073496Y7S,boAt Rockerz Wireless Bluetooth Earbuds,2990.0,2392.0,20,3.9,24991,8712,951,0,0,254,146,0,146
2024-03-06,B073496Y7S,boAt Rockerz Wireless Bluetooth Earbuds,2990.0,1794.0,40,3.9,23508,16789,1926,0,0,459,244,0,244
2024-03-07,B073496Y7S,boAt Rockerz Wireless Bluetooth Earbuds,2990.0,1495.0,50,4.4,26762,5037,717,0,0,101,101,1,171
2024-03-08,B073496Y7S,boAt Rockerz Wireless Bluetooth Earbuds,2990.0,2392.0,20,4.2,26693,11877,1180,0,0,260,169,0,169
2024-03-09,B073496Y7S,boAt Rockerz Wireless Bluetooth Earbuds,2990.0,2392.0,20,4.0,23406,14156,1868,0,1,223,201,0,201
2024-03-10,B073496Y7S,boAt Rockerz Wireless Bluetooth Earbuds,2990.0,2093.0,30,4.3,25515,9969,1962,0,1,183,183,1,201
2024-03-11,B073496Y7S,boAt Rockerz Wireless Bluetooth Earbuds,2990.0,2392.0,20,4.2,20024,12512,1417,0,0,355,181,0,181
2024-03-12,B073496Y7S,boAt Rockerz Wireless Bluetooth Earbuds,2990.0,2093.0,30,4.3,21375,10576,1582,0,0,419,210,0,210
2024-03-13,B073496Y7S,boAt Rockerz Wireless Bluetooth Earbuds,2990.0,1794.0,40,4.4,18456,9367,1367,0,0,160,160,1,186
2024-03-14,B073496Y7S,boAt Rockerz Wireless Bluetooth Earbuds,2990.0,1495.0,50,4.2,17272,15095,1943,0,0,304,259,0,259
2024-03-15,B073496Y7S,boAt Rockerz Wireless Bluetooth Earbuds,2990.0,2093.0,30,4.1,19013,5533,553,0,0,151,135,0,135
2024-03-16,B073496Y7S,boAt Rockerz Wireless Bluetooth Earbuds,2990.0,1495.0,50,4.1,20876,10410,878,0,1,328,234,0,234
2024-03-17,B073496Y7S,boAt Rockerz Wireless Bluetooth Earbuds,2990.0,2392.0,20,4.3,25547,12227,1634,0,1,158,158,1,192
2024-03-18,B073496Y7S,boAt Rockerz Wireless Bluetooth Earbuds,2990.0,2392.0,20,3.8,19556,12966,1443,0,0,261,202,0,202
2024-03-19,B073496Y7S,boAt Rockerz Wireless Bluetooth Earbuds,2990.0,2093.0,30,3.9,26734,13212,1861,0,0,263,201,0,201
2024-03-20,B073496Y7S,boAt Rockerz Wireless Bluetooth Earbuds,2990.0,1495.0,50,4.2,19213,11438,1369,0,0,216,216,1,220
2024-03-21,B073496Y7S,boAt Rockerz Wireless Bluetooth Earbuds,2990.0,2093.0,30,4.0,20137,7854,1048,0,0,274,177,0,177
2024-03-22,B073496Y7S,boAt Rockerz Wireless Bluetooth Earbuds,2990.0,2093.0,30,4.2,21688,6845,622,0,0,201,190,0,190
2024-03-23,B073496Y7S,boAt Rockerz Wireless Bluetooth Earbuds,2990.0,1495.0,50,3.8,25268,4902,562,0,1,267,165,0,165
2024-03-24,B073496Y7S,boAt Rockerz Wireless Bluetooth Earbuds,2990.0,2392.0,20,4.0,25566,12427,1374,0,1,90,90,1,177
2024-03-25,B073496Y7S,boAt Rockerz Wireless Bluetooth Earbuds,2990.0,2093.0,30,4.3,24797,8691,1561,0,0,214,165,0,165
2024-03-26,B073496Y7S,boAt Rockerz Wireless Bluetooth Earbuds,2990.0,1794.0,40,4.5,17491,9228,954,0,0,162,162,1,189
2024-03-27,B073496Y7S,boAt Rockerz Wireless Bluetooth Earbuds,2990.0,2392.0,20,4.4,19585,7278,811,0,0,96,96,1,152
2024-03-28,B073496Y7S,boAt Rockerz Wireless Bluetooth Earbuds,2990.0,1794.0,40,3.9,21187,7064,652,0,0,184,158,0,158
2024-03-29,B073496Y7S,boAt Rockerz Wireless Bluetooth Earbuds,2990.0,2392.0,20,4.0,24289,13678,1736,0,0,198,180,0,180
2024-03-30,B073496Y7S,boAt Rockerz Wireless Bluetooth Earbuds,2990.0,2093.0,30,3.9,17356,8314,964,0,1,330,185,0,185
2024-03-31,B073496Y7S,boAt Rockerz Wireless Bluetooth Earbuds,2990.0,2093.0,30,3.9,18922,11736,1568,0,1,174,174,1,181
2024-04-01,B073496Y7S,boAt Rockerz Wireless Bluetooth Earbuds,2990.0,1794.0,40,4.3,22037,7063,1257,0,0,216,191,0,191
2024-04-02,B073496Y7S,boAt Rockerz Wireless Bluetooth Earbuds,2990.0,2392.0,20,3.9,27213,13484,1757,0,0,258,185,0,185
2024-04-03,B073496Y7S,boAt Rockerz Wireless Bluetooth Earbuds,2990.0,2392.0,20,4.1,17436,4285,617,0,0,197,123,0,123
2024-04-04,B073496Y7S,boAt Rockerz Wireless Bluetooth Earbuds,2990.0,2093.0,30,4.1,17313,7447,694,0,0,313,161,0,161
2024-04-05,B073496Y7S,boAt Rockerz Wireless Bluetooth Earbuds,2990.0,2392.0,20,4.2,22918,8208,640,0,0,136,136,1,153
2024-04-06,B073496Y7S,boAt Rockerz Wireless Bluetooth Earbuds,2990.0,2392.0,20,3.9,23465,7340,570,0,1,128,128,1,161
2024-04-07,B073496Y7S,boAt Rockerz Wireless Bluetooth Earbuds,2990.0,2093.0,30,4.3,26322,4333,692,0,1,201,143,0,143
2024-04-08,B073496Y7S,boAt Rockerz Wireless Bluetooth Earbuds,2990.0,2093.0,30,4.2,26674,5341,524,0,0,196,154,0,154
2024-04-09,B073496Y7S,boAt Rockerz Wireless Bluetooth Earbuds,2990.0,1794.0,40,4.1,27133,6236,835,0,0,293,177,0,177
2024-04-10,B073496Y7S,boAt Rockerz Wireless Bluetooth Earbuds,2990.0,2093.0,30,4.4,21333,6198,928,0,0,254,149,0,149
2024-04-11,B073496Y7S,boAt Rockerz Wireless Bluetooth Earbuds,2990.0,2093.0,30,4.3,24131,5716,934,0,0,114,114,1,158
2024-04-12,B073496Y7S,boAt Rockerz Wireless Bluetooth Earbuds,2990.0,1794.0,40,4.2,22115,6582,581,0,0,152,148,0,148
2024-04-13,B073496Y7S,boAt Rockerz Wireless Bluetooth Earbuds,2990.0,2392.0,20,4.5,27301,6547,822,0,1,257,151,0,151
2024-04-14,B073496Y7S,boAt Rockerz Wireless Bluetooth Earbuds,2990.0,2392.0,20,4.1,23348,11677,1342,0,1,192,192,1,194
2024-04-15,B073496Y7S,boAt Rockerz Wireless Bluetooth Earbuds,2990.0,2392.0,20,4.0,26627,13094,1779,0,0,297,182,0,182
2024-04-16,B073496Y7S,boAt Rockerz Wireless Bluetooth Earbuds,2990.0,2392.0,20,4.2,17604,9659,813,0,0,144,144,1,167
2024-04-17,B073496Y7S,boAt Rockerz Wireless Bluetooth Earbuds,2990.0,1794.0,40,4.2,21152,16068,1878,0,0,210,210,1,238
2024-04-18,B073496Y7S,boAt Rockerz Wireless Bluetooth Earbuds,2990.0,2392.0,20,4.4,20337,16988,1965,0,0,396,241,0,241
2024-04-19,B073496Y7S,boAt Rockerz Wireless Bluetooth Earbuds,2990.0,2093.0,30,4.4,23246,16396,1993,0,0,180,180,1,255
2024-04-20,B073496Y7S,boAt Rockerz Wireless Bluetooth Earbuds,2990.0,2392.0,20,4.2,23319,12497,1563,0,1,185,185,0,185
2024-04-21,B073496Y7S,boAt Rockerz Wireless Bluetooth Earbuds,2990.0,1794.0,40,4.3,20658,11426,1859,0,1,382,209,0,209
2024-04-22,B073496Y7S,boAt Rockerz Wireless Bluetooth Earbuds,2990.0,2093.0,30,4.4,17768,4647,561,0,0,260,132,0,132
2024-04-23,B073496Y7S,boAt Rockerz Wireless Bluetooth Earbuds,2990.0,1495.0,50,4.2,23501,8223,655,0,0,378,203,0,203
2024-04-24,B073496Y7S,boAt Rockerz Wireless Bluetooth Earbuds,2990.0,2392.0,20,4.3,18625,8710,887,0,0,141,141,1,145
2024-04-25,B073496Y7S,boAt Rockerz Wireless Bluetooth Earbuds,2990.0,1794.0,40,4.3,23883,4520,703,0,0,198,159,0,159
2024-04-26,B073496Y7S,boAt Rockerz Wireless Bluetooth Earbuds,2990.0,1794.0,40,4.3,19508,10579,865,0,0,348,188,0,188
2024-04-27,B073496Y7S,boAt Rockerz Wireless Bluetooth Earbuds,2990.0,1495.0,50,4.5,23443,13325,1781,0,1,533,268,0,268
2024-04-28,B073496Y7S,boAt Rockerz Wireless Bluetooth Earbuds,2990.0,2093.0,30,3.9,20379,10204,998,0,1,335,168,0,168
2024-04-29,B073496Y7S,boAt Rockerz Wireless Bluetooth Earbuds,2990.0,2093.0,30,4.0,17585,13308,1938,0,0,280,196,0,196
2024-04-30,B073496Y7S,boAt Rockerz Wireless Bluetooth Earbuds,2990.0,1794.0,40,4.2,26131,13274,1731,0,0,254,235,0,235
2024-05-01,B073496Y7S,boAt Rockerz Wireless Bluetooth Earbuds,2990.0,2392.0,20,3.8,23090,9988,882,0,0,95,95,1,153
2024-05-02,B073496Y7S,boAt Rockerz Wireless Bluetooth Earbuds,2990.0,2093.0,30,4.4,18085,12283,1493,0,0,299,219,0,219
2024-05-03,B073496Y7S,boAt Rockerz Wireless Bluetooth Earbuds,2990.0,2392.0,20,4.5,20267,13556,1636,0,0,285,195,0,195
2024-05-04,B073496Y7S,boAt Rockerz Wireless Bluetooth Earbuds,2990.0,2093.0,30,4.3,24476,8510,970,0,1,218,173,0,173
2024-05-05,B073496Y7S,boAt Rockerz Wireless Bluetooth Earbuds,2990.0,2392.0,20,4.3,20354,8231,1500,0,1,82,82,1,159
2024-05-06,B073496Y7S,boAt Rockerz Wireless Bluetooth Earbuds,2990.0,2093.0,30,3.9,27396,11204,1442,0,0,229,177,0,177
2024-05-07,B073496Y7S,boAt Rockerz Wireless Bluetooth Earbuds,2990.0,2392.0,20,4.3,26026,11427,1582,0,0,264,199,0,199
2024-05-08,B073496Y7S,boAt Rockerz Wireless Bluetooth Earbuds,2990.0,2093.0,30,4.1,22678,4088,512,0,0,240,129,0,129
2024-05-09,B073496Y7S,boAt Rockerz Wireless Bluetooth Earbuds,2990.0,2392.0,20,4.4,27272,11185,1375,0,0,296,176,0,176
2024-05-10,B073496Y7S,boAt Rockerz Wireless Bluetooth Earbuds,2990.0,2093.0,30,4.4,26608,9670,1329,0,0,136,136,1,185
2024-05-11,B073496Y7S,boAt Rockerz Wireless Bluetooth Earbuds,2990.0,1495.0,50,4.3,24862,6001,587,0,1,210,185,0,185
2024-05-12,B073496Y7S,boAt Rockerz Wireless Bluetooth Earbuds,2990.0,2093.0,30,4.5,26561,9144,865,0,1,212,188,0,188
2024-05-13,B073496Y7S,boAt Rockerz Wireless Bluetooth Earbuds,2990.0,2392.0,20,4.3,24443,10704,1873,0,0,191,168,0,168
2024-05-14,B073496Y7S,boAt Rockerz Wireless Bluetooth Earbuds,2990.0,2392.0,20,4.1,21640,16816,1881,0,0,160,160,1,219
2024-05-15,B073496Y7S,boAt Rockerz Wireless Bluetooth Earbuds,2990.0,2093.0,30,4.2,25472,8863,1083,0,0,275,169,0,169
2024-05-16,B073496Y7S,boAt Rockerz Wireless Bluetooth Earbuds,2990.0,2392.0,20,4.0,26780,9600,1149,0,0,241,156,0,156
2024-05-17,B073496Y7S,boAt Rockerz Wireless Bluetooth Earbuds,2990.0,2093.0,30,3.8,19658,13132,1609,0,0,382,210,0,210
2024-05-18,B073496Y7S,boAt Rockerz Wireless Bluetooth Earbuds,2990.0,2093.0,30,4.0,19526,15200,1825,0,1,299,217,0,217
2024-05-19,B073496Y7S,boAt Rockerz Wireless Bluetooth Earbuds,2990.0,2093.0,30,4.2,23901,10380,1878,0,1,334,177,0,177
2024-05-20,B073496Y7S,boAt Rockerz Wireless Bluetooth Earbuds,2990.0,1495.0,50,4.1,23849,7314,683,0,0,182,182,1,189
2024-05-21,B073496Y7S,boAt Rockerz Wireless Bluetooth Earbuds,2990.0,2093.0,30,4.3,25610,11834,1922,0,0,136,136,1,211
2024-05-22,B073496Y7S,boAt Rockerz Wireless Bluetooth Earbuds,2990.0,1794.0,40,4.1,24659,11935,1605,0,0,143,143,1,213
2024-05-23,B073496Y7S,boAt Rockerz Wireless Bluetooth Earbuds,2990.0,1794.0,40,4.1,17766,5317,547,0,0,298,151,0,151
2024-05-24,B073496Y7S,boAt Rockerz Wireless Bluetooth Earbuds,2990.0,2392.0,20,3.9,26585,12301,1752,0,0,286,198,0,198
2024-05-25,B073496Y7S,boAt Rockerz Wireless Bluetooth Earbuds,2990.0,2093.0,30,4.3,23689,10855,1595,0,1,211,184,0,184
2024-05-26,B073496Y7S,boAt Rockerz Wireless Bluetooth Earbuds,2990.0,2392.0,20,4.0,25134,10905,1760,0,1,233,168,0,168
2024-05-27,B073496Y7S,boAt Rockerz Wireless Bluetooth Earbuds,2990.0,2093.0,30,4.2,19854,5972,571,0,0,211,162,0,162
2024-05-28,B073496Y7S,boAt Rockerz Wireless Bluetooth Earbuds,2990.0,1794.0,40,4.0,26583,10189,848,0,0,221,191,0,191
2024-05-29,B073496Y7S,boAt Rockerz Wireless Bluetooth Earbuds,2990.0,2392.0,20,4.0,21128,5748,882,0,0,248,144,0,144
2024-05-30,B073496Y7S,boAt Rockerz Wireless Bluetooth Earbuds,2990.0,2093.0,30,4.3,20554,8545,980,0,0,366,189,0,189
2024-05-31,B073496Y7S,boAt Rockerz Wireless Bluetooth Earbuds,2990.0,2392.0,20,4.0,23430,5482,608,0,0,73,73,1,122
2024-06-01,B073496Y7S,boAt Rockerz Wireless Bluetooth Earbuds,2990.0,2093.0,30,4.1,23177,14298,1795,0,1,313,208,0,208
2024-06-02,B073496Y7S,boAt Rockerz Wireless Bluetooth Earbuds,2990.0,2093.0,30,4.3,24341,7295,997,0,1,184,183,0,183
2024-06-03,B073496Y7S,boAt Rockerz Wireless Bluetooth Earbuds,2990.0,2392.0,20,4.0,24366,8082,642,0,0,180,146,0,146
2024-06-04,B073496Y7S,boAt Rockerz Wireless Bluetooth Earbuds,2990.0,2093.0,30,3.8,24669,9703,916,0,0,311,171,0,171
2024-06-05,B073496Y7S,boAt Rockerz Wireless Bluetooth Earbuds,2990.0,1794.0,40,4.0,21476,7966,639,0,0,161,161,1,181
2024-06-06,B073496Y7S,boAt Rockerz Wireless Bluetooth Earbuds,2990.0,1495.0,50,4.3,20913,9238,1565,0,0,333,227,0,227
2024-06-07,B073496Y7S,boAt Rockerz Wireless Bluetooth Earbuds,2990.0,1794.0,40,4.4,27398,6144,889,0,0,280,178,0,178
2024-06-08,B073496Y7S,boAt Rockerz Wireless Bluetooth Earbuds,2990.0,2093.0,30,3.9,21942,11352,1894,0,1,191,176,0,176
2024-06-09,B073496Y7S,boAt Rockerz Wireless Bluetooth Earbuds,2990.0,1495.0,50,4.0,26089,11279,1529,0,1,142,142,1,210
2024-06-10,B073496Y7S,boAt Rockerz Wireless Bluetooth Earbuds,2990.0,1495.0,50,4.4,23950,11437,1822,0,0,200,200,1,236
2024-06-11,B073496Y7S,boAt Rockerz Wireless Bluetooth Earbuds,2990.0,2392.0,20,4.0,25674,7403,1295,0,0,126,126,1,158
2024-06-12,B073496Y7S,boAt Rockerz Wireless Bluetooth Earbuds,2990.0,1794.0,40,4.5,22207,10459,869,0,0,283,201,0,201
2024-06-13,B073496Y7S,boAt Rockerz Wireless Bluetooth Earbuds,2990.0,2093.0,30,3.9,24442,10513,1248,0,0,154,154,1,176
2024-06-14,B073496Y7S,boAt Rockerz Wireless Bluetooth Earbuds,2990.0,2392.0,20,4.1,18746,15157,1805,0,0,112,112,1,216
2024-06-15,B073496Y7S,boAt Rockerz Wireless Bluetooth Earbuds,2990.0,2392.0,20,4.5,17925,12582,1686,0,1,140,140,1,194
2024-06-16,B073496Y7S,boAt Rockerz Wireless Bluetooth Earbuds,2990.0,2093.0,30,4.1,20058,8732,933,0,1,191,160,0,160
2024-06-17,B073496Y7S,boAt Rockerz Wireless Bluetooth Earbuds,2990.0,2392.0,20,3.9,22430,12898,1901,0,0,203,176,0,176
2024-06-18,B073496Y7S,boAt Rockerz Wireless Bluetooth Earbuds,2990.0,2392.0,20,4.3,20011,15336,1666,0,0,375,198,0,198
2024-06-19,B073496Y7S,boAt Rockerz Wireless Bluetooth Earbuds,2990.0,2093.0,30,4.1,20347,9239,1374,0,0,187,187,1,195
2024-06-20,B073496Y7S,boAt Rockerz Wireless Bluetooth Earbuds,2990.0,1495.0,50,4.4,20453,11172,1371,0,0,298,239,0,239
2024-06-21,B073496Y7S,boAt Rockerz Wireless Bluetooth Earbuds,2990.0,2392.0,20,4.4,22353,7288,691,0,0,244,128,0,128
2024-06-22,B073496Y7S,boAt Rockerz Wireless Bluetooth Earbuds,2990.0,2093.0,30,3.9,18950,7941,1369,0,1,184,163,0,163
2024-06-23,B073496Y7S,boAt Rockerz Wireless Bluetooth Earbuds,2990.0,2392.0,20,4.3,19706,5241,607,0,1,189,134,0,134
2024-06-24,B073496Y7S,boAt Rockerz Wireless Bluetooth Earbuds,2990.0,1794.0,40,4.2,24736,11940,1961,0,0,343,194,0,194
2024-06-25,B073496Y7S,boAt Rockerz Wireless Bluetooth Earbuds,2990.0,2392.0,20,3.8,18601,11768,1962,0,0,193,167,0,167
2024-06-26,B073496Y7S,boAt Rockerz Wireless Bluetooth Earbuds,2990.0,2093.0,30,3.9,24547,14843,1949,0,0,378,212,0,212
2024-06-27,B073496Y7S,boAt Rockerz Wireless Bluetooth Earbuds,2990.0,2392.0,20,3.9,26563,5180,665,0,0,236,129,0,129
2024-06-28,B073496Y7S,boAt Rockerz Wireless Bluetooth Earbuds,2990.0,1794.0,40,4.0,27174,8561,571,0,0,339,190,0,190
2024-06-29,B073496Y7S,boAt Rockerz Wireless Bluetooth Earbuds,2990.0,2392.0,20,3.8,25709,8141,906,0,1,123,123,1,154
2024-06-30,B073496Y7S,boAt Rockerz Wireless Bluetooth Earbuds,2990.0,2093.0,30,4.1,26631,9580,1070,0,1,103,103,1,183
2024-07-01,B073496Y7S,boAt Rockerz Wireless Bluetooth Earbuds,2990.0,2392.0,20,4.0,25301,7072,518,0,0,231,139,0,139
2024-07-02,B073496Y7S,boAt Rockerz Wireless Bluetooth Earbuds,2990.0,2392.0,20,4.0,19375,6932,621,0,0,137,134,0,134
2024-07-03,B073496Y7S,boAt Rockerz Wireless Bluetooth Earbuds,2990.0,2392.0,20,3.9,22640,12712,1687,0,0,210,166,0,166
2024-07-04,B073496Y7S,boAt Rockerz Wireless Bluetooth Earbuds,2990.0,2093.0,30,3.8,21657,7573,1307,0,0,272,158,0,158
2024-07-05,B073496Y7S,boAt Rockerz Wireless Bluetooth Earbuds,2990.0,2093.0,30,4.0,22642,7765,670,0,0,117,117,1,146
2024-07-06,B073496Y7S,boAt Rockerz Wireless Bluetooth Earbuds,2990.0,1794.0,40,3.8,26827,6618,870,0,1,277,152,0,152
2024-07-07,B073496Y7S,boAt Rockerz Wireless Bluetooth Earbuds,2990.0,2392.0,20,3.8,18187,10163,1071,0,1,262,180,0,180
2024-07-08,B073496Y7S,boAt Rockerz Wireless Bluetooth Earbuds,2990.0,2093.0,30,3.8,19427,8456,993,0,0,226,162,0,162
2024-07-09,B073496Y7S,boAt Rockerz Wireless Bluetooth Earbuds,2990.0,2392.0,20,4.2,22327,13536,1725,0,0,204,199,0,199
2024-07-10,B073496Y7S,boAt Rockerz Wireless Bluetooth Earbuds,2990.0,2392.0,20,4.5,22834,11263,1975,0,0,387,195,0,195
2024-07-11,B073496Y7S,boAt Rockerz Wireless Bluetooth Earbuds,2990.0,1495.0,50,4.1,20591,10903,1278,0,0,105,105,1,206
2024-07-12,B073496Y7S,boAt Rockerz Wireless Bluetooth Earbuds,2990.0,1495.0,50,3.9,18014,4847,612,0,0,259,171,0,171
2024-07-13,B073496Y7S,boAt Rockerz Wireless Bluetooth Earbuds,2990.0,2093.0,30,4.1,20766,11519,1760,0,1,115,115,1,182
2024-07-14,B073496Y7S,boAt Rockerz Wireless Bluetooth Earbuds,2990.0,1794.0,40,4.3,24582,10380,1548,0,1,108,108,1,196
2024-07-15,B073496Y7S,boAt Rockerz Wireless Bluetooth Earbuds,2990.0,1794.0,40,4.5,21597,12844,1971,0,0,442,223,0,223
2024-07-16,B073496Y7S,boAt Rockerz Wireless Bluetooth Earbuds,2990.0,2392.0,20,4.4,23260,9894,1283,0,0,230,174,0,174
2024-07-17,B073496Y7S,boAt Rockerz Wireless Bluetooth Earbuds,2990.0,2392.0,20,4.4,26437,4116,738,0,0,252,130,0,130
2024-07-18,B073496Y7S,boAt Rockerz Wireless Bluetooth Earbuds,2990.0,2392.0,20,4.5,24605,12966,1997,0,0,295,211,0,211
2024-07-19,B073496Y7S,boAt Rockerz Wireless Bluetooth Earbuds,2990.0,2392.0,20,4.2,24968,10131,1391,0,0,128,128,1,173
2024-07-20,B073496Y7S,boAt Rockerz Wireless Bluetooth Earbuds,2990.0,1794.0,40,4.0,22301,7397,1480,0,1,260,173,0,173
2024-07-21,B073496Y7S,boAt Rockerz Wireless Bluetooth Earbuds,2990.0,1794.0,40,3.9,24378,13047,1469,0,1,227,208,0,208
2024-07-22,B073496Y7S,boAt Rockerz Wireless Bluetooth Earbuds,2990.0,1794.0,40,4.3,21822,6880,727,0,0,151,151,1,177
2024-07-23,B073496Y7S,boAt Rockerz Wireless Bluetooth Earbuds,2990.0,2392.0,20,4.4,26321,5934,780,0,0,192,126,0,126
2024-07-24,B073496Y7S,boAt Rockerz Wireless Bluetooth Earbuds,2990.0,2093.0,30,4.3,24958,6990,1449,0,0,305,171,0,171
2024-07-25,B073496Y7S,boAt Rockerz Wireless Bluetooth Earbuds,2990.0,2392.0,20,4.0,18786,9222,1340,0,0,113,113,1,152
2024-07-26,B073496Y7S,boAt Rockerz Wireless Bluetooth Earbuds,2990.0,2392.0,20,4.3,26199,12756,1532,0,0,215,180,0,180
2024-07-27,B073496Y7S,boAt Rockerz Wireless Bluetooth Earbuds,2990.0,2093.0,30,3.9,19724,14006,1488,0,1,400,207,0,207
2024-07-28,B073496Y7S,boAt Rockerz Wireless Bluetooth Earbuds,2990.0,2093.0,30,4.2,22545,9708,1670,0,1,282,189,0,189
2024-07-29,B073496Y7S,boAt Rockerz Wireless Bluetooth Earbuds,2990.0,2093.0,30,4.5,18162,4719,686,0,0,274,163,0,163
2024-07-30,B073496Y7S,boAt Rockerz Wireless Bluetooth Earbuds,2990.0,2392.0,20,4.2,18023,3615,515,0,0,188,100,0,100
2024-07-31,B073496Y7S,boAt Rockerz Wireless Bluetooth Earbuds,2990.0,2093.0,30,4.3,26382,10093,1407,0,0,135,135,1,179
2024-08-01,B073496Y7S,boAt Rockerz Wireless Bluetooth Earbuds,2990.0,2392.0,20,4.3,23395,11189,1631,0,0,316,185,0,185
2024-08-02,B073496Y7S,boAt Rockerz Wireless Bluetooth Earbuds,2990.0,2093.0,30,4.3,26640,8143,802,0,0,320,169,0,169
2024-08-03,B073496Y7S,boAt Rockerz Wireless Bluetooth Earbuds,2990.0,2093.0,30,4.4,23572,6692,835,0,1,143,143,0,143
2024-08-04,B073496Y7S,boAt Rockerz Wireless Bluetooth Earbuds,2990.0,2093.0,30,3.8,21714,8588,1287,0,1,214,182,0,182
2024-08-05,B073496Y7S,boAt Rockerz Wireless Bluetooth Earbuds,2990.0,1794.0,40,4.1,19319,11720,1068,0,0,231,214,0,214
2024-08-06,B073496Y7S,boAt Rockerz Wireless Bluetooth Earbuds,2990.0,2392.0,20,4.1,20584,11519,1345,0,0,256,191,0,191
2024-08-07,B073496Y7S,boAt Rockerz Wireless Bluetooth Earbuds,2990.0,1495.0,50,4.1,24055,14589,1977,0,0,483,257,0,257
2024-08-08,B073496Y7S,boAt Rockerz Wireless Bluetooth Earbuds,2990.0,2093.0,30,4.0,25622,5354,793,0,0,182,149,0,149
2024-08-09,B073496Y7S,boAt Rockerz Wireless Bluetooth Earbuds,2990.0,2392.0,20,4.0,23804,15363,1985,0,0,185,185,1,198
2024-08-10,B073496Y7S,boAt Rockerz Wireless Bluetooth Earbuds,2990.0,2093.0,30,4.0,23854,16037,1924,0,1,163,163,1,240
2024-08-11,B073496Y7S,boAt Rockerz Wireless Bluetooth Earbuds,2990.0,2093.0,30,3.9,18311,11290,1354,0,1,341,195,0,195
2024-08-12,B073496Y7S,boAt Rockerz Wireless Bluetooth Earbuds,2990.0,1794.0,40,4.0,23174,5807,689,0,0,219,158,0,158
2024-08-13,B073496Y7S,boAt Rockerz Wireless Bluetooth Earbuds,2990.0,1495.0,50,4.2,18275,12938,1932,0,0,198,198,1,220
2024-08-14,B073496Y7S,boAt Rockerz Wireless Bluetooth Earbuds,2990.0,2392.0,20,4.1,25709,10674,1065,0,0,146,146,1,186
2024-08-15,B073496Y7S,boAt Rockerz Wireless Bluetooth Earbuds,2990.0,1794.0,40,4.5,19541,7940,692,0,0,95,95,1,177
2024-08-16,B073496Y7S,boAt Rockerz Wireless Bluetooth Earbuds,2990.0,2392.0,20,3.9,23559,14117,1887,0,0,162,162,1,180
2024-08-17,B073496Y7S,boAt Rockerz Wireless Bluetooth Earbuds,2990.0,1794.0,40,4.1,25924,8120,1625,0,1,130,130,1,176
2024-08-18,B073496Y7S,boAt Rockerz Wireless Bluetooth Earbuds,2990.0,2392.0,20,3.9,25952,7916,1357,0,1,214,129,0,129
2024-08-19,B073496Y7S,boAt Rockerz Wireless Bluetooth Earbuds,2990.0,2093.0,30,4.2,22286,7178,1251,0,0,86,86,1,152
2024-08-20,B073496Y7S,boAt Rockerz Wireless Bluetooth Earbuds,2990.0,2093.0,30,4.4,20642,8408,926,0,0,315,172,0,172
2024-08-21,B073496Y7S,boAt Rockerz Wireless Bluetooth Earbuds,2990.0,2093.0,30,3.9,19456,4786,551,0,0,114,114,1,129
2024-08-22,B073496Y7S,boAt Rockerz Wireless Bluetooth Earbuds,2990.0,1495.0,50,3.8,18594,6684,1219,0,0,213,192,0,192
2024-08-23,B073496Y7S,boAt Rockerz Wireless Bluetooth Earbuds,2990.0,2392.0,20,4.5,27290,7503,804,0,0,293,159,0,159
2024-08-24,B073496Y7S,boAt Rockerz Wireless Bluetooth Earbuds,2990.0,1794.0,40,4.0,18751,6281,866,0,1,134,134,1,163
2024-08-25,B073496Y7S,boAt Rockerz Wireless Bluetooth Earbuds,2990.0,2093.0,30,3.9,20391,11140,1297,0,1,175,166,0,166
2024-08-26,B073496Y7S,boAt Rockerz Wireless Bluetooth Earbuds,2990.0,1794.0,40,4.1,18961,7005,857,0,0,262,165,0,165
2024-08-27,B073496Y7S,boAt Rockerz Wireless Bluetooth Earbuds,2990.0,2093.0,30,4.3,24380,11991,1801,0,0,328,199,0,199
2024-08-28,B073496Y7S,boAt Rockerz Wireless Bluetooth Earbuds,2990.0,1794.0,40,4.0,23892,11265,1448,0,0,227,193,0,193
2024-08-29,B073496Y7S,boAt Rockerz Wireless Bluetooth Earbuds,2990.0,2392.0,20,3.8,25710,4753,570,0,0,177,111,0,111
2024-08-30,B073496Y7S,boAt Rockerz Wireless Bluetooth Earbuds,2990.0,2093.0,30,4.2,23310,11108,1007,0,0,136,136,1,181
2024-08-31,B073496Y7S,boAt Rockerz Wireless Bluetooth Earbuds,2990.0,1794.0,40,4.1,22556,8090,803,0,1,104,104,1,166
2024-09-01,B073496Y7S,boAt Rockerz Wireless Bluetooth Earbuds,2990.0,2093.0,30,4.2,24410,10270,1613,0,1,344,185,0,185
2024-09-02,B073496Y7S,boAt Rockerz Wireless Bluetooth Earbuds,2990.0,2392.0,20,4.4,20696,8890,1613,0,0,105,105,1,174
2024-09-03,B073496Y7S,boAt Rockerz Wireless Bluetooth Earbuds,2990.0,2093.0,30,4.2,23531,4913,532,0,0,190,146,0,146
2024-09-04,B073496Y7S,boAt Rockerz Wireless Bluetooth Earbuds,2990.0,2093.0,30,4.0,19329,6215,904,0,0,85,85,1,142
2024-09-05,B073496Y7S,boAt Rockerz Wireless Bluetooth Earbuds,2990.0,2093.0,30,3.8,18236,7188,773,0,0,284,150,0,150
2024-09-06,B073496Y7S,boAt Rockerz Wireless Bluetooth Earbuds,2990.0,2392.0,20,4.0,22745,9891,1390,0,0,271,156,0,156
2024-09-07,B073496Y7S,boAt Rockerz Wireless Bluetooth Earbuds,2990.0,1794.0,40,4.2,21171,8397,1002,0,1,342,185,0,185
2024-09-08,B073496Y7S,boAt Rockerz Wireless Bluetooth Earbuds,2990.0,1495.0,50,4.2,27707,6024,723,0,1,237,177,0,177
2024-09-09,B073496Y7S,boAt Rockerz Wireless Bluetooth Earbuds,2990.0,2392.0,20,4.2,23758,11131,1576,0,0,338,176,0,176
2024-09-10,B073496Y7S,boAt Rockerz Wireless Bluetooth Earbuds,2990.0,2093.0,30,3.9,19014,5154,622,0,0,99,99,1,131
2024-09-11,B073496Y7S,boAt Rockerz Wireless Bluetooth Earbuds,2990.0,2392.0,20,4.1,18683,12105,1872,0,0,102,102,1,191
2024-09-12,B073496Y7S,boAt Rockerz Wireless Bluetooth Earbuds,2990.0,1794.0,40,3.9,24119,6627,1096,0,0,99,99,1,183
2024-09-13,B073496Y7S,boAt Rockerz Wireless Bluetooth Earbuds,2990.0,2093.0,30,4.5,19121,6183,826,0,0,312,175,0,175
2024-09-14,B073496Y7S,boAt Rockerz Wireless Bluetooth Earbuds,2990.0,2392.0,20,4.2,27753,4726,500,0,1,109,109,1,120
2024-09-15,B073496Y7S,boAt Rockerz Wireless Bluetooth Earbuds,2990.0,2392.0,20,3.9,19804,12843,1891,0,1,375,194,0,194
2024-09-16,B073496Y7S,boAt Rockerz Wireless Bluetooth Earbuds,2990.0,1495.0,50,4.3,27762,9018,1548,0,0,193,193,1,204
2024-09-17,B073496Y7S,boAt Rockerz Wireless Bluetooth Earbuds,2990.0,2093.0,30,4.1,22331,4803,636,0,0,134,134,0,134
2024-09-18,B073496Y7S,boAt Rockerz Wireless Bluetooth Earbuds,2990.0,2392.0,20,3.9,26644,11238,1421,0,0,227,160,0,160
2024-09-19,B073496Y7S,boAt Rockerz Wireless Bluetooth Earbuds,2990.0,2392.0,20,4.4,27416,9971,1312,0,0,160,160,1,170
2024-09-20,B073496Y7S,boAt Rockerz Wireless Bluetooth Earbuds,2990.0,2392.0,20,4.0,19924,13487,1962,0,0,115,115,1,204
2024-09-21,B073496Y7S,boAt Rockerz Wireless Bluetooth Earbuds,2990.0,1794.0,40,4.0,22803,14706,1438,0,1,384,221,0,221
2024-09-22,B073496Y7S,boAt Rockerz Wireless Bluetooth Earbuds,2990.0,2392.0,20,4.3,24129,8692,1198,0,1,257,162,0,162
2024-09-23,B073496Y7S,boAt Rockerz Wireless Bluetooth Earbuds,2990.0,897.0,70,4.4,18281,42183,7602,1,0,1157,626,0,626
2024-09-24,B073496Y7S,boAt Rockerz Wireless Bluetooth Earbuds,2990.0,1196.0,60,4.2,24831,40022,6079,1,0,354,354,1,582
2024-09-25,B073496Y7S,boAt Rockerz Wireless Bluetooth Earbuds,2990.0,1196.0,60,4.3,19540,26410,3181,1,0,696,469,0,469
2024-09-26,B073496Y7S,boAt Rockerz Wireless Bluetooth Earbuds,2990.0,1794.0,40,4.1,23184,24658,3882,1,0,646,431,0,431
2024-09-27,B073496Y7S,boAt Rockerz Wireless Bluetooth Earbuds,2990.0,1495.0,50,4.0,22515,25345,4156,1,0,307,307,1,436
2024-09-28,B073496Y7S,boAt Rockerz Wireless Bluetooth Earbuds,2990.0,1495.0,50,3.9,24952,25012,3627,1,1,517,443,0,443
2024-09-29,B073496Y7S,boAt Rockerz Wireless Bluetooth Earbuds,2990.0,1495.0,50,4.0,20782,14489,2901,1,1,345,345,1,356
2024-09-30,B073496Y7S,boAt Rockerz Wireless Bluetooth Earbuds,2990.0,1794.0,40,4.2,19438,26455,5735,1,0,247,247,1,427
2024-10-01,B073496Y7S,boAt Rockerz Wireless Bluetooth Earbuds,2990.0,1046.5,65,3.9,20671,41105,6016,1,0,786,611,0,611
2024-10-02,B073496Y7S,boAt Rockerz Wireless Bluetooth Earbuds,2990.0,1046.5,65,4.2,23018,36256,6623,1,0,1023,552,0,552
2024-10-03,B073496Y7S,boAt Rockerz Wireless Bluetooth Earbuds,2990.0,1196.0,60,4.1,26741,14438,2044,1,0,261,261,1,384
2024-10-04,B073496Y7S,boAt Rockerz Wireless Bluetooth Earbuds,2990.0,1196.0,60,3.9,20808,22000,3001,1,0,596,432,0,432
2024-10-05,B073496Y7S,boAt Rockerz Wireless Bluetooth Earbuds,2990.0,1046.5,65,3.8,19406,32267,4668,1,1,467,467,1,518
2024-10-06,B073496Y7S,boAt Rockerz Wireless Bluetooth Earbuds,2990.0,1794.0,40,3.9,26207,40426,7188,1,1,883,558,0,558
2024-10-07,B073496Y7S,boAt Rockerz Wireless Bluetooth Earbuds,2990.0,897.0,70,4.5,23439,49129,6712,1,0,530,530,1,681
2024-10-08,B073496Y7S,boAt Rockerz Wireless Bluetooth Earbuds,2990.0,1495.0,50,4.4,19370,24691,4314,1,0,724,435,0,435
2024-10-09,B073496Y7S,boAt Rockerz Wireless Bluetooth Earbuds,2990.0,1196.0,60,4.3,28208,14732,2571,1,0,674,376,0,376
2024-10-10,B073496Y7S,boAt Rockerz Wireless Bluetooth Earbuds,2990.0,1794.0,40,4.1,18418,29862,4244,1,0,417,417,1,470
2024-10-11,B073496Y7S,boAt Rockerz Wireless Bluetooth Earbuds,2990.0,1794.0,40,4.3,21329,46516,7753,1,0,675,602,0,602
2024-10-12,B073496Y7S,boAt Rockerz Wireless Bluetooth Earbuds,2990.0,1495.0,50,4.0,21183,21743,3215,1,1,570,408,0,408
2024-10-13,B073496Y7S,boAt Rockerz Wireless Bluetooth Earbuds,2990.0,897.0,70,4.4,21687,30424,4371,1,1,807,523,0,523
2024-10-14,B073496Y7S,boAt Rockerz Wireless Bluetooth Earbuds,2990.0,1046.5,65,3.9,21177,43174,7731,1,0,539,539,1,617
2024-10-15,B073496Y7S,boAt Rockerz Wireless Bluetooth Earbuds,2990.0,1046.5,65,3.9,25003,23386,3577,1,0,235,235,1,459
2024-10-16,B073496Y7S,boAt Rockerz Wireless Bluetooth Earbuds,2990.0,1794.0,40,4.3,22262,9436,1017,0,0,268,190,0,190
2024-10-17,B073496Y7S,boAt Rockerz Wireless Bluetooth Earbuds,2990.0,2093.0,30,4.2,25312,13766,1807,0,0,298,221,0,221
2024-10-18,B073496Y7S,boAt Rockerz Wireless Bluetooth Earbuds,2990.0,2392.0,20,4.5,22941,9860,1707,0,0,197,179,0,179
2024-10-19,B073496Y7S,boAt Rockerz Wireless Bluetooth Earbuds,2990.0,1794.0,40,4.3,19620,8477,1207,0,1,336,183,0,183
2024-10-20,B073496Y7S,boAt Rockerz Wireless Bluetooth Earbuds,2990.0,2392.0,20,4.4,20044,7476,963,0,1,118,118,1,155
2024-10-21,B073496Y7S,boAt Rockerz Wireless Bluetooth Earbuds,2990.0,2093.0,30,3.9,23898,5056,664,0,0,242,134,0,134
2024-10-22,B073496Y7S,boAt Rockerz Wireless Bluetooth Earbuds,2990.0,1794.0,40,4.4,18671,14592,1969,0,0,218,218,1,249
2024-10-23,B073496Y7S,boAt Rockerz Wireless Bluetooth Earbuds,2990.0,1794.0,40,4.3,24274,12306,1573,0,0,448,228,0,228
2024-10-24,B073496Y7S,boAt Rockerz Wireless Bluetooth Earbuds,2990.0,2392.0,20,4.0,22967,10785,1303,0,0,278,181,0,181
2024-10-25,B073496Y7S,boAt Rockerz Wireless Bluetooth Earbuds,2990.0,2392.0,20,3.8,25239,7430,1524,0,0,144,134,0,134
2024-10-26,B073496Y7S,boAt Rockerz Wireless Bluetooth Earbuds,2990.0,2392.0,20,4.2,20310,9693,1264,0,1,138,138,1,167
2024-10-27,B073496Y7S,boAt Rockerz Wireless Bluetooth Earbuds,2990.0,2093.0,30,4.1,19370,8634,790,0,1,203,164,0,164
2024-10-28,B073496Y7S,boAt Rockerz Wireless Bluetooth Earbuds,2990.0,2093.0,30,3.9,26963,7864,1002,0,0,166,166,1,173
2024-10-29,B073496Y7S,boAt Rockerz Wireless Bluetooth Earbuds,2990.0,1495.0,50,4.1,19886,7999,1318,0,0,301,203,0,203
2024-10-30,B073496Y7S,boAt Rockerz Wireless Bluetooth Earbuds,2990.0,2093.0,30,4.0,26796,10950,1111,0,0,340,180,0,180
2024-10-31,B073496Y7S,boAt Rockerz Wireless Bluetooth Earbuds,2990.0,2392.0,20,4.3,25449,8591,1394,0,0,212,163,0,163
2024-11-01,B073496Y7S,boAt Rockerz Wireless Bluetooth Earbuds,2990.0,1495.0,50,4.0,20056,27408,4106,1,0,937,476,0,476
2024-11-02,B073496Y7S,boAt Rockerz Wireless Bluetooth Earbuds,2990.0,897.0,70,4.0,24073,27408,4921,1,1,257,257,1,491
2024-11-03,B073496Y7S,boAt Rockerz Wireless Bluetooth Earbuds,2990.0,1794.0,40,4.1,24616,14688,2228,1,1,363,363,1,365
2024-11-04,B073496Y7S,boAt Rockerz Wireless Bluetooth Earbuds,2990.0,1794.0,40,4.3,27382,43554,5779,1,0,439,439,1,588
2024-11-05,B073496Y7S,boAt Rockerz Wireless Bluetooth Earbuds,2990.0,897.0,70,4.3,22935,34856,5577,1,0,1082,573,0,573
2024-11-06,B073496Y7S,boAt Rockerz Wireless Bluetooth Earbuds,2990.0,1196.0,60,4.0,24257,43844,7550,1,0,1001,612,0,612
2024-11-07,B073496Y7S,boAt Rockerz Wireless Bluetooth Earbuds,2990.0,1046.5,65,4.0,24483,34269,7530,1,0,962,533,0,533
2024-11-08,B073496Y7S,boAt Rockerz Wireless Bluetooth Earbuds,2990.0,1495.0,50,4.1,24814,51233,7084,1,0,456,456,1,662
2024-11-09,B073496Y7S,boAt Rockerz Wireless Bluetooth Earbuds,2990.0,1495.0,50,4.0,21047,41896,7662,1,1,684,574,0,574
2024-11-10,B073496Y7S,boAt Rockerz Wireless Bluetooth Earbuds,2990.0,1196.0,60,4.4,26002,23223,3301,1,1,791,446,0,446
2024-11-11,B073496Y7S,boAt Rockerz Wireless Bluetooth Earbuds,2990.0,1794.0,40,4.4,20316,49354,6915,1,0,811,641,0,641
2024-11-12,B073496Y7S,boAt Rockerz Wireless Bluetooth Earbuds,2990.0,1495.0,50,4.1,25086,25959,4895,1,0,812,455,0,455
2024-11-13,B073496Y7S,boAt Rockerz Wireless Bluetooth Earbuds,2990.0,1495.0,50,3.8,18944,29510,5462,1,0,697,493,0,493
2024-11-14,B073496Y7S,boAt Rockerz Wireless Bluetooth Earbuds,2990.0,1196.0,60,4.1,23118,32200,4706,1,0,386,386,1,524
2024-11-15,B073496Y7S,boAt Rockerz Wireless Bluetooth Earbuds,2990.0,1495.0,50,4.4,23689,30645,4920,1,0,459,459,1,498
2024-11-16,B073496Y7S,boAt Rockerz Wireless Bluetooth Earbuds,2990.0,2392.0,20,4.1,23823,6375,1034,0,1,142,128,0,128
2024-11-17,B073496Y7S,boAt Rockerz Wireless Bluetooth Earbuds,2990.0,1495.0,50,4.0,25548,6453,1047,0,1,221,185,0,185
2024-11-18,B073496Y7S,boAt Rockerz Wireless Bluetooth Earbuds,2990.0,1794.0,40,3.9,27432,14709,1857,0,0,190,190,1,224
2024-11-19,B073496Y7S,boAt Rockerz Wireless Bluetooth Earbuds,2990.0,2093.0,30,4.2,21168,10287,1082,0,0,199,190,0,190
2024-11-20,B073496Y7S,boAt Rockerz Wireless Bluetooth Earbuds,2990.0,2392.0,20,4.0,28396,8784,1017,0,0,167,157,0,157
2024-11-21,B073496Y7S,boAt Rockerz Wireless Bluetooth Earbuds,2990.0,2093.0,30,4.4,24719,9518,1455,0,0,294,182,0,182
2024-11-22,B073496Y7S,boAt Rockerz Wireless Bluetooth Earbuds,2990.0,2093.0,30,4.3,19121,8176,783,0,0,272,172,0,172
2024-11-23,B073496Y7S,boAt Rockerz Wireless Bluetooth Earbuds,2990.0,1794.0,40,3.9,24717,13694,1722,0,1,178,178,1,211
2024-11-24,B073496Y7S,boAt Rockerz Wireless Bluetooth Earbuds,2990.0,1794.0,40,4.1,21653,9123,1689,0,1,219,200,0,200
2024-11-25,B073496Y7S,boAt Rockerz Wireless Bluetooth Earbuds,2990.0,2093.0,30,4.0,23390,11625,1653,0,0,366,189,0,189
2024-11-26,B073496Y7S,boAt Rockerz Wireless Bluetooth Earbuds,2990.0,2392.0,20,4.5,21476,12207,1864,0,0,242,182,0,182
2024-11-27,B073496Y7S,boAt Rockerz Wireless Bluetooth Earbuds,2990.0,2392.0,20,4.4,18975,6030,600,0,0,298,152,0,152
2024-11-28,B073496Y7S,boAt Rockerz Wireless Bluetooth Earbuds,2990.0,2392.0,20,4.2,26028,10339,1058,0,0,286,164,0,164
2024-11-29,B073496Y7S,boAt Rockerz Wireless Bluetooth Earbuds,2990.0,2392.0,20,4.1,19486,7619,746,0,0,256,166,0,166
2024-11-30,B073496Y7S,boAt Rockerz Wireless Bluetooth Earbuds,2990.0,1495.0,50,4.1,20211,12217,1654,0,1,387,227,0,227
2024-12-01,B073496Y7S,boAt Rockerz Wireless Bluetooth Earbuds,2990.0,2093.0,30,4.3,22772,12333,1330,0,1,216,199,0,199
2024-12-02,B073496Y7S,boAt Rockerz Wireless Bluetooth Earbuds,2990.0,2093.0,30,4.3,25560,8780,907,0,0,220,184,0,184
2024-12-03,B073496Y7S,boAt Rockerz Wireless Bluetooth Earbuds,2990.0,2392.0,20,4.1,21021,7668,643,0,0,232,170,0,170
2024-12-04,B073496Y7S,boAt Rockerz Wireless Bluetooth Earbuds,2990.0,2392.0,20,4.3,21228,7641,589,0,0,96,96,1,143
2024-12-05,B073496Y7S,boAt Rockerz Wireless Bluetooth Earbuds,2990.0,2392.0,20,4.1,21530,15951,1959,0,0,391,213,0,213
2024-12-06,B073496Y7S,boAt Rockerz Wireless Bluetooth Earbuds,2990.0,2392.0,20,4.5,24573,11435,1280,0,0,191,189,0,189
2024-12-07,B073496Y7S,boAt Rockerz Wireless Bluetooth Earbuds,2990.0,2093.0,30,4.2,23621,10732,1245,0,1,218,178,0,178
2024-12-08,B073496Y7S,boAt Rockerz Wireless Bluetooth Earbuds,2990.0,2392.0,20,4.3,23529,14959,1706,0,1,195,193,0,193
2024-12-09,B073496Y7S,boAt Rockerz Wireless Bluetooth Earbuds,2990.0,2093.0,30,4.0,20072,5314,737,0,0,189,146,0,146
2024-12-10,B073496Y7S,boAt Rockerz Wireless Bluetooth Earbuds,2990.0,2392.0,20,4.1,26272,11966,1542,0,0,148,148,1,193
2024-12-11,B073496Y7S,boAt Rockerz Wireless Bluetooth Earbuds,2990.0,2392.0,20,4.3,27184,8427,1592,0,0,261,162,0,162
2024-12-12,B073496Y7S,boAt Rockerz Wireless Bluetooth Earbuds,2990.0,2093.0,30,4.2,24640,9596,1028,0,0,241,187,0,187
2024-12-13,B073496Y7S,boAt Rockerz Wireless Bluetooth Earbuds,2990.0,1794.0,40,4.3,20201,7665,971,0,0,327,181,0,181
2024-12-14,B073496Y7S,boAt Rockerz Wireless Bluetooth Earbuds,2990.0,2093.0,30,4.4,20501,9057,1462,0,1,349,186,0,186
2024-12-15,B073496Y7S,boAt Rockerz Wireless Bluetooth Earbuds,2990.0,2093.0,30,4.2,27627,7903,605,0,1,180,166,0,166
2024-12-16,B073496Y7S,boAt Rockerz Wireless Bluetooth Earbuds,2990.0,2392.0,20,4.0,22093,15293,1964,0,0,105,105,1,208
2024-12-17,B073496Y7S,boAt Rockerz Wireless Bluetooth Earbuds,2990.0,2093.0,30,4.0,19319,8241,968,0,0,93,93,1,160
2024-12-18,B073496Y7S,boAt Rockerz Wireless Bluetooth Earbuds,2990.0,1794.0,40,4.3,27630,7431,735,0,0,115,115,1,192
2024-12-19,B073496Y7S,boAt Rockerz Wireless Bluetooth Earbuds,2990.0,1495.0,50,4.2,24003,12738,1769,0,0,264,240,0,240
2024-12-20,B073496Y7S,boAt Rockerz Wireless Bluetooth Earbuds,2990.0,2093.0,30,3.8,24277,9591,765,0,0,332,171,0,171
2024-12-21,B073496Y7S,boAt Rockerz Wireless Bluetooth Earbuds,2990.0,2392.0,20,4.0,20607,10652,1300,0,1,190,163,0,163
2024-12-22,B073496Y7S,boAt Rockerz Wireless Bluetooth Earbuds,2990.0,1794.0,40,4.1,26821,11660,1342,0,1,280,203,0,203
2024-12-23,B073496Y7S,boAt Rockerz Wireless Bluetooth Earbuds,2990.0,2093.0,30,4.1,24528,7353,1075,0,0,237,155,0,155
2024-12-24,B073496Y7S,boAt Rockerz Wireless Bluetooth Earbuds,2990.0,2392.0,20,4.2,23145,8359,1381,0,0,189,161,0,161
2024-12-25,B073496Y7S,boAt Rockerz Wireless Bluetooth Earbuds,2990.0,2392.0,20,4.2,20185,4908,808,0,0,79,79,1,134
2024-12-26,B073496Y7S,boAt Rockerz Wireless Bluetooth Earbuds,2990.0,1794.0,40,4.0,24978,7991,1240,0,0,381,206,0,206
2024-12-27,B073496Y7S,boAt Rockerz Wireless Bluetooth Earbuds,2990.0,2392.0,20,3.9,23517,7283,1045,0,0,224,143,0,143
2024-12-28,B073496Y7S,boAt Rockerz Wireless Bluetooth Earbuds,2990.0,2093.0,30,4.0,24013,7011,589,0,1,146,143,0,143
2024-12-29,B073496Y7S,boAt Rockerz Wireless Bluetooth Earbuds,2990.0,1495.0,50,4.3,25377,11180,1088,0,1,394,226,0,226
2024-12-30,B073496Y7S,boAt Rockerz Wireless Bluetooth Earbuds,2990.0,1794.0,40,4.0,25963,10280,1435,0,0,126,126,1,191
2024-12-31,B073496Y7S,boAt Rockerz Wireless Bluetooth Earbuds,2990.0,2392.0,20,4.2,21542,9635,1692,0,0,88,88,1,164
2025-01-01,B073496Y7S,boAt Rockerz Wireless Bluetooth Earbuds,2990.0,1794.0,40,4.3,27101,10459,1666,0,0,304,215,0,215
2025-01-02,B073496Y7S,boAt Rockerz Wireless Bluetooth Earbuds,2990.0,2093.0,30,4.0,23176,11591,1744,0,0,237,188,0,188
2025-01-03,B073496Y7S,boAt Rockerz Wireless Bluetooth Earbuds,2990.0,2392.0,20,4.5,23376,7238,835,0,0,225,147,0,147
2025-01-04,B073496Y7S,boAt Rockerz Wireless Bluetooth Earbuds,2990.0,2392.0,20,4.1,27117,10789,1507,0,1,271,181,0,181
2025-01-05,B073496Y7S,boAt Rockerz Wireless Bluetooth Earbuds,2990.0,2093.0,30,3.9,19552,14603,1749,0,1,165,165,1,216
2025-01-06,B073496Y7S,boAt Rockerz Wireless Bluetooth Earbuds,2990.0,2392.0,20,4.5,21563,13153,1704,0,0,175,175,1,204
2025-01-07,B073496Y7S,boAt Rockerz Wireless Bluetooth Earbuds,2990.0,2392.0,20,4.0,21131,5022,720,0,0,72,72,1,127
2025-01-08,B073496Y7S,boAt Rockerz Wireless Bluetooth Earbuds,2990.0,2392.0,20,4.5,22675,12640,1347,0,0,189,179,0,179
2025-01-09,B073496Y7S,boAt Rockerz Wireless Bluetooth Earbuds,2990.0,2093.0,30,4.4,23448,13974,1438,0,0,226,212,0,212
2025-01-10,B073496Y7S,boAt Rockerz Wireless Bluetooth Earbuds,2990.0,2392.0,20,4.3,27663,10004,1948,0,0,155,155,1,161
2025-01-11,B073496Y7S,boAt Rockerz Wireless Bluetooth Earbuds,2990.0,2392.0,20,4.0,26039,10317,1363,0,1,337,175,0,175
2025-01-12,B073496Y7S,boAt Rockerz Wireless Bluetooth Earbuds,2990.0,2392.0,20,4.2,23999,12685,1613,0,1,311,195,0,195
2025-01-13,B073496Y7S,boAt Rockerz Wireless Bluetooth Earbuds,2990.0,2392.0,20,4.3,18961,5551,881,0,0,168,117,0,117
2025-01-14,B073496Y7S,boAt Rockerz Wireless Bluetooth Earbuds,2990.0,1495.0,50,4.1,22742,11459,1188,0,0,146,146,1,241
2025-01-15,B073496Y7S,boAt Rockerz Wireless Bluetooth Earbuds,2990.0,2093.0,30,4.1,22216,11247,1206,0,0,210,194,0,194
2025-01-16,B073496Y7S,boAt Rockerz Wireless Bluetooth Earbuds,2990.0,1794.0,40,4.1,25690,8987,1087,0,0,282,194,0,194
2025-01-17,B073496Y7S,boAt Rockerz Wireless Bluetooth Earbuds,2990.0,1794.0,40,4.2,25546,8685,1027,0,0,239,191,0,191
2025-01-18,B073496Y7S,boAt Rockerz Wireless Bluetooth Earbuds,2990.0,2093.0,30,4.4,27345,3551,544,0,1,94,94,1,152
2025-01-19,B073496Y7S,boAt Rockerz Wireless Bluetooth Earbuds,2990.0,2093.0,30,4.0,25316,9742,1640,0,1,282,179,0,179
2025-01-20,B073496Y7S,boAt Rockerz Wireless Bluetooth Earbuds,2990.0,2392.0,20,4.5,22887,9710,1820,0,0,294,153,0,153
2025-01-21,B073496Y7S,boAt Rockerz Wireless Bluetooth Earbuds,2990.0,1495.0,50,3.8,28163,11742,1103,0,0,192,192,1,217
2025-01-22,B073496Y7S,boAt Rockerz Wireless Bluetooth Earbuds,2990.0,1794.0,40,3.9,19928,6950,568,0,0,261,192,0,192
2025-01-23,B073496Y7S,boAt Rockerz Wireless Bluetooth Earbuds,2990.0,2093.0,30,4.0,23876,10947,1108,0,0,197,180,0,180
2025-01-24,B073496Y7S,boAt Rockerz Wireless Bluetooth Earbuds,2990.0,2392.0,20,4.4,23762,10537,1594,0,0,96,96,1,185
2025-01-25,B073496Y7S,boAt Rockerz Wireless Bluetooth Earbuds,2990.0,2392.0,20,4.2,24499,4917,518,0,1,194,128,0,128
2025-01-26,B073496Y7S,boAt Rockerz Wireless Bluetooth Earbuds,2990.0,1046.5,65,4.1,19331,34624,5394,1,1,701,533,0,533
2025-01-27,B073496Y7S,boAt Rockerz Wireless Bluetooth Earbuds,2990.0,2392.0,20,4.4,24088,15317,1891,0,0,193,193,1,214
2025-01-28,B073496Y7S,boAt Rockerz Wireless Bluetooth Earbuds,2990.0,1794.0,40,4.2,25144,5988,1003,0,0,101,101,1,171
2025-01-29,B073496Y7S,boAt Rockerz Wireless Bluetooth Earbuds,2990.0,2392.0,20,4.2,28539,11729,1336,0,0,336,183,0,183
2025-01-30,B073496Y7S,boAt Rockerz Wireless Bluetooth Earbuds,2990.0,2093.0,30,4.2,26515,7181,923,0,0,145,145,1,155
2025-01-31,B073496Y7S,boAt Rockerz Wireless Bluetooth Earbuds,2990.0,2093.0,30,4.5,27776,10203,1733,0,0,295,186,0,186
2025-02-01,B073496Y7S,boAt Rockerz Wireless Bluetooth Earbuds,2990.0,2392.0,20,4.1,22216,12908,1811,0,1,307,189,0,189
2025-02-02,B073496Y7S,boAt Rockerz Wireless Bluetooth Earbuds,2990.0,1794.0,40,4.0,22207,9407,1224,0,1,103,103,1,188
2025-02-03,B073496Y7S,boAt Rockerz Wireless Bluetooth Earbuds,2990.0,2392.0,20,3.8,23873,5500,602,0,0,243,135,0,135
2025-02-04,B073496Y7S,boAt Rockerz Wireless Bluetooth Earbuds,2990.0,2093.0,30,4.4,20327,11045,1685,0,0,140,140,1,207
2025-02-05,B073496Y7S,boAt Rockerz Wireless Bluetooth Earbuds,2990.0,2392.0,20,4.2,25686,6544,993,0,0,284,147,0,147
2025-02-06,B073496Y7S,boAt Rockerz Wireless Bluetooth Earbuds,2990.0,2392.0,20,4.4,21076,7546,734,0,0,96,96,1,148
2025-02-07,B073496Y7S,boAt Rockerz Wireless Bluetooth Earbuds,2990.0,2392.0,20,4.0,22222,6929,567,0,0,202,126,0,126
2025-02-08,B073496Y7S,boAt Rockerz Wireless Bluetooth Earbuds,2990.0,1495.0,50,4.3,28418,9791,879,0,1,174,174,1,202
2025-02-09,B073496Y7S,boAt Rockerz Wireless Bluetooth Earbuds,2990.0,2093.0,30,4.2,20914,12821,1719,0,1,224,213,0,213
2025-02-10,B073496Y7S,boAt Rockerz Wireless Bluetooth Earbuds,2990.0,2392.0,20,4.1,22105,8084,917,0,0,152,152,1,166
2025-02-11,B073496Y7S,boAt Rockerz Wireless Bluetooth Earbuds,2990.0,1794.0,40,4.1,24942,5535,1014,0,0,84,84,1,145
2025-02-12,B073496Y7S,boAt Rockerz Wireless Bluetooth Earbuds,2990.0,2093.0,30,3.9,26263,9900,1099,0,0,298,176,0,176
2025-02-13,B073496Y7S,boAt Rockerz Wireless Bluetooth Earbuds,2990.0,2093.0,30,4.3,22427,5726,651,0,0,241,132,0,132
2025-02-14,B073496Y7S,boAt Rockerz Wireless Bluetooth Earbuds,2990.0,2392.0,20,4.0,25638,10550,972,0,0,127,127,1,164
2025-02-15,B073496Y7S,boAt Rockerz Wireless Bluetooth Earbuds,2990.0,1794.0,40,4.1,24784,10949,1943,0,1,268,197,0,197
2025-02-16,B073496Y7S,boAt Rockerz Wireless Bluetooth Earbuds,2990.0,1794.0,40,4.1,28207,10693,938,0,1,319,209,0,209
2025-02-17,B073496Y7S,boAt Rockerz Wireless Bluetooth Earbuds,2990.0,1495.0,50,4.4,19926,9350,1192,0,0,279,215,0,215
2025-02-18,B073496Y7S,boAt Rockerz Wireless Bluetooth Earbuds,2990.0,2392.0,20,4.0,27609,8980,1338,0,0,201,172,0,172
2025-02-19,B073496Y7S,boAt Rockerz Wireless Bluetooth Earbuds,2990.0,2093.0,30,3.8,26654,11726,1760,0,0,291,186,0,186
2025-02-20,B073496Y7S,boAt Rockerz Wireless Bluetooth Earbuds,2990.0,2392.0,20,4.1,26965,11652,1614,0,0,219,181,0,181
2025-02-21,B073496Y7S,boAt Rockerz Wireless Bluetooth Earbuds,2990.0,1794.0,40,4.2,22316,10392,868,0,0,209,193,0,193
2025-02-22,B073496Y7S,boAt Rockerz Wireless Bluetooth Earbuds,2990.0,2093.0,30,3.8,24200,12600,1897,0,1,345,206,0,206
2025-02-23,B073496Y7S,boAt Rockerz Wireless Bluetooth Earbuds,2990.0,2392.0,20,4.2,23697,9391,1187,0,1,127,127,1,139
2025-02-24,B073496Y7S,boAt Rockerz Wireless Bluetooth Earbuds,2990.0,1495.0,50,4.1,21715,15617,1824,0,0,484,276,0,276
2025-02-25,B073496Y7S,boAt Rockerz Wireless Bluetooth Earbuds,2990.0,2392.0,20,4.2,27019,5926,627,0,0,116,116,1,128
2025-02-26,B073496Y7S,boAt Rockerz Wireless Bluetooth Earbuds,2990.0,1794.0,40,4.3,19285,11714,1670,0,0,280,198,0,198
2025-02-27,B073496Y7S,boAt Rockerz Wireless Bluetooth Earbuds,2990.0,2093.0,30,4.0,26110,10747,1515,0,0,149,149,1,168
2025-02-28,B073496Y7S,boAt Rockerz Wireless Bluetooth Earbuds,2990.0,2392.0,20,4.4,23378,7353,622,0,0,103,103,1,139
2025-03-01,B073496Y7S,boAt Rockerz Wireless Bluetooth Earbuds,2990.0,2093.0,30,4.5,26160,6585,1095,0,1,343,172,0,172
2025-03-02,B073496Y7S,boAt Rockerz Wireless Bluetooth Earbuds,2990.0,2093.0,30,4.3,22140,11437,1599,0,1,147,147,1,199
2025-03-03,B073496Y7S,boAt Rockerz Wireless Bluetooth Earbuds,2990.0,2392.0,20,4.4,19346,12057,1469,0,0,328,198,0,198
2025-03-04,B073496Y7S,boAt Rockerz Wireless Bluetooth Earbuds,2990.0,2392.0,20,3.8,23331,7406,622,0,0,240,153,0,153
2025-03-05,B073496Y7S,boAt Rockerz Wireless Bluetooth Earbuds,2990.0,2392.0,20,4.3,19494,13432,1387,0,0,264,199,0,199
2025-03-06,B073496Y7S,boAt Rockerz Wireless Bluetooth Earbuds,2990.0,2093.0,30,4.2,23428,13016,1697,0,0,363,201,0,201
2025-03-07,B073496Y7S,boAt Rockerz Wireless Bluetooth Earbuds,2990.0,2093.0,30,4.3,27657,6928,1032,0,0,101,101,1,165
2025-03-08,B073496Y7S,boAt Rockerz Wireless Bluetooth Earbuds,2990.0,2093.0,30,4.2,28698,14737,1772,0,1,383,227,0,227
2025-03-09,B073496Y7S,boAt Rockerz Wireless Bluetooth Earbuds,2990.0,2093.0,30,4.3,23587,8889,1607,0,1,319,176,0,176
2025-03-10,B073496Y7S,boAt Rockerz Wireless Bluetooth Earbuds,2990.0,2392.0,20,4.2,25570,6796,1177,0,0,140,136,0,136
2025-03-11,B073496Y7S,boAt Rockerz Wireless Bluetooth Earbuds,2990.0,2392.0,20,4.5,22673,10264,1487,0,0,131,131,1,181
2025-03-12,B073496Y7S,boAt Rockerz Wireless Bluetooth Earbuds,2990.0,2392.0,20,3.9,22890,10944,1333,0,0,215,174,0,174
2025-03-13,B073496Y7S,boAt Rockerz Wireless Bluetooth Earbuds,2990.0,2392.0,20,4.2,23770,12246,1648,0,0,179,179,1,196
2025-03-14,B073496Y7S,boAt Rockerz Wireless Bluetooth Earbuds,2990.0,1794.0,40,3.8,19819,8307,903,0,0,296,171,0,171
2025-03-15,B073496Y7S,boAt Rockerz Wireless Bluetooth Earbuds,2990.0,2093.0,30,4.0,25036,7074,616,0,1,135,135,1,162
2025-03-16,B073496Y7S,boAt Rockerz Wireless Bluetooth Earbuds,2990.0,2392.0,20,4.0,24636,9787,1344,0,1,279,156,0,156
2025-03-17,B073496Y7S,boAt Rockerz Wireless Bluetooth Earbuds,2990.0,1794.0,40,4.2,21093,5397,742,0,0,263,142,0,142
2025-03-18,B073496Y7S,boAt Rockerz Wireless Bluetooth Earbuds,2990.0,1794.0,40,4.0,20357,8206,896,0,0,196,189,0,189
2025-03-19,B073496Y7S,boAt Rockerz Wireless Bluetooth Earbuds,2990.0,1495.0,50,3.8,22827,6565,506,0,0,222,182,0,182
2025-03-20,B073496Y7S,boAt Rockerz Wireless Bluetooth Earbuds,2990.0,2093.0,30,4.3,20868,12886,1551,0,0,155,155,1,200
2025-03-21,B073496Y7S,boAt Rockerz Wireless Bluetooth Earbuds,2990.0,2392.0,20,4.4,21133,6895,938,0,0,118,118,1,136
2025-03-22,B073496Y7S,boAt Rockerz Wireless Bluetooth Earbuds,2990.0,2392.0,20,4.3,24546,6373,856,0,1,137,137,1,140
2025-03-23,B073496Y7S,boAt Rockerz Wireless Bluetooth Earbuds,2990.0,1495.0,50,4.4,20547,9973,1413,0,1,293,213,0,213
2025-03-24,B073496Y7S,boAt Rockerz Wireless Bluetooth Earbuds,2990.0,2093.0,30,4.4,25158,7539,1060,0,0,251,153,0,153
2025-03-25,B073496Y7S,boAt Rockerz Wireless Bluetooth Earbuds,2990.0,2093.0,30,4.5,24288,10015,1370,0,0,302,185,0,185
2025-03-26,B073496Y7S,boAt Rockerz Wireless Bluetooth Earbuds,2990.0,1794.0,40,4.4,24582,4762,639,0,0,91,91,1,160
2025-03-27,B073496Y7S,boAt Rockerz Wireless Bluetooth Earbuds,2990.0,2392.0,20,4.3,20209,6494,531,0,0,213,136,0,136
2025-03-28,B073496Y7S,boAt Rockerz Wireless Bluetooth Earbuds,2990.0,2392.0,20,4.4,26366,8288,961,0,0,209,180,0,180
2025-03-29,B073496Y7S,boAt Rockerz Wireless Bluetooth Earbuds,2990.0,1794.0,40,4.3,24650,12421,1695,0,1,165,165,1,208
2025-03-30,B073496Y7S,boAt Rockerz Wireless Bluetooth Earbuds,2990.0,2392.0,20,3.8,28842,8682,1069,0,1,313,168,0,168
2025-03-31,B073496Y7S,boAt Rockerz Wireless Bluetooth Earbuds,2990.0,2392.0,20,4.1,23036,9126,1615,0,0,155,155,1,174
2025-04-01,B073496Y7S,boAt Rockerz Wireless Bluetooth Earbuds,2990.0,1495.0,50,4.5,28352,10416,1812,0,0,223,220,0,220
2025-04-02,B073496Y7S,boAt Rockerz Wireless Bluetooth Earbuds,2990.0,2392.0,20,4.4,21854,6152,752,0,0,129,125,0,125
2025-04-03,B073496Y7S,boAt Rockerz Wireless Bluetooth Earbuds,2990.0,2093.0,30,3.9,24534,10003,1174,0,0,209,160,0,160
2025-04-04,B073496Y7S,boAt Rockerz Wireless Bluetooth Earbuds,2990.0,2392.0,20,3.8,25839,4172,530,0,0,121,107,0,107
2025-04-05,B073496Y7S,boAt Rockerz Wireless Bluetooth Earbuds,2990.0,2093.0,30,4.3,19892,10240,1182,0,1,157,157,1,175
2025-04-06,B073496Y7S,boAt Rockerz Wireless Bluetooth Earbuds,2990.0,2392.0,20,4.2,23036,4988,896,0,1,104,104,1,125
2025-04-07,B073496Y7S,boAt Rockerz Wireless Bluetooth Earbuds,2990.0,2392.0,20,4.4,21167,6881,949,0,0,296,158,0,158
2025-04-08,B073496Y7S,boAt Rockerz Wireless Bluetooth Earbuds,2990.0,2392.0,20,4.2,20087,11754,1055,0,0,204,161,0,161
2025-04-09,B073496Y7S,boAt Rockerz Wireless Bluetooth Earbuds,2990.0,2392.0,20,4.2,24065,13826,1378,0,0,376,192,0,192
2025-04-10,B073496Y7S,boAt Rockerz Wireless Bluetooth Earbuds,2990.0,2093.0,30,4.0,23573,4409,710,0,0,144,125,0,125
2025-04-11,B073496Y7S,boAt Rockerz Wireless Bluetooth Earbuds,2990.0,2093.0,30,3.8,27022,4191,668,0,0,285,150,0,150
2025-04-12,B073496Y7S,boAt Rockerz Wireless Bluetooth Earbuds,2990.0,2392.0,20,4.5,23095,8324,1023,0,1,110,110,1,170
2025-04-13,B073496Y7S,boAt Rockerz Wireless Bluetooth Earbuds,2990.0,2093.0,30,4.3,24903,6381,1290,0,1,195,159,0,159
2025-04-14,B073496Y7S,boAt Rockerz Wireless Bluetooth Earbuds,2990.0,2093.0,30,4.1,25864,9521,1428,0,0,137,137,1,185
2025-04-15,B073496Y7S,boAt Rockerz Wireless Bluetooth Earbuds,2990.0,1495.0,50,3.8,23928,14558,1948,0,0,394,244,0,244
2025-04-16,B073496Y7S,boAt Rockerz Wireless Bluetooth Earbuds,2990.0,2093.0,30,4.0,25393,6058,649,0,0,106,106,1,170
2025-04-17,B073496Y7S,boAt Rockerz Wireless Bluetooth Earbuds,2990.0,1794.0,40,4.1,28322,9735,1100,0,0,281,199,0,199
2025-04-18,B073496Y7S,boAt Rockerz Wireless Bluetooth Earbuds,2990.0,2392.0,20,3.9,28279,11701,1420,0,0,332,173,0,173
2025-04-19,B073496Y7S,boAt Rockerz Wireless Bluetooth Earbuds,2990.0,2392.0,20,4.2,21565,14348,1733,0,1,232,201,0,201
2025-04-20,B073496Y7S,boAt Rockerz Wireless Bluetooth Earbuds,2990.0,1495.0,50,4.0,20164,6378,628,0,1,215,172,0,172
2025-04-21,B073496Y7S,boAt Rockerz Wireless Bluetooth Earbuds,2990.0,2392.0,20,4.1,22375,14481,1929,0,0,273,200,0,200
2025-04-22,B073496Y7S,boAt Rockerz Wireless Bluetooth Earbuds,2990.0,1794.0,40,4.2,28229,5295,850,0,0,235,152,0,152
2025-04-23,B073496Y7S,boAt Rockerz Wireless Bluetooth Earbuds,2990.0,2392.0,20,4.0,20453,10958,1333,0,0,315,169,0,169
2025-04-24,B073496Y7S,boAt Rockerz Wireless Bluetooth Earbuds,2990.0,2392.0,20,3.9,28769,7750,1292,0,0,201,130,0,130
2025-04-25,B073496Y7S,boAt Rockerz Wireless Bluetooth Earbuds,2990.0,2093.0,30,3.9,20653,6547,782,0,0,123,123,1,160
2025-04-26,B073496Y7S,boAt Rockerz Wireless Bluetooth Earbuds,2990.0,2093.0,30,4.4,21916,6521,878,0,1,275,164,0,164
2025-04-27,B073496Y7S,boAt Rockerz Wireless Bluetooth Earbuds,2990.0,2392.0,20,4.4,22464,4030,568,0,1,126,117,0,117
2025-04-28,B073496Y7S,boAt Rockerz Wireless Bluetooth Earbuds,2990.0,2392.0,20,3.9,23238,9894,1172,0,0,307,163,0,163
2025-04-29,B073496Y7S,boAt Rockerz Wireless Bluetooth Earbuds,2990.0,2392.0,20,4.2,28849,10608,1191,0,0,104,104,1,170
2025-04-30,B073496Y7S,boAt Rockerz Wireless Bluetooth Earbuds,2990.0,2093.0,30,3.9,29002,14069,1909,0,0,323,199,0,199
2025-05-01,B073496Y7S,boAt Rockerz Wireless Bluetooth Earbuds,2990.0,2093.0,30,4.4,26982,8350,1420,0,0,179,172,0,172
2025-05-02,B073496Y7S,boAt Rockerz Wireless Bluetooth Earbuds,2990.0,2392.0,20,4.2,28680,11101,1196,0,0,159,159,1,182
2025-05-03,B073496Y7S,boAt Rockerz Wireless Bluetooth Earbuds,2990.0,2093.0,30,4.3,25608,5540,715,0,1,90,90,1,150
2025-05-04,B073496Y7S,boAt Rockerz Wireless Bluetooth Earbuds,2990.0,2392.0,20,4.1,27314,10536,1050,0,1,130,130,1,168
2025-05-05,B073496Y7S,boAt Rockerz Wireless Bluetooth Earbuds,2990.0,2093.0,30,3.9,25889,14900,1907,0,0,120,120,1,213
2025-05-06,B073496Y7S,boAt Rockerz Wireless Bluetooth Earbuds,2990.0,2392.0,20,4.2,22681,12696,1803,0,0,155,155,1,192
2025-05-07,B073496Y7S,boAt Rockerz Wireless Bluetooth Earbuds,2990.0,2392.0,20,4.1,25902,6854,1256,0,0,107,107,1,151
2025-05-08,B073496Y7S,boAt Rockerz Wireless Bluetooth Earbuds,2990.0,1794.0,40,4.5,21523,8217,897,0,0,169,169,1,187
2025-05-09,B073496Y7S,boAt Rockerz Wireless Bluetooth Earbuds,2990.0,1794.0,40,4.0,26239,12751,1596,0,0,130,130,1,229
2025-05-10,B073496Y7S,boAt Rockerz Wireless Bluetooth Earbuds,2990.0,1495.0,50,4.4,27099,8128,1112,0,1,109,109,1,198
2025-05-11,B073496Y7S,boAt Rockerz Wireless Bluetooth Earbuds,2990.0,2392.0,20,3.9,29285,5139,721,0,1,66,66,1,120
2025-05-12,B073496Y7S,boAt Rockerz Wireless Bluetooth Earbuds,2990.0,2392.0,20,4.2,20757,8076,1023,0,0,91,91,1,151
2025-05-13,B073496Y7S,boAt Rockerz Wireless Bluetooth Earbuds,2990.0,2392.0,20,4.1,24717,8264,903,0,0,169,156,0,156
2025-05-14,B073496Y7S,boAt Rockerz Wireless Bluetooth Earbuds,2990.0,2093.0,30,4.0,25405,4787,602,0,0,183,127,0,127
2025-05-15,B073496Y7S,boAt Rockerz Wireless Bluetooth Earbuds,2990.0,2392.0,20,4.4,26282,12194,1266,0,0,390,212,0,212
2025-05-16,B073496Y7S,boAt Rockerz Wireless Bluetooth Earbuds,2990.0,2392.0,20,3.9,22843,7075,995,0,0,100,100,1,139
2025-05-17,B073496Y7S,boAt Rockerz Wireless Bluetooth Earbuds,2990.0,2392.0,20,3.9,27663,8261,1007,0,1,223,152,0,152
2025-05-18,B073496Y7S,boAt Rockerz Wireless Bluetooth Earbuds,2990.0,1794.0,40,4.2,24361,4648,552,0,1,163,155,0,155
2025-05-19,B073496Y7S,boAt Rockerz Wireless Bluetooth Earbuds,2990.0,2392.0,20,4.2,20283,10021,1176,0,0,197,183,0,183
2025-05-20,B073496Y7S,boAt Rockerz Wireless Bluetooth Earbuds,2990.0,2392.0,20,3.8,27755,6768,1317,0,0,260,134,0,134
2025-05-21,B073496Y7S,boAt Rockerz Wireless Bluetooth Earbuds,2990.0,2392.0,20,4.4,22700,9001,938,0,0,205,177,0,177
2025-05-22,B073496Y7S,boAt Rockerz Wireless Bluetooth Earbuds,2990.0,2093.0,30,4.5,29278,10444,1375,0,0,169,169,1,191
2025-05-23,B073496Y7S,boAt Rockerz Wireless Bluetooth Earbuds,2990.0,2392.0,20,4.3,28595,12570,1734,0,0,290,207,0,207
2025-05-24,B073496Y7S,boAt Rockerz Wireless Bluetooth Earbuds,2990.0,1495.0,50,3.8,20544,14103,1664,0,1,207,207,1,214
2025-05-25,B073496Y7S,boAt Rockerz Wireless Bluetooth Earbuds,2990.0,2093.0,30,4.0,26486,7485,742,0,1,120,120,1,156
2025-05-26,B073496Y7S,boAt Rockerz Wireless Bluetooth Earbuds,2990.0,2392.0,20,4.4,22145,7845,566,0,0,223,147,0,147
2025-05-27,B073496Y7S,boAt Rockerz Wireless Bluetooth Earbuds,2990.0,2093.0,30,4.1,21654,10858,1679,0,0,350,178,0,178
2025-05-28,B073496Y7S,boAt Rockerz Wireless Bluetooth Earbuds,2990.0,2392.0,20,3.9,23349,8332,779,0,0,98,98,1,151
2025-05-29,B073496Y7S,boAt Rockerz Wireless Bluetooth Earbuds,2990.0,2392.0,20,4.4,24827,11381,1886,0,0,290,185,0,185
2025-05-30,B073496Y7S,boAt Rockerz Wireless Bluetooth Earbuds,2990.0,2093.0,30,4.4,27037,8969,1245,0,0,293,177,0,177
2025-05-31,B073496Y7S,boAt Rockerz Wireless Bluetooth Earbuds,2990.0,2093.0,30,3.8,28214,7223,617,0,1,212,162,0,162
2025-06-01,B073496Y7S,boAt Rockerz Wireless Bluetooth Earbuds,2990.0,2392.0,20,4.3,24834,12545,1877,0,1,318,186,0,186
2025-06-02,B073496Y7S,boAt Rockerz Wireless Bluetooth Earbuds,2990.0,2392.0,20,4.1,25469,13383,1713,0,0,148,148,1,193
2025-06-03,B073496Y7S,boAt Rockerz Wireless Bluetooth Earbuds,2990.0,2392.0,20,4.5,21421,11787,1887,0,0,314,185,0,185
2025-06-04,B073496Y7S,boAt Rockerz Wireless Bluetooth Earbuds,2990.0,2392.0,20,4.5,29235,10796,1763,0,0,351,178,0,178
2025-06-05,B073496Y7S,boAt Rockerz Wireless Bluetooth Earbuds,2990.0,2093.0,30,4.0,28935,7938,902,0,0,247,151,0,151
2025-06-06,B073496Y7S,boAt Rockerz Wireless Bluetooth Earbuds,2990.0,1794.0,40,4.3,22545,7614,618,0,0,191,177,0,177
2025-06-07,B073496Y7S,boAt Rockerz Wireless Bluetooth Earbuds,2990.0,2392.0,20,4.1,26754,7431,783,0,1,100,100,1,142
2025-06-08,B073496Y7S,boAt Rockerz Wireless Bluetooth Earbuds,2990.0,2093.0,30,3.9,25023,15650,1955,0,1,371,220,0,220
2025-06-09,B073496Y7S,boAt Rockerz Wireless Bluetooth Earbuds,2990.0,2392.0,20,4.0,19828,14929,1745,0,0,327,205,0,205
2025-06-10,B073496Y7S,boAt Rockerz Wireless Bluetooth Earbuds,2990.0,1495.0,50,4.3,21343,9497,1122,0,0,204,203,0,203
2025-06-11,B073496Y7S,boAt Rockerz Wireless Bluetooth Earbuds,2990.0,1794.0,40,4.2,25860,5290,734,0,0,210,170,0,170
2025-06-12,B073496Y7S,boAt Rockerz Wireless Bluetooth Earbuds,2990.0,2093.0,30,3.9,23697,8231,875,0,0,281,166,0,166
2025-06-13,B073496Y7S,boAt Rockerz Wireless Bluetooth Earbuds,2990.0,1794.0,40,4.5,21247,10507,1804,0,0,405,208,0,208
2025-06-14,B073496Y7S,boAt Rockerz Wireless Bluetooth Earbuds,2990.0,2392.0,20,4.3,28473,6650,734,0,1,106,106,1,138
2025-06-15,B073496Y7S,boAt Rockerz Wireless Bluetooth Earbuds,2990.0,2093.0,30,4.2,28019,13615,1602,0,1,325,211,0,211
2025-06-16,B073496Y7S,boAt Rockerz Wireless Bluetooth Earbuds,2990.0,2392.0,20,4.5,23545,13804,1728,0,0,302,212,0,212
2025-06-17,B073496Y7S,boAt Rockerz Wireless Bluetooth Earbuds,2990.0,2392.0,20,4.2,19554,12484,1799,0,0,335,207,0,207
2025-06-18,B073496Y7S,boAt Rockerz Wireless Bluetooth Earbuds,2990.0,2093.0,30,4.1,28607,6919,1188,0,0,264,150,0,150
2025-06-19,B073496Y7S,boAt Rockerz Wireless Bluetooth Earbuds,2990.0,2093.0,30,4.2,20323,10990,1883,0,0,265,172,0,172
2025-06-20,B073496Y7S,boAt Rockerz Wireless Bluetooth Earbuds,2990.0,2093.0,30,4.4,23223,7242,521,0,0,304,160,0,160
2025-06-21,B073496Y7S,boAt Rockerz Wireless Bluetooth Earbuds,2990.0,2392.0,20,4.5,28097,7858,1530,0,1,165,152,0,152
2025-06-22,B073496Y7S,boAt Rockerz Wireless Bluetooth Earbuds,2990.0,2093.0,30,4.1,28711,15537,1856,0,1,464,240,0,240
2025-06-23,B073496Y7S,boAt Rockerz Wireless Bluetooth Earbuds,2990.0,2093.0,30,4.0,25804,6187,914,0,0,283,154,0,154
2025-06-24,B073496Y7S,boAt Rockerz Wireless Bluetooth Earbuds,2990.0,2392.0,20,4.4,21261,15473,1546,0,0,382,226,0,226
2025-06-25,B073496Y7S,boAt Rockerz Wireless Bluetooth Earbuds,2990.0,2392.0,20,3.8,20584,6944,739,0,0,160,144,0,144
2025-06-26,B073496Y7S,boAt Rockerz Wireless Bluetooth Earbuds,2990.0,2093.0,30,4.4,26517,6149,921,0,0,197,179,0,179
2025-06-27,B073496Y7S,boAt Rockerz Wireless Bluetooth Earbuds,2990.0,2392.0,20,4.4,28329,13402,1905,0,0,400,206,0,206
2025-06-28,B073496Y7S,boAt Rockerz Wireless Bluetooth Earbuds,2990.0,2093.0,30,4.2,26440,11213,1659,0,1,164,164,1,203
2025-06-29,B073496Y7S,boAt Rockerz Wireless Bluetooth Earbuds,2990.0,1794.0,40,3.9,25713,8894,1027,0,1,127,127,1,180
2025-06-30,B073496Y7S,boAt Rockerz Wireless Bluetooth Earbuds,2990.0,2093.0,30,4.5,29372,14834,1967,0,0,191,191,1,226
2025-07-01,B073496Y7S,boAt Rockerz Wireless Bluetooth Earbuds,2990.0,2392.0,20,4.1,24051,11443,1626,0,0,206,183,0,183
2025-07-02,B073496Y7S,boAt Rockerz Wireless Bluetooth Earbuds,2990.0,2392.0,20,4.0,23842,9131,1772,0,0,220,154,0,154
2025-07-03,B073496Y7S,boAt Rockerz Wireless Bluetooth Earbuds,2990.0,1794.0,40,4.0,22373,11375,1609,0,0,194,194,1,206
2025-07-04,B073496Y7S,boAt Rockerz Wireless Bluetooth Earbuds,2990.0,2093.0,30,4.3,22413,11147,1148,0,0,147,147,1,204
2025-07-05,B073496Y7S,boAt Rockerz Wireless Bluetooth Earbuds,2990.0,1794.0,40,4.0,22415,7783,1190,0,1,194,182,0,182
2025-07-06,B073496Y7S,boAt Rockerz Wireless Bluetooth Earbuds,2990.0,2093.0,30,4.0,21548,8348,1557,0,1,195,167,0,167
2025-07-07,B073496Y7S,boAt Rockerz Wireless Bluetooth Earbuds,2990.0,2392.0,20,4.1,26557,12259,1641,0,0,207,191,0,191
2025-07-08,B073496Y7S,boAt Rockerz Wireless Bluetooth Earbuds,2990.0,2392.0,20,4.3,28613,11978,1917,0,0,131,131,1,174
2025-07-09,B073496Y7S,boAt Rockerz Wireless Bluetooth Earbuds,2990.0,2093.0,30,3.8,21962,7264,676,0,0,145,145,1,152
2025-07-10,B073496Y7S,boAt Rockerz Wireless Bluetooth Earbuds,2990.0,1495.0,50,4.3,19961,11940,1371,0,0,146,146,1,215
2025-07-11,B073496Y7S,boAt Rockerz Wireless Bluetooth Earbuds,2990.0,2093.0,30,4.1,26252,8688,1843,0,0,262,167,0,167
2025-07-12,B073496Y7S,boAt Rockerz Wireless Bluetooth Earbuds,2990.0,2392.0,20,4.1,24399,5594,895,0,1,171,125,0,125
2025-07-13,B073496Y7S,boAt Rockerz Wireless Bluetooth Earbuds,2990.0,2392.0,20,4.1,19912,8343,1035,0,1,173,160,0,160
2025-07-14,B073496Y7S,boAt Rockerz Wireless Bluetooth Earbuds,2990.0,2093.0,30,4.5,23488,3129,510,0,0,246,125,0,125
2025-07-15,B073496Y7S,boAt Rockerz Wireless Bluetooth Earbuds,2990.0,2392.0,20,4.0,21906,7770,843,0,0,105,105,1,150
2025-07-16,B073496Y7S,boAt Rockerz Wireless Bluetooth Earbuds,2990.0,1794.0,40,4.5,29396,4926,695,0,0,100,100,1,171
2025-07-17,B073496Y7S,boAt Rockerz Wireless Bluetooth Earbuds,2990.0,2093.0,30,4.4,25395,11618,1466,0,0,299,194,0,194
2025-07-18,B073496Y7S,boAt Rockerz Wireless Bluetooth Earbuds,2990.0,1495.0,50,3.8,20259,8458,825,0,0,293,200,0,200
2025-07-19,B073496Y7S,boAt Rockerz Wireless Bluetooth Earbuds,2990.0,2093.0,30,3.9,23346,7171,664,0,1,199,147,0,147
2025-07-20,B073496Y7S,boAt Rockerz Wireless Bluetooth Earbuds,2990.0,2093.0,30,4.0,19746,5547,638,0,1,172,144,0,144
2025-07-21,B073496Y7S,boAt Rockerz Wireless Bluetooth Earbuds,2990.0,2093.0,30,3.8,22173,9357,1217,0,0,165,161,0,161
2025-07-22,B073496Y7S,boAt Rockerz Wireless Bluetooth Earbuds,2990.0,2392.0,20,4.0,25445,10905,1216,0,0,236,166,0,166
2025-07-23,B073496Y7S,boAt Rockerz Wireless Bluetooth Earbuds,2990.0,2093.0,30,3.8,20749,6365,727,0,0,159,152,0,152
2025-07-24,B073496Y7S,boAt Rockerz Wireless Bluetooth Earbuds,2990.0,2392.0,20,4.4,26908,14880,1602,0,0,255,212,0,212
2025-07-25,B073496Y7S,boAt Rockerz Wireless Bluetooth Earbuds,2990.0,2093.0,30,4.1,28460,7481,910,0,0,138,138,1,152
2025-07-26,B073496Y7S,boAt Rockerz Wireless Bluetooth Earbuds,2990.0,2093.0,30,4.1,24483,8682,961,0,1,297,155,0,155
2025-07-27,B073496Y7S,boAt Rockerz Wireless Bluetooth Earbuds,2990.0,1495.0,50,4.1,23102,5246,556,0,1,288,174,0,174
2025-07-28,B073496Y7S,boAt Rockerz Wireless Bluetooth Earbuds,2990.0,2392.0,20,4.4,24006,8266,1471,0,0,239,171,0,171
2025-07-29,B073496Y7S,boAt Rockerz Wireless Bluetooth Earbuds,2990.0,1794.0,40,4.0,28025,5575,820,0,0,162,162,1,169
2025-07-30,B073496Y7S,boAt Rockerz Wireless Bluetooth Earbuds,2990.0,2093.0,30,4.3,28149,10120,1465,0,0,293,202,0,202
2025-07-31,B073496Y7S,boAt Rockerz Wireless Bluetooth Earbuds,2990.0,1794.0,40,3.9,22473,10494,1278,0,0,146,146,1,190
2025-08-01,B073496Y7S,boAt Rockerz Wireless Bluetooth Earbuds,2990.0,2093.0,30,4.5,24124,6599,683,0,0,340,176,0,176
2025-08-02,B073496Y7S,boAt Rockerz Wireless Bluetooth Earbuds,2990.0,2392.0,20,4.1,23021,8376,770,0,1,275,147,0,147
2025-08-03,B073496Y7S,boAt Rockerz Wireless Bluetooth Earbuds,2990.0,2093.0,30,4.4,24982,14366,1945,0,1,181,181,1,223
2025-08-04,B073496Y7S,boAt Rockerz Wireless Bluetooth Earbuds,2990.0,2392.0,20,4.1,28521,8820,1013,0,0,165,145,0,145
2025-08-05,B073496Y7S,boAt Rockerz Wireless Bluetooth Earbuds,2990.0,2392.0,20,4.0,24599,9087,966,0,0,139,139,1,158
2025-08-06,B073496Y7S,boAt Rockerz Wireless Bluetooth Earbuds,2990.0,1794.0,40,4.3,20529,10895,1927,0,0,398,215,0,215
2025-08-07,B073496Y7S,boAt Rockerz Wireless Bluetooth Earbuds,2990.0,2392.0,20,3.8,28247,16339,1984,0,0,250,199,0,199
2025-08-08,B073496Y7S,boAt Rockerz Wireless Bluetooth Earbuds,2990.0,1794.0,40,3.8,20171,5799,820,0,0,159,158,0,158
2025-08-09,B073496Y7S,boAt Rockerz Wireless Bluetooth Earbuds,2990.0,2392.0,20,4.1,21063,8809,1438,0,1,262,153,0,153
2025-08-10,B073496Y7S,boAt Rockerz Wireless Bluetooth Earbuds,2990.0,1794.0,40,4.1,26457,13463,1939,0,1,359,215,0,215
2025-08-11,B073496Y7S,boAt Rockerz Wireless Bluetooth Earbuds,2990.0,1794.0,40,4.0,20434,6763,875,0,0,181,181,1,182
2025-08-12,B073496Y7S,boAt Rockerz Wireless Bluetooth Earbuds,2990.0,2392.0,20,4.1,23402,7182,1084,0,0,270,150,0,150
2025-08-13,B073496Y7S,boAt Rockerz Wireless Bluetooth Earbuds,2990.0,2093.0,30,4.1,19920,9573,1215,0,0,290,180,0,180
2025-08-14,B073496Y7S,boAt Rockerz Wireless Bluetooth Earbuds,2990.0,2392.0,20,4.3,26162,10053,1530,0,0,163,163,1,167
2025-08-15,B073496Y7S,boAt Rockerz Wireless Bluetooth Earbuds,2990.0,2093.0,30,4.4,28933,7855,880,0,0,328,181,0,181
2025-08-16,B073496Y7S,boAt Rockerz Wireless Bluetooth Earbuds,2990.0,2093.0,30,4.0,29509,7721,536,0,1,132,132,1,150
2025-08-17,B073496Y7S,boAt Rockerz Wireless Bluetooth Earbuds,2990.0,2392.0,20,4.2,22859,7832,893,0,1,210,148,0,148
2025-08-18,B073496Y7S,boAt Rockerz Wireless Bluetooth Earbuds,2990.0,2392.0,20,4.5,20240,12157,1417,0,0,262,202,0,202
2025-08-19,B073496Y7S,boAt Rockerz Wireless Bluetooth Earbuds,2990.0,1495.0,50,4.0,24125,9744,1199,0,0,271,206,0,206
2025-08-20,B073496Y7S,boAt Rockerz Wireless Bluetooth Earbuds,2990.0,2093.0,30,4.2,22021,13874,1943,0,0,130,130,1,206
2025-08-21,B073496Y7S,boAt Rockerz Wireless Bluetooth Earbuds,2990.0,1794.0,40,3.8,20633,4819,603,0,0,101,101,1,147
2025-08-22,B073496Y7S,boAt Rockerz Wireless Bluetooth Earbuds,2990.0,2392.0,20,4.2,21522,11041,1268,0,0,227,160,0,160
2025-08-23,B073496Y7S,boAt Rockerz Wireless Bluetooth Earbuds,2990.0,1794.0,40,4.5,26348,7391,609,0,1,324,188,0,188
2025-08-24,B073496Y7S,boAt Rockerz Wireless Bluetooth Earbuds,2990.0,1794.0,40,4.0,28804,9672,1039,0,1,232,188,0,188
2025-08-25,B073496Y7S,boAt Rockerz Wireless Bluetooth Earbuds,2990.0,2093.0,30,4.1,26295,6575,622,0,0,275,150,0,150
2025-08-26,B073496Y7S,boAt Rockerz Wireless Bluetooth Earbuds,2990.0,2093.0,30,4.0,26298,9743,1208,0,0,214,166,0,166
2025-08-27,B073496Y7S,boAt Rockerz Wireless Bluetooth Earbuds,2990.0,2093.0,30,4.5,29018,12924,1738,0,0,147,147,1,210
2025-08-28,B073496Y7S,boAt Rockerz Wireless Bluetooth Earbuds,2990.0,1794.0,40,4.3,29819,9476,1653,0,0,344,201,0,201
2025-08-29,B073496Y7S,boAt Rockerz Wireless Bluetooth Earbuds,2990.0,2392.0,20,4.4,27549,7144,552,0,0,113,113,1,137
2025-08-30,B073496Y7S,boAt Rockerz Wireless Bluetooth Earbuds,2990.0,2392.0,20,4.1,25145,12731,1902,0,1,159,159,1,184
2025-08-31,B073496Y7S,boAt Rockerz Wireless Bluetooth Earbuds,2990.0,2093.0,30,4.1,26610,16212,1882,0,1,287,218,0,218
2025-09-01,B073496Y7S,boAt Rockerz Wireless Bluetooth Earbuds,2990.0,2392.0,20,4.0,23917,15610,1937,0,0,378,203,0,203
2025-09-02,B073496Y7S,boAt Rockerz Wireless Bluetooth Earbuds,2990.0,1794.0,40,4.4,27468,7500,1180,0,0,103,103,1,182
2025-09-03,B073496Y7S,boAt Rockerz Wireless Bluetooth Earbuds,2990.0,2392.0,20,4.0,28739,14104,1942,0,0,202,182,0,182
2025-09-04,B073496Y7S,boAt Rockerz Wireless Bluetooth Earbuds,2990.0,2392.0,20,3.9,26406,9594,1679,0,0,216,171,0,171
2025-09-05,B073496Y7S,boAt Rockerz Wireless Bluetooth Earbuds,2990.0,2093.0,30,4.5,22207,8052,895,0,0,264,193,0,193
2025-09-06,B073496Y7S,boAt Rockerz Wireless Bluetooth Earbuds,2990.0,1495.0,50,4.5,21188,9099,917,0,1,207,207,1,208
2025-09-07,B073496Y7S,boAt Rockerz Wireless Bluetooth Earbuds,2990.0,2392.0,20,4.0,29529,9477,1804,0,1,84,84,1,164
2025-09-08,B073496Y7S,boAt Rockerz Wireless Bluetooth Earbuds,2990.0,2392.0,20,3.8,24228,12609,1412,0,0,285,192,0,192
2025-09-09,B073496Y7S,boAt Rockerz Wireless Bluetooth Earbuds,2990.0,1495.0,50,3.8,26021,13346,1662,0,0,247,225,0,225
2025-09-10,B073496Y7S,boAt Rockerz Wireless Bluetooth Earbuds,2990.0,2093.0,30,4.2,20784,11664,1570,0,0,334,190,0,190
2025-09-11,B073496Y7S,boAt Rockerz Wireless Bluetooth Earbuds,2990.0,2392.0,20,4.4,26571,10968,1335,0,0,173,173,1,195
2025-09-12,B073496Y7S,boAt Rockerz Wireless Bluetooth Earbuds,2990.0,1794.0,40,4.4,28222,9891,1050,0,0,181,181,1,189
2025-09-13,B073496Y7S,boAt Rockerz Wireless Bluetooth Earbuds,2990.0,1495.0,50,4.1,29587,11393,1039,0,1,307,214,0,214
2025-09-14,B073496Y7S,boAt Rockerz Wireless Bluetooth Earbuds,2990.0,1794.0,40,4.3,27186,13454,1666,0,1,269,237,0,237
2025-09-15,B073496Y7S,boAt Rockerz Wireless Bluetooth Earbuds,2990.0,2392.0,20,4.0,23314,10923,1123,0,0,75,75,1,146
2025-09-16,B073496Y7S,boAt Rockerz Wireless Bluetooth Earbuds,2990.0,2093.0,30,4.4,27576,12652,1582,0,0,145,145,1,194
2025-09-17,B073496Y7S,boAt Rockerz Wireless Bluetooth Earbuds,2990.0,2093.0,30,4.1,25596,9135,1349,0,0,288,180,0,180
2025-09-18,B073496Y7S,boAt Rockerz Wireless Bluetooth Earbuds,2990.0,2392.0,20,3.9,20896,6828,748,0,0,226,141,0,141
2025-09-19,B073496Y7S,boAt Rockerz Wireless Bluetooth Earbuds,2990.0,1794.0,40,4.4,29488,9812,1589,0,0,151,151,1,194
2025-09-20,B073496Y7S,boAt Rockerz Wireless Bluetooth Earbuds,2990.0,2392.0,20,4.4,25260,10972,1127,0,1,242,187,0,187
2025-09-21,B073496Y7S,boAt Rockerz Wireless Bluetooth Earbuds,2990.0,2093.0,30,3.9,29907,9591,994,0,1,309,183,0,183
2025-09-22,B073496Y7S,boAt Rockerz Wireless Bluetooth Earbuds,2990.0,2093.0,30,4.1,24203,6336,582,0,0,92,92,1,157
2025-09-23,B073496Y7S,boAt Rockerz Wireless Bluetooth Earbuds,2990.0,1495.0,50,3.8,23209,27920,5603,1,0,873,464,0,464
2025-09-24,B073496Y7S,boAt Rockerz Wireless Bluetooth Earbuds,2990.0,1196.0,60,3.8,26137,11364,2012,1,0,231,231,1,361
2025-09-25,B073496Y7S,boAt Rockerz Wireless Bluetooth Earbuds,2990.0,1495.0,50,4.3,25300,35371,5122,1,0,564,530,0,530
2025-09-26,B073496Y7S,boAt Rockerz Wireless Bluetooth Earbuds,2990.0,897.0,70,4.1,25869,39080,5711,1,0,443,443,1,592
2025-09-27,B073496Y7S,boAt Rockerz Wireless Bluetooth Earbuds,2990.0,1196.0,60,4.1,27819,40015,7821,1,1,306,306,1,592
2025-09-28,B073496Y7S,boAt Rockerz Wireless Bluetooth Earbuds,2990.0,1196.0,60,3.9,21730,21248,3112,1,1,222,222,1,418
2025-09-29,B073496Y7S,boAt Rockerz Wireless Bluetooth Earbuds,2990.0,1495.0,50,4.1,28818,13327,2146,1,0,569,368,0,368
2025-09-30,B073496Y7S,boAt Rockerz Wireless Bluetooth Earbuds,2990.0,1495.0,50,4.4,21736,17837,3423,1,0,369,369,1,397
2025-10-01,B073496Y7S,boAt Rockerz Wireless Bluetooth Earbuds,2990.0,1495.0,50,4.2,26786,37679,7302,1,0,625,542,0,542
2025-10-02,B073496Y7S,boAt Rockerz Wireless Bluetooth Earbuds,2990.0,1495.0,50,3.8,20934,15416,2372,1,0,508,370,0,370
2025-10-03,B073496Y7S,boAt Rockerz Wireless Bluetooth Earbuds,2990.0,1495.0,50,4.2,29437,21069,3695,1,0,884,443,0,443
2025-10-04,B073496Y7S,boAt Rockerz Wireless Bluetooth Earbuds,2990.0,1495.0,50,4.2,29265,24544,4825,1,1,807,447,0,447
2025-10-05,B073496Y7S,boAt Rockerz Wireless Bluetooth Earbuds,2990.0,897.0,70,4.3,23128,40728,7470,1,1,739,619,0,619
2025-10-06,B073496Y7S,boAt Rockerz Wireless Bluetooth Earbuds,2990.0,1495.0,50,4.4,24344,23913,3076,1,0,274,274,1,442
2025-10-07,B073496Y7S,boAt Rockerz Wireless Bluetooth Earbuds,2990.0,1495.0,50,3.8,23179,14527,2104,1,0,478,360,0,360
2025-10-08,B073496Y7S,boAt Rockerz Wireless Bluetooth Earbuds,2990.0,1794.0,40,4.2,26530,17714,3774,1,0,568,377,0,377
2025-10-09,B073496Y7S,boAt Rockerz Wireless Bluetooth Earbuds,2990.0,1495.0,50,4.4,23299,52842,7931,1,0,863,673,0,673
2025-10-10,B073496Y7S,boAt Rockerz Wireless Bluetooth Earbuds,2990.0,1794.0,40,4.1,25170,34597,4922,1,0,844,487,0,487
2025-10-11,B073496Y7S,boAt Rockerz Wireless Bluetooth Earbuds,2990.0,1495.0,50,4.2,26108,23359,3257,1,1,495,454,0,454
2025-10-12,B073496Y7S,boAt Rockerz Wireless Bluetooth Earbuds,2990.0,1196.0,60,4.3,20254,42126,5873,1,1,1090,617,0,617
2025-10-13,B073496Y7S,boAt Rockerz Wireless Bluetooth Earbuds,2990.0,1196.0,60,4.0,24540,13674,2352,1,0,291,291,1,371
2025-10-14,B073496Y7S,boAt Rockerz Wireless Bluetooth Earbuds,2990.0,1495.0,50,4.3,27097,43183,6563,1,0,511,511,1,605
2025-10-15,B073496Y7S,boAt Rockerz Wireless Bluetooth Earbuds,2990.0,1196.0,60,4.3,25282,21452,4015,1,0,407,407,1,444
2025-10-16,B073496Y7S,boAt Rockerz Wireless Bluetooth Earbuds,2990.0,2392.0,20,4.1,29386,10836,1574,0,0,204,167,0,167
2025-10-17,B073496Y7S,boAt Rockerz Wireless Bluetooth Earbuds,2990.0,2392.0,20,4.1,29471,12605,1761,0,0,152,152,1,170
2025-10-18,B073496Y7S,boAt Rockerz Wireless Bluetooth Earbuds,2990.0,2093.0,30,4.3,24908,7874,829,0,1,188,157,0,157
2025-10-19,B073496Y7S,boAt Rockerz Wireless Bluetooth Earbuds,2990.0,2392.0,20,3.9,29013,11255,1622,0,1,182,160,0,160
2025-10-20,B073496Y7S,boAt Rockerz Wireless Bluetooth Earbuds,2990.0,1794.0,40,4.0,28101,7370,770,0,0,142,142,1,174
2025-10-21,B073496Y7S,boAt Rockerz Wireless Bluetooth Earbuds,2990.0,2093.0,30,4.4,25853,14887,1857,0,0,307,219,0,219
2025-10-22,B073496Y7S,boAt Rockerz Wireless Bluetooth Earbuds,2990.0,1794.0,40,4.1,27852,12617,1632,0,0,273,210,0,210
2025-10-23,B073496Y7S,boAt Rockerz Wireless Bluetooth Earbuds,2990.0,2093.0,30,4.2,28082,7115,743,0,0,162,155,0,155
2025-10-24,B073496Y7S,boAt Rockerz Wireless Bluetooth Earbuds,2990.0,2392.0,20,4.4,28074,12517,1569,0,0,298,183,0,183
2025-10-25,B073496Y7S,boAt Rockerz Wireless Bluetooth Earbuds,2990.0,2392.0,20,4.3,23221,15030,1852,0,1,385,233,0,233
2025-10-26,B073496Y7S,boAt Rockerz Wireless Bluetooth Earbuds,2990.0,2093.0,30,4.1,21704,9840,1331,0,1,200,174,0,174
2025-10-27,B073496Y7S,boAt Rockerz Wireless Bluetooth Earbuds,2990.0,2093.0,30,4.4,28432,8740,666,0,0,333,170,0,170
2025-10-28,B073496Y7S,boAt Rockerz Wireless Bluetooth Earbuds,2990.0,1495.0,50,4.0,24645,12688,1597,0,0,274,222,0,222
2025-10-29,B073496Y7S,boAt Rockerz Wireless Bluetooth Earbuds,2990.0,1495.0,50,4.5,22740,7574,640,0,0,305,203,0,203
2025-10-30,B073496Y7S,boAt Rockerz Wireless Bluetooth Earbuds,2990.0,2392.0,20,4.3,27167,9018,1381,0,0,249,151,0,151
2025-10-31,B073496Y7S,boAt Rockerz Wireless Bluetooth Earbuds,2990.0,1794.0,40,3.9,22505,7205,725,0,0,149,149,1,181
2025-11-01,B073496Y7S,boAt Rockerz Wireless Bluetooth Earbuds,2990.0,1196.0,60,4.5,20212,21584,4072,1,1,637,443,0,443
2025-11-02,B073496Y7S,boAt Rockerz Wireless Bluetooth Earbuds,2990.0,1495.0,50,4.4,27780,39265,7167,1,1,1002,550,0,550
2025-11-03,B073496Y7S,boAt Rockerz Wireless Bluetooth Earbuds,2990.0,1794.0,40,3.9,20441,20107,2671,1,0,248,248,1,401
2025-11-04,B073496Y7S,boAt Rockerz Wireless Bluetooth Earbuds,2990.0,1196.0,60,4.0,24719,49824,7121,1,0,1107,647,0,647
2025-11-05,B073496Y7S,boAt Rockerz Wireless Bluetooth Earbuds,2990.0,1196.0,60,3.9,24724,39509,7674,1,0,464,464,1,574
2025-11-06,B073496Y7S,boAt Rockerz Wireless Bluetooth Earbuds,2990.0,1794.0,40,4.1,24712,37490,6943,1,0,332,332,1,537
2025-11-07,B073496Y7S,boAt Rockerz Wireless Bluetooth Earbuds,2990.0,1495.0,50,4.4,25528,45502,7501,1,0,1090,616,0,616
2025-11-08,B073496Y7S,boAt Rockerz Wireless Bluetooth Earbuds,2990.0,1794.0,40,3.9,22318,35047,6793,1,1,485,485,1,499
2025-11-09,B073496Y7S,boAt Rockerz Wireless Bluetooth Earbuds,2990.0,1794.0,40,3.9,28154,24553,5034,1,1,327,327,1,433
2025-11-10,B073496Y7S,boAt Rockerz Wireless Bluetooth Earbuds,2990.0,1495.0,50,4.4,20602,37819,6112,1,0,396,396,1,561
2025-11-11,B073496Y7S,boAt Rockerz Wireless Bluetooth Earbuds,2990.0,1196.0,60,4.5,29989,17098,3648,1,0,535,400,0,400
2025-11-12,B073496Y7S,boAt Rockerz Wireless Bluetooth Earbuds,2990.0,897.0,70,3.9,24472,32889,6217,1,0,775,544,0,544
2025-11-13,B073496Y7S,boAt Rockerz Wireless Bluetooth Earbuds,2990.0,1495.0,50,4.3,29871,20387,3345,1,0,803,415,0,415
2025-11-14,B073496Y7S,boAt Rockerz Wireless Bluetooth Earbuds,2990.0,1495.0,50,4.2,29644,45988,6559,1,0,937,601,0,601
2025-11-15,B073496Y7S,boAt Rockerz Wireless Bluetooth Earbuds,2990.0,1196.0,60,3.9,22267,32199,5741,1,1,267,267,1,522
2025-11-16,B073496Y7S,boAt Rockerz Wireless Bluetooth Earbuds,2990.0,2392.0,20,4.1,24961,10341,1072,0,1,282,154,0,154
2025-11-17,B073496Y7S,boAt Rockerz Wireless Bluetooth Earbuds,2990.0,1495.0,50,4.0,24347,8679,1187,0,0,308,207,0,207
2025-11-18,B073496Y7S,boAt Rockerz Wireless Bluetooth Earbuds,2990.0,2392.0,20,3.8,26228,5164,622,0,0,182,130,0,130
2025-11-19,B073496Y7S,boAt Rockerz Wireless Bluetooth Earbuds,2990.0,2093.0,30,4.2,27491,10471,1687,0,0,284,204,0,204
2025-11-20,B073496Y7S,boAt Rockerz Wireless Bluetooth Earbuds,2990.0,2392.0,20,3.9,26353,7408,810,0,0,152,142,0,142
2025-11-21,B073496Y7S,boAt Rockerz Wireless Bluetooth Earbuds,2990.0,1794.0,40,4.0,30115,5305,799,0,0,316,170,0,170
2025-11-22,B073496Y7S,boAt Rockerz Wireless Bluetooth Earbuds,2990.0,2093.0,30,3.9,21354,13618,1783,0,1,292,218,0,218
2025-11-23,B073496Y7S,boAt Rockerz Wireless Bluetooth Earbuds,2990.0,1794.0,40,4.0,20785,6711,685,0,1,78,78,1,156
2025-11-24,B073496Y7S,boAt Rockerz Wireless Bluetooth Earbuds,2990.0,1794.0,40,3.9,20890,9952,1940,0,0,362,186,0,186
2025-11-25,B073496Y7S,boAt Rockerz Wireless Bluetooth Earbuds,2990.0,1794.0,40,4.5,24777,15020,1994,0,0,398,244,0,244
2025-11-26,B073496Y7S,boAt Rockerz Wireless Bluetooth Earbuds,2990.0,1794.0,40,3.9,25541,14892,1750,0,0,168,168,1,217
2025-11-27,B073496Y7S,boAt Rockerz Wireless Bluetooth Earbuds,2990.0,2392.0,20,4.5,23142,8796,833,0,0,230,179,0,179
2025-11-28,B073496Y7S,boAt Rockerz Wireless Bluetooth Earbuds,2990.0,1495.0,50,4.2,29921,6046,554,0,0,292,191,0,191
2025-11-29,B073496Y7S,boAt Rockerz Wireless Bluetooth Earbuds,2990.0,2392.0,20,3.8,21179,9449,1216,0,1,149,149,1,152
2025-11-30,B073496Y7S,boAt Rockerz Wireless Bluetooth Earbuds,2990.0,2093.0,30,3.8,24090,9175,1063,0,1,310,172,0,172
2025-12-01,B073496Y7S,boAt Rockerz Wireless Bluetooth Earbuds,2990.0,1794.0,40,4.4,27612,8162,566,0,0,280,181,0,181
2025-12-02,B073496Y7S,boAt Rockerz Wireless Bluetooth Earbuds,2990.0,2392.0,20,4.0,26759,8880,811,0,0,275,152,0,152
2025-12-03,B073496Y7S,boAt Rockerz Wireless Bluetooth Earbuds,2990.0,2093.0,30,4.2,23347,11772,1428,0,0,222,202,0,202
2025-12-04,B073496Y7S,boAt Rockerz Wireless Bluetooth Earbuds,2990.0,1495.0,50,4.1,26995,14598,1997,0,0,171,171,1,260
2025-12-05,B073496Y7S,boAt Rockerz Wireless Bluetooth Earbuds,2990.0,2392.0,20,4.4,23035,13248,1638,0,0,278,201,0,201
2025-12-06,B073496Y7S,boAt Rockerz Wireless Bluetooth Earbuds,2990.0,1495.0,50,4.5,21242,8243,886,0,1,310,224,0,224
2025-12-07,B073496Y7S,boAt Rockerz Wireless Bluetooth Earbuds,2990.0,2392.0,20,4.1,28123,7257,1314,0,1,234,151,0,151
2025-12-08,B073496Y7S,boAt Rockerz Wireless Bluetooth Earbuds,2990.0,2093.0,30,3.8,22875,10860,1595,0,0,369,190,0,190
2025-12-09,B073496Y7S,boAt Rockerz Wireless Bluetooth Earbuds,2990.0,2093.0,30,4.5,26998,5523,825,0,0,268,147,0,147
2025-12-10,B073496Y7S,boAt Rockerz Wireless Bluetooth Earbuds,2990.0,1794.0,40,4.3,26339,12537,1677,0,0,221,203,0,203
2025-12-11,B073496Y7S,boAt Rockerz Wireless Bluetooth Earbuds,2990.0,2392.0,20,4.2,23276,13780,1485,0,0,136,136,1,200
2025-12-12,B073496Y7S,boAt Rockerz Wireless Bluetooth Earbuds,2990.0,2392.0,20,4.3,28952,13912,1791,0,0,282,199,0,199
2025-12-13,B073496Y7S,boAt Rockerz Wireless Bluetooth Earbuds,2990.0,2392.0,20,4.3,22624,7212,819,0,1,162,143,0,143
2025-12-14,B073496Y7S,boAt Rockerz Wireless Bluetooth Earbuds,2990.0,1794.0,40,4.4,20486,7388,995,0,1,107,107,1,200
2025-12-15,B073496Y7S,boAt Rockerz Wireless Bluetooth Earbuds,2990.0,2392.0,20,4.4,25547,6780,703,0,0,260,149,0,149
2025-12-16,B073496Y7S,boAt Rockerz Wireless Bluetooth Earbuds,2990.0,1794.0,40,4.5,29424,7548,838,0,0,273,192,0,192
2025-12-17,B073496Y7S,boAt Rockerz Wireless Bluetooth Earbuds,2990.0,2093.0,30,4.4,29766,10149,1392,0,0,124,124,1,174
2025-12-18,B073496Y7S,boAt Rockerz Wireless Bluetooth Earbuds,2990.0,1794.0,40,4.2,22894,16277,1891,0,0,149,149,1,242
2025-12-19,B073496Y7S,boAt Rockerz Wireless Bluetooth Earbuds,2990.0,2392.0,20,4.3,28158,7598,844,0,0,78,78,1,149
2025-12-20,B073496Y7S,boAt Rockerz Wireless Bluetooth Earbuds,2990.0,2392.0,20,4.3,26596,7756,876,0,1,252,150,0,150
2025-12-21,B073496Y7S,boAt Rockerz Wireless Bluetooth Earbuds,2990.0,2392.0,20,4.2,23669,13225,1540,0,1,167,167,1,203
2025-12-22,B073496Y7S,boAt Rockerz Wireless Bluetooth Earbuds,2990.0,1794.0,40,4.4,29620,8222,736,0,0,364,186,0,186
2025-12-23,B073496Y7S,boAt Rockerz Wireless Bluetooth Earbuds,2990.0,2392.0,20,4.0,24118,8561,1060,0,0,297,149,0,149
2025-12-24,B073496Y7S,boAt Rockerz Wireless Bluetooth Earbuds,2990.0,2392.0,20,3.9,22308,15013,1582,0,0,230,213,0,213
2025-12-25,B073496Y7S,boAt Rockerz Wireless Bluetooth Earbuds,2990.0,2392.0,20,4.4,23987,11122,1227,0,0,176,176,1,192
2025-12-26,B073496Y7S,boAt Rockerz Wireless Bluetooth Earbuds,2990.0,2392.0,20,4.3,26484,11961,1731,0,0,166,166,1,181
2025-12-27,B073496Y7S,boAt Rockerz Wireless Bluetooth Earbuds,2990.0,2392.0,20,4.0,23726,8887,926,0,1,235,164,0,164
2025-12-28,B073496Y7S,boAt Rockerz Wireless Bluetooth Earbuds,2990.0,1495.0,50,4.2,21744,10192,1600,0,1,269,215,0,215
2025-12-29,B073496Y7S,boAt Rockerz Wireless Bluetooth Earbuds,2990.0,2093.0,30,4.3,29198,5558,858,0,0,137,137,1,156
2025-12-30,B073496Y7S,boAt Rockerz Wireless Bluetooth Earbuds,2990.0,2392.0,20,4.4,20799,7399,1388,0,0,246,156,0,156
2025-12-31,B073496Y7S,boAt Rockerz Wireless Bluetooth Earbuds,2990.0,2093.0,30,4.4,29386,10187,1687,0,0,254,188,0,188
