date,asin,product_name,mrp,selling_price,discount_percent,customer_rating,total_reviews,page_views,ad_spend_inr,is_sale_season,is_weekend,inventory_level,units_sold,is_stockout,actual_demand,year,month,day,day_of_week,week_of_year,day_of_year,quarter,day_of_week_sin,day_of_week_cos,month_sin,month_cos,day_of_year_sin,day_of_year_cos,discount_amount,price_discount_ratio,ad_spend_per_view,inventory_demand_ratio,inventory_gap,demand_lag_1,demand_lag_7,demand_lag_14,demand_lag_30,demand_rolling_7,demand_rolling_14,demand_rolling_30,demand_rolling_std_7,units_sold_lag_1,units_sold_lag_7,selling_price_lag_1,selling_price_change,inventory_lag_1,inventory_change,product_demand_rank
2023-01-05,B073496Y7S,boAt Rockerz Wireless Bluetooth Earbuds,2990.0,2392.0,20,4.5,13445,9110,1276,0,0,231,121,0,121,2023,1,5,3,1,5,1,0.43388373911755823,-0.900968867902419,0.49999999999999994,0.8660254037844387,0.08596479873744647,0.9962981749346078,598.0,0.2,0.14006586169045004,1.9090909090909092,110,0.0,0.0,0.0,0.0,0.0,0.0,0.0,0.0,0.0,0.0,0.0,0.0,0.0,0.0,1.0
2023-01-10,B073496Y7S,boAt Rockerz Wireless Bluetooth Earbuds,2990.0,2093.0,30,4.4,11211,13083,1551,0,0,88,88,1,154,2023,1,10,1,2,10,1,0.7818314824680298,0.6234898018587336,0.49999999999999994,0.8660254037844387,0.1712931441814776,0.9852201067560606,897.0,0.3,0.11855079110295803,0.5714285714285714,-66,121.0,0.0,0.0,0.0,0.0,0.0,0.0,0.0,121.0,0.0,2392.0,-299.0,231.0,-143.0,1.0
2023-01-22,B073496Y7S,boAt Rockerz Wireless Bluetooth Earbuds,2990.0,2392.0,20,4.2,7574,16119,1872,0,1,269,166,0,166,2023,1,22,6,3,22,1,-0.7818314824680299,0.6234898018587334,0.49999999999999994,0.8660254037844387,0.3697245428906731,0.9291414114031743,598.0,0.2,0.11613623673925182,1.6204819277108433,103,154.0,0.0,0.0,0.0,0.0,0.0,0.0,0.0,88.0,0.0,2093.0,299.0,88.0,181.0,1.0
2023-01-28,B073496Y7S,boAt Rockerz Wireless Bluetooth Earbuds,2990.0,2392.0,20,3.9,9514,9017,1321,0,1,232,128,0,128,2023,1,28,5,4,28,1,-0.9749279121818236,-0.2225209339563146,0.49999999999999994,0.8660254037844387,0.4635502709028509,0.886070621534138,598.0,0.2,0.1465010535654874,1.8125,104,166.0,0.0,0.0,0.0,0.0,0.0,0.0,0.0,166.0,0.0,2392.0,0.0,269.0,-37.0,1.0
2023-01-30,B073496Y7S,boAt Rockerz Wireless Bluetooth Earbuds,2990.0,2093.0,30,4.2,8533,10395,1545,0,0,183,150,0,150,2023,1,30,0,5,30,1,0.0,1.0,0.49999999999999994,0.8660254037844387,0.49377555015997715,0.869589389346611,897.0,0.3,0.14862914862914864,1.22,33,128.0,0.0,0.0,0.0,0.0,0.0,0.0,0.0,128.0,0.0,2392.0,-299.0,232.0,-49.0,1.0
2023-02-03,B073496Y7S,boAt Rockerz Wireless Bluetooth Earbuds,2990.0,2392.0,20,3.9,6915,9378,1065,0,0,236,127,0,127,2023,2,3,4,5,34,1,-0.433883739117558,-0.9009688679024191,0.8660254037844386,0.5000000000000001,0.5524353131676196,0.8335557718385699,598.0,0.2,0.11356365962891875,1.858267716535433,109,150.0,0.0,0.0,0.0,0.0,0.0,0.0,0.0,150.0,0.0,2093.0,299.0,183.0,53.0,1.0
2023-02-28,B073496Y7S,boAt Rockerz Wireless Bluetooth Earbuds,2990.0,2093.0,30,4.0,12593,14475,1938,0,0,163,148,0,148,2023,2,28,1,9,59,1,0.7818314824680298,0.6234898018587336,0.8660254037844386,0.5000000000000001,0.8498170915275278,0.5270777086423722,897.0,0.3,0.1338860103626943,1.1013513513513513,15,127.0,0.0,0.0,0.0,0.0,0.0,0.0,0.0,127.0,0.0,2392.0,-299.0,236.0,-73.0,1.0
2023-03-03,B073496Y7S,boAt Rockerz Wireless Bluetooth Earbuds,2990.0,2392.0,20,4.5,8810,11033,1184,0,0,105,105,1,118,2023,3,3,4,9,62,1,-0.433883739117558,-0.9009688679024191,1.0,6.123233995736766e-17,0.8758917051442429,0.48250774176121847,598.0,0.2,0.10731442037523792,0.8898305084745762,-13,148.0,121.0,0.0,0.0,142.0,0.0,0.0,16.743157806499145,148.0,121.0,2093.0,299.0,163.0,-58.0,1.0
2023-03-05,B073496Y7S,boAt Rockerz Wireless Bluetooth Earbuds,2990.0,2093.0,30,4.2,7892,6047,970,0,1,132,119,0,119,2023,3,5,6,9,64,1,-0.7818314824680299,0.6234898018587334,1.0,6.123233995736766e-17,0.8919813464595485,0.45207220393230435,897.0,0.3,0.16041012072101868,1.1092436974789917,13,118.0,154.0,0.0,0.0,141.57142857142858,0.0,0.0,17.395949172696717,105.0,88.0,2392.0,-299.0,105.0,27.0,1.0
2023-03-26,B073496Y7S,boAt Rockerz Wireless Bluetooth Earbuds,2990.0,2093.0,30,3.9,9458,16327,1993,0,1,134,134,1,186,2023,3,26,6,12,85,1,-0.7818314824680299,0.6234898018587334,1.0,6.123233995736766e-17,0.994217906893952,0.10738134666416309,897.0,0.3,0.12206774055245911,0.7204301075268817,-52,119.0,166.0,0.0,0.0,136.57142857142858,0.0,0.0,18.237846572966003,119.0,166.0,2093.0,0.0,132.0,2.0,1.0
2023-03-27,B073496Y7S,boAt Rockerz Wireless Bluetooth Earbuds,2990.0,2392.0,20,4.4,7016,11840,1966,0,0,275,157,0,157,2023,3,27,0,13,86,1,0.0,1.0,1.0,6.123233995736766e-17,0.995918996147179,0.09025161003104117,598.0,0.2,0.1660472972972973,1.7515923566878981,118,186.0,128.0,0.0,0.0,139.42857142857142,0.0,0.0,24.206453291475412,134.0,128.0,2093.0,299.0,134.0,141.0,1.0
2023-03-31,B073496Y7S,boAt Rockerz Wireless Bluetooth Earbuds,2990.0,2093.0,30,4.0,7095,8227,638,0,0,62,62,1,120,2023,3,31,4,13,90,1,-0.433883739117558,-0.9009688679024191,1.0,6.123233995736766e-17,0.9997685019798909,0.021516097436222254,897.0,0.3,0.07754953202868603,0.5166666666666667,-58,157.0,150.0,0.0,0.0,143.57142857142858,0.0,0.0,24.405307775544387,157.0,150.0,2392.0,-299.0,275.0,-213.0,1.0
2023-04-01,B073496Y7S,boAt Rockerz Wireless Bluetooth Earbuds,2990.0,2392.0,20,4.1,5530,5281,671,0,1,147,94,0,94,2023,4,1,5,13,91,2,-0.9749279121818236,-0.2225209339563146,0.8660254037844387,-0.4999999999999998,0.9999907397361901,0.004303538296244289,598.0,0.2,0.12705926907782616,1.5638297872340425,53,120.0,127.0,0.0,0.0,139.28571428571428,0.0,0.0,25.68861152154319,62.0,127.0,2093.0,299.0,62.0,85.0,1.0
2023-04-02,B073496Y7S,boAt Rockerz Wireless Bluetooth Earbuds,2990.0,1794.0,40,4.2,8763,14348,1618,0,1,327,184,0,184,2023,4,2,6,13,92,2,-0.7818314824680299,0.6234898018587334,0.8660254037844387,-0.4999999999999998,0.9999166586547379,-0.01291029607500882,1196.0,0.4,0.11276833008084751,1.7771739130434783,143,94.0,148.0,0.0,0.0,134.57142857142858,0.0,0.0,30.83211065786848,94.0,148.0,2392.0,-598.0,147.0,180.0,1.0
2023-04-16,B073496Y7S,boAt Rockerz Wireless Bluetooth Earbuds,2990.0,1794.0,40,3.9,11771,8453,616,0,1,133,133,1,143,2023,4,16,6,15,106,2,-0.7818314824680299,0.6234898018587334,0.8660254037844387,-0.4999999999999998,0.9679377830240642,-0.25119006388481935,1196.0,0.4,0.07287353602271383,0.9300699300699301,-10,184.0,118.0,121.0,0.0,139.71428571428572,140.85714285714286,0.0,36.012563945167265,184.0,105.0,1794.0,0.0,327.0,-194.0,1.0
2023-04-19,B073496Y7S,boAt Rockerz Wireless Bluetooth Earbuds,2990.0,1794.0,40,4.0,8037,7157,655,0,0,127,127,1,130,2023,4,19,2,16,109,2,0.9749279121818236,-0.22252093395631434,0.8660254037844387,-0.4999999999999998,0.9536809966304457,-0.30081980763566735,1196.0,0.4,0.09151879279027525,0.9769230769230769,-3,143.0,119.0,154.0,0.0,143.28571428571428,142.42857142857142,0.0,34.71653921746946,133.0,119.0,1794.0,0.0,133.0,-6.0,1.0
2023-04-24,B073496Y7S,boAt Rockerz Wireless Bluetooth Earbuds,2990.0,2392.0,20,4.0,13858,12213,1577,0,0,140,140,1,149,2023,4,24,0,17,114,2,0.0,1.0,0.8660254037844387,-0.4999999999999998,0.9242907221930933,-0.3816892202666588,598.0,0.2,0.12912470318513058,0.9395973154362416,-9,130.0,186.0,166.0,0.0,144.85714285714286,140.71428571428572,0.0,33.667138139084386,127.0,134.0,1794.0,598.0,127.0,13.0,1.0
2023-04-30,B073496Y7S,boAt Rockerz Wireless Bluetooth Earbuds,2990.0,2093.0,30,4.2,7956,8104,736,0,1,85,85,1,128,2023,4,30,6,17,120,2,-0.7818314824680299,0.6234898018587334,0.8660254037844387,-0.4999999999999998,0.8800122039735357,-0.47495107206704995,897.0,0.3,0.09081934846989141,0.6640625,-43,149.0,157.0,128.0,0.0,139.57142857142858,139.5,0.0,28.663897983684063,140.0,157.0,2392.0,-299.0,140.0,-55.0,1.0
2023-05-08,B073496Y7S,boAt Rockerz Wireless Bluetooth Earbuds,2990.0,2093.0,30,4.3,7020,7784,541,0,0,195,130,0,130,2023,5,8,0,19,128,2,0.0,1.0,0.49999999999999994,-0.8660254037844387,0.8064799463209448,-0.5912614448635781,897.0,0.3,0.06950154162384378,1.5,65,128.0,120.0,150.0,0.0,135.42857142857142,139.5,0.0,27.80801528850475,85.0,62.0,2093.0,0.0,85.0,110.0,1.0
2023-05-12,B073496Y7S,boAt Rockerz Wireless Bluetooth Earbuds,2990.0,1495.0,50,3.8,10266,15417,1539,0,0,376,191,0,191,2023,5,12,4,19,132,2,-0.433883739117558,-0.9009688679024191,0.49999999999999994,-0.8660254037844387,0.7638886127905428,-0.6453481132295501,1495.0,0.5,0.09982486865148861,1.968586387434555,185,130.0,94.0,127.0,0.0,136.85714285714286,138.07142857142858,0.0,27.13195269682698,130.0,94.0,2093.0,-598.0,195.0,181.0,1.0
2023-05-20,B073496Y7S,boAt Rockerz Wireless Bluetooth Earbuds,2990.0,1495.0,50,3.8,9911,8773,1316,0,1,218,158,0,158,2023,5,20,5,20,140,2,-0.9749279121818236,-0.2225209339563146,0.49999999999999994,-0.8660254037844387,0.6680638642135335,-0.7441039398713607,1495.0,0.5,0.15000569930468483,1.379746835443038,60,191.0,184.0,148.0,0.0,150.71428571428572,142.64285714285714,0.0,26.354723079012388,191.0,184.0,1495.0,0.0,376.0,-158.0,1.0
2023-05-26,B073496Y7S,boAt Rockerz Wireless Bluetooth Earbuds,2990.0,2392.0,20,4.4,15187,15367,1784,0,0,293,157,0,157,2023,5,26,4,21,146,2,-0.433883739117558,-0.9009688679024191,0.49999999999999994,-0.8660254037844387,0.5877852522924732,-0.8090169943749473,598.0,0.2,0.11609292640072884,1.8662420382165605,136,158.0,143.0,118.0,0.0,147.0,143.35714285714286,0.0,22.420228961066975,158.0,133.0,1495.0,897.0,218.0,75.0,1.0
2023-06-04,B073496Y7S,boAt Rockerz Wireless Bluetooth Earbuds,2990.0,2093.0,30,4.0,10031,10150,1643,0,1,256,155,0,155,2023,6,4,6,22,155,2,-0.7818314824680299,0.6234898018587334,1.2246467991473532e-16,-1.0,0.4559066935084588,-0.8900275764346767,897.0,0.3,0.161871921182266,1.6516129032258065,101,157.0,130.0,119.0,0.0,149.0,146.14285714285714,0.0,22.627416997969508,157.0,127.0,2392.0,-299.0,293.0,-37.0,1.0
2023-06-12,B073496Y7S,boAt Rockerz Wireless Bluetooth Earbuds,2990.0,2392.0,20,4.2,7361,6709,1020,0,0,172,112,0,112,2023,6,12,0,24,163,2,0.0,1.0,1.2246467991473532e-16,-1.0,0.3294084822245304,-0.9441875088341993,598.0,0.2,0.15203458041436876,1.5357142857142858,60,155.0,149.0,186.0,0.0,152.57142857142858,148.71428571428572,0.0,21.046433924833448,155.0,140.0,2093.0,299.0,256.0,-84.0,1.0
2023-06-15,B073496Y7S,boAt Rockerz Wireless Bluetooth Earbuds,2990.0,2392.0,20,4.2,14278,15462,1833,0,0,243,167,0,167,2023,6,15,3,24,166,2,0.43388373911755823,-0.900968867902419,1.2246467991473532e-16,-1.0,0.28023067519921585,-0.9599326896597447,598.0,0.2,0.11854870003880481,1.4550898203592815,76,112.0,128.0,157.0,0.0,147.28571428571428,143.42857142857142,0.0,26.126067989106744,112.0,85.0,2392.0,0.0,172.0,71.0,1.0
2023-06-24,B073496Y7S,boAt Rockerz Wireless Bluetooth Earbuds,2990.0,1794.0,40,3.9,5680,13372,1456,0,1,98,98,1,159,2023,6,24,5,25,175,2,-0.9749279121818236,-0.2225209339563146,1.2246467991473532e-16,-1.0,0.12874817745258132,-0.99167731989929,1196.0,0.4,0.10888423571642238,0.6163522012578616,-61,167.0,130.0,120.0,0.0,152.85714285714286,144.14285714285714,0.0,25.47828206812336,167.0,130.0,2392.0,-598.0,243.0,-145.0,1.0
2023-06-27,B073496Y7S,boAt Rockerz Wireless Bluetooth Earbuds,2990.0,2392.0,20,4.3,12426,6373,977,0,0,57,57,1,89,2023,6,27,1,26,178,2,0.7818314824680298,0.6234898018587336,1.2246467991473532e-16,-1.0,0.07738647923346301,-0.9970011699250151,598.0,0.2,0.15330299701867253,0.6404494382022472,-32,159.0,191.0,94.0,0.0,157.0,146.92857142857142,0.0,23.41651838624462,98.0,191.0,1794.0,598.0,98.0,-41.0,1.0
2023-07-02,B073496Y7S,boAt Rockerz Wireless Bluetooth Earbuds,2990.0,2392.0,20,3.9,8738,13141,1630,0,1,196,155,0,155,2023,7,2,6,26,183,3,-0.7818314824680299,0.6234898018587334,-0.4999999999999997,-0.8660254037844388,-0.008606996888688009,-0.9999629591162655,598.0,0.2,0.12403926641808082,1.264516129032258,41,89.0,158.0,184.0,0.0,142.42857142857142,146.57142857142858,0.0,29.641508862050994,57.0,158.0,2392.0,0.0,57.0,139.0,1.0
2023-07-05,B073496Y7S,boAt Rockerz Wireless Bluetooth Earbuds,2990.0,2093.0,30,3.8,10140,7632,775,0,0,102,102,1,120,2023,7,5,2,27,186,3,0.9749279121818236,-0.22252093395631434,-0.4999999999999997,-0.8660254037844388,-0.060213277365792774,-0.9981855344718586,897.0,0.3,0.1015461215932914,0.85,-18,155.0,157.0,143.0,0.0,142.0,144.5,0.0,29.399546481762837,155.0,157.0,2392.0,-299.0,196.0,-94.0,1.0
2023-07-11,B073496Y7S,boAt Rockerz Wireless Bluetooth Earbuds,2990.0,1794.0,40,4.5,12497,8860,1084,0,0,272,140,0,140,2023,7,11,1,28,192,3,0.7818314824680298,0.6234898018587336,-0.4999999999999997,-0.8660254037844388,-0.16280701293851646,-0.9866579328916572,1196.0,0.4,0.12234762979683973,1.9428571428571428,132,120.0,155.0,130.0,0.0,136.71428571428572,142.85714285714286,0.0,29.578789054063087,102.0,155.0,2093.0,-299.0,102.0,170.0,1.0
2023-07-21,B073496Y7S,boAt Rockerz Wireless Bluetooth Earbuds,2990.0,2093.0,30,4.0,13830,11557,1607,0,0,128,128,1,151,2023,7,21,4,29,202,3,-0.433883739117558,-0.9009688679024191,-0.4999999999999997,-0.8660254037844388,-0.3294084822245302,-0.9441875088341994,897.0,0.3,0.13904992645150124,0.847682119205298,-23,140.0,112.0,149.0,121.0,134.57142857142858,143.57142857142858,141.83333333333334,28.559044935344883,140.0,112.0,1794.0,299.0,272.0,-144.0,1.0
2023-07-22,B073496Y7S,boAt Rockerz Wireless Bluetooth Earbuds,2990.0,2392.0,20,4.2,11890,10496,1386,0,1,72,72,1,129,2023,7,22,5,29,203,3,-0.9749279121818236,-0.2225209339563146,-0.4999999999999997,-0.8660254037844388,-0.3456123126707333,-0.9383773917408642,598.0,0.2,0.13205030487804878,0.5581395348837209,-57,151.0,167.0,128.0,154.0,140.14285714285714,143.71428571428572,142.83333333333334,27.193311502577078,128.0,167.0,2093.0,299.0,128.0,-56.0,1.0
2023-08-01,B073496Y7S,boAt Rockerz Wireless Bluetooth Earbuds,2990.0,2392.0,20,4.1,12449,11401,1132,0,0,284,146,0,146,2023,8,1,1,31,213,3,0.7818314824680298,0.6234898018587336,-0.8660254037844385,-0.5000000000000004,-0.5012418134457756,-0.8653072543632061,598.0,0.2,0.09928953600561355,1.9452054794520548,138,129.0,159.0,130.0,166.0,134.71428571428572,143.78571428571428,142.0,24.608360948495314,72.0,98.0,2392.0,0.0,72.0,212.0,1.0
2023-08-09,B073496Y7S,boAt Rockerz Wireless Bluetooth Earbuds,2990.0,2093.0,30,4.3,8190,10407,1401,0,0,266,143,0,143,2023,8,9,2,32,221,3,0.9749279121818236,-0.22252093395631434,-0.8660254037844385,-0.5000000000000004,-0.6152845999633277,-0.7883050558305253,897.0,0.3,0.13462092822138946,1.8601398601398602,123,146.0,89.0,191.0,128.0,132.85714285714286,144.92857142857142,141.33333333333334,22.901445161303492,146.0,57.0,2392.0,-299.0,284.0,-18.0,1.0
2023-08-10,B073496Y7S,boAt Rockerz Wireless Bluetooth Earbuds,2990.0,2392.0,20,3.9,12842,8045,627,0,0,82,82,1,104,2023,8,10,3,32,222,3,0.43388373911755823,-0.900968867902419,-0.8660254037844385,-0.5000000000000004,-0.6287628145958345,-0.7775971469736268,598.0,0.2,0.07793660658794282,0.7884615384615384,-22,143.0,155.0,158.0,150.0,140.57142857142858,141.5,141.83333333333334,12.313368654395436,143.0,155.0,2093.0,299.0,266.0,-184.0,1.0
2023-08-13,B073496Y7S,boAt Rockerz Wireless Bluetooth Earbuds,2990.0,2392.0,20,3.9,14746,8441,762,0,1,102,102,1,127,2023,8,13,6,32,225,3,-0.7818314824680299,0.6234898018587334,-0.8660254037844385,-0.5000000000000004,-0.6680638642135333,-0.7441039398713608,598.0,0.2,0.09027366425778936,0.8031496062992126,-25,104.0,120.0,157.0,127.0,133.28571428571428,137.64285714285714,140.3,16.67047575520155,82.0,102.0,2392.0,0.0,82.0,20.0,1.0
2023-08-14,B073496Y7S,boAt Rockerz Wireless Bluetooth Earbuds,2990.0,2392.0,20,4.0,8967,9291,1319,0,0,243,132,0,132,2023,8,14,0,33,226,3,0.0,1.0,-0.8660254037844385,-0.5000000000000004,-0.6807734094770159,-0.7324940716135792,598.0,0.2,0.14196534280486492,1.8409090909090908,111,127.0,140.0,155.0,148.0,134.28571428571428,135.5,140.3,15.934389285591168,102.0,140.0,2392.0,0.0,102.0,141.0,1.0
2023-08-30,B073496Y7S,boAt Rockerz Wireless Bluetooth Earbuds,2990.0,2392.0,20,4.2,7919,13662,1920,0,0,214,159,0,159,2023,8,30,2,35,242,3,0.9749279121818236,-0.22252093395631434,-0.8660254037844385,-0.5000000000000004,-0.8543221697498269,-0.5197438121555157,598.0,0.2,0.14053579270970576,1.3459119496855345,55,132.0,151.0,112.0,118.0,133.14285714285714,133.85714285714286,139.76666666666668,15.741966961263914,132.0,128.0,2392.0,0.0,243.0,-29.0,1.0
2023-09-06,B073496Y7S,boAt Rockerz Wireless Bluetooth Earbuds,2990.0,1495.0,50,4.1,8378,12474,1514,0,0,118,118,1,191,2023,9,6,2,36,249,3,0.9749279121818236,-0.22252093395631434,-1.0,-1.8369701987210297e-16,-0.9106046300942162,-0.41327860778290443,1495.0,0.5,0.12137245470578804,0.6178010471204188,-73,159.0,129.0,167.0,119.0,134.28571428571428,137.21428571428572,141.13333333333333,17.451974918943396,159.0,72.0,2392.0,-897.0,214.0,-96.0,1.0
2023-09-11,B073496Y7S,boAt Rockerz Wireless Bluetooth Earbuds,2990.0,2093.0,30,4.3,6778,13175,1641,0,0,276,159,0,159,2023,9,11,0,37,254,3,0.0,1.0,-1.0,-1.8369701987210297e-16,-0.9427611433904206,-0.33346877891818705,897.0,0.3,0.12455407969639469,1.7358490566037736,117,191.0,146.0,159.0,186.0,143.14285714285714,138.92857142857142,143.53333333333333,27.285090992631687,118.0,146.0,1495.0,598.0,118.0,158.0,1.0
2023-09-23,B073496Y7S,boAt Rockerz Wireless Bluetooth Earbuds,2990.0,1495.0,50,3.9,13316,21859,4090,1,1,341,330,0,330,2023,9,23,5,38,266,3,-0.9749279121818236,-0.2225209339563146,-1.0,-1.8369701987210297e-16,-0.9911140639934546,-0.13301470653419636,1495.0,0.5,0.18710828491696785,1.0333333333333334,11,159.0,143.0,89.0,157.0,145.0,138.92857142857142,142.63333333333333,27.946377224964248,159.0,143.0,2093.0,-598.0,276.0,65.0,1.0
2023-09-24,B073496Y7S,boAt Rockerz Wireless Bluetooth Earbuds,2990.0,1196.0,60,4.0,9446,33799,6948,1,1,307,307,1,420,2023,9,24,6,38,267,3,-0.7818314824680299,0.6234898018587334,-1.0,-1.8369701987210297e-16,-0.9932568492674143,-0.11593459959550066,1794.0,0.6,0.2055682120772804,0.7309523809523809,-113,330.0,104.0,155.0,120.0,171.71428571428572,156.14285714285714,148.4,75.17915111189245,330.0,82.0,1495.0,-299.0,341.0,-34.0,1.0
2023-09-28,B073496Y7S,boAt Rockerz Wireless Bluetooth Earbuds,2990.0,1794.0,40,3.8,9780,21922,3991,1,0,590,311,0,311,2023,9,28,3,39,271,3,0.43388373911755823,-0.900968867902419,-1.0,-1.8369701987210297e-16,-0.9988797155850335,-0.04732138832243232,1196.0,0.4,0.18205455706596113,1.8971061093247588,279,420.0,127.0,120.0,94.0,216.85714285714286,175.07142857142858,158.4,113.06845798221617,307.0,102.0,1196.0,598.0,307.0,283.0,1.0
2023-09-29,B073496Y7S,boAt Rockerz Wireless Bluetooth Earbuds,2990.0,1495.0,50,3.9,12665,32679,6402,1,0,783,396,0,396,2023,9,29,4,39,272,3,-0.433883739117558,-0.9009688679024191,-1.0,-1.8369701987210297e-16,-0.9995462806873573,-0.03012030484690836,1495.0,0.5,0.19590562746718077,1.9772727272727273,387,311.0,132.0,140.0,184.0,243.14285714285714,188.71428571428572,165.63333333333333,110.04457971117667,311.0,132.0,1794.0,-299.0,590.0,193.0,1.0
2023-10-02,B073496Y7S,boAt Rockerz Wireless Bluetooth Earbuds,2990.0,1794.0,40,4.1,6509,32142,5690,1,0,732,378,0,378,2023,10,2,0,40,275,4,0.0,1.0,-0.8660254037844386,0.5000000000000001,-0.9997685019798909,0.021516097436222233,1196.0,0.4,0.17702694294070065,1.9365079365079365,354,396.0,159.0,151.0,143.0,280.85714285714283,207.0,172.7,110.84137099390963,396.0,159.0,1495.0,299.0,783.0,-51.0,1.0
2023-10-03,B073496Y7S,boAt Rockerz Wireless Bluetooth Earbuds,2990.0,1046.5,65,4.2,13008,40985,7248,1,0,766,469,0,469,2023,10,3,1,40,276,4,0.7818314824680298,0.6234898018587336,-0.8660254037844386,0.5000000000000001,-0.9992500112396835,0.03872228089217399,1943.5,0.65,0.17684518726363305,1.6332622601279319,297,378.0,191.0,129.0,130.0,312.14285714285717,223.21428571428572,180.53333333333333,101.20182569405311,378.0,118.0,1794.0,-747.5,732.0,34.0,1.0
2023-10-08,B073496Y7S,boAt Rockerz Wireless Bluetooth Earbuds,2990.0,1495.0,50,3.9,12290,34288,7038,1,1,480,416,0,416,2023,10,8,6,40,281,4,-0.7818314824680299,0.6234898018587334,-0.8660254037844386,0.5000000000000001,-0.9922222094179324,0.12447926388678869,1495.0,0.5,0.2052613159122725,1.1538461538461537,64,469.0,159.0,146.0,149.0,351.85714285714283,247.5,191.83333333333334,100.28198337925001,469.0,159.0,1046.5,448.5,766.0,-286.0,1.0
2023-10-11,B073496Y7S,boAt Rockerz Wireless Bluetooth Earbuds,2990.0,1495.0,50,4.1,10477,20758,3336,1,0,302,302,1,322,2023,10,11,2,41,284,4,0.9749279121818236,-0.22252093395631434,-0.8660254037844386,0.5000000000000001,-0.9844738167520923,0.17553149042142777,1495.0,0.5,0.1607091241930822,0.937888198757764,-20,416.0,330.0,143.0,128.0,388.57142857142856,266.7857142857143,200.73333333333332,54.50338565281086,416.0,330.0,1495.0,0.0,480.0,-178.0,1.0
2023-10-15,B073496Y7S,boAt Rockerz Wireless Bluetooth Earbuds,2990.0,1495.0,50,4.4,15502,49409,7394,1,1,424,424,1,504,2023,10,15,6,41,288,4,-0.7818314824680299,0.6234898018587334,-0.8660254037844386,0.5000000000000001,-0.970063921851507,0.2428497220959358,1495.0,0.5,0.14964884939990689,0.8412698412698413,-80,322.0,420.0,104.0,130.0,387.42857142857144,279.57142857142856,207.2,55.999574828317776,302.0,307.0,1495.0,0.0,302.0,122.0,1.0
2023-10-16,B073496Y7S,boAt Rockerz Wireless Bluetooth Earbuds,2990.0,2392.0,20,4.4,7395,9908,1286,0,0,226,127,0,127,2023,10,16,0,42,289,4,0.0,1.0,-0.8660254037844386,0.5000000000000001,-0.965739937654855,0.25951179706979943,598.0,0.2,0.12979410577311262,1.779527559055118,99,504.0,311.0,127.0,191.0,399.42857142857144,308.14285714285717,219.66666666666666,71.10522049014659,424.0,311.0,1495.0,897.0,424.0,-198.0,1.0
2023-10-17,B073496Y7S,boAt Rockerz Wireless Bluetooth Earbuds,2990.0,2392.0,20,3.8,7629,10618,1500,0,0,102,102,1,125,2023,10,17,1,42,290,4,0.7818314824680298,0.6234898018587336,-0.8660254037844386,0.5000000000000001,-0.9611297838723007,0.27609697309746883,598.0,0.2,0.14126954228668298,0.816,-23,127.0,396.0,132.0,158.0,373.14285714285717,308.14285714285717,217.53333333333333,123.75840519796157,127.0,396.0,2392.0,0.0,226.0,-124.0,1.0
2023-10-25,B073496Y7S,boAt Rockerz Wireless Bluetooth Earbuds,2990.0,2093.0,30,4.1,7346,9479,1248,0,0,201,123,0,123,2023,10,25,2,43,298,4,0.9749279121818236,-0.22252093395631434,-0.8660254037844386,0.5000000000000001,-0.9141279881853337,0.4054257283599973,897.0,0.3,0.13165945774870766,1.6341463414634145,78,125.0,378.0,159.0,157.0,334.42857142857144,307.64285714285717,216.43333333333334,154.0874828821354,102.0,378.0,2392.0,-299.0,102.0,99.0,1.0
2023-11-05,B073496Y7S,boAt Rockerz Wireless Bluetooth Earbuds,2990.0,1794.0,40,4.1,7054,45031,7777,1,1,859,453,0,453,2023,11,5,6,44,309,4,-0.7818314824680299,0.6234898018587334,-0.5000000000000004,0.8660254037844384,-0.8214765533024145,0.5702422926917867,1196.0,0.4,0.1727032488729986,1.8962472406181015,406,123.0,469.0,191.0,155.0,298.0,305.07142857142856,215.3,171.25614344211613,123.0,469.0,2093.0,-299.0,201.0,658.0,1.0
2023-11-20,B073496Y7S,boAt Rockerz Wireless Bluetooth Earbuds,2990.0,1495.0,50,4.2,11836,12763,1319,0,0,271,178,0,178,2023,11,20,0,47,324,4,0.0,1.0,-0.5000000000000004,0.8660254037844384,-0.6486295610349818,0.7611042586607742,1495.0,0.5,0.10334560839927917,1.5224719101123596,93,453.0,416.0,159.0,112.0,295.7142857142857,323.7857142857143,225.23333333333332,168.68087649534576,453.0,416.0,1794.0,-299.0,859.0,-588.0,1.0
2023-11-23,B073496Y7S,boAt Rockerz Wireless Bluetooth Earbuds,2990.0,2392.0,20,3.8,8362,8594,1380,0,0,89,89,1,119,2023,11,23,3,47,327,4,0.43388373911755823,-0.900968867902419,-0.5000000000000004,0.8660254037844384,-0.6084768701151264,0.7935716089521472,598.0,0.2,0.16057714684663718,0.7478991596638656,-30,178.0,322.0,330.0,167.0,261.7142857142857,325.14285714285717,227.43333333333334,164.32459167322284,178.0,302.0,1495.0,897.0,271.0,-182.0,1.0
2023-12-02,B073496Y7S,boAt Rockerz Wireless Bluetooth Earbuds,2990.0,1794.0,40,4.4,13246,12498,1533,0,1,130,130,1,159,2023,12,2,5,48,336,4,-0.9749279121818236,-0.2225209339563146,-2.4492935982947064e-16,1.0,-0.4787338401157883,0.8779600847008883,1196.0,0.4,0.12265962554008641,0.8176100628930818,-29,119.0,504.0,420.0,159.0,232.71428571428572,310.07142857142856,225.83333333333334,169.73578908184948,89.0,424.0,2392.0,-598.0,89.0,41.0,1.0
2023-12-13,B073496Y7S,boAt Rockerz Wireless Bluetooth Earbuds,2990.0,1794.0,40,4.3,7810,5201,661,0,0,94,94,1,135,2023,12,13,2,50,347,4,0.9749279121818236,-0.22252093395631434,-2.4492935982947064e-16,1.0,-0.3049212246562894,0.9523775757303973,1196.0,0.4,0.1270909440492213,0.6962962962962963,-41,159.0,127.0,311.0,89.0,183.42857142857142,291.42857142857144,225.83333333333334,120.89645313636117,130.0,127.0,1794.0,0.0,130.0,-36.0,1.0
2023-12-18,B073496Y7S,boAt Rockerz Wireless Bluetooth Earbuds,2990.0,2093.0,30,4.5,9919,7025,674,0,0,233,138,0,138,2023,12,18,0,51,352,4,0.0,1.0,-2.4492935982947064e-16,1.0,-0.22192151300416674,0.9750645322571945,897.0,0.3,0.09594306049822064,1.6884057971014492,95,135.0,125.0,396.0,155.0,184.57142857142858,278.85714285714283,227.36666666666667,120.31051096067642,94.0,102.0,1794.0,299.0,94.0,139.0,1.0
2023-12-22,B073496Y7S,boAt Rockerz Wireless Bluetooth Earbuds,2990.0,2392.0,20,4.3,6090,14192,1548,0,0,159,155,0,155,2023,12,22,4,51,356,4,-0.433883739117558,-0.9009688679024191,-2.4492935982947064e-16,1.0,-0.154308820664281,0.9880226656636976,598.0,0.2,0.10907553551296505,1.0258064516129033,4,138.0,123.0,378.0,120.0,186.42857142857142,260.42857142857144,226.8,119.33406490863807,138.0,123.0,2093.0,299.0,233.0,-74.0,1.0
2023-12-24,B073496Y7S,boAt Rockerz Wireless Bluetooth Earbuds,2990.0,2093.0,30,4.3,13834,7183,860,0,1,218,117,0,117,2023,12,24,6,51,358,4,-0.7818314824680299,0.6234898018587334,-2.4492935982947064e-16,1.0,-0.12020804489935275,0.9927487224577402,897.0,0.3,0.11972713350967562,1.8632478632478633,101,155.0,453.0,469.0,140.0,191.0,244.5,227.96666666666667,117.09113259907143,155.0,453.0,2392.0,-299.0,159.0,59.0,1.0
2024-01-04,B073496Y7S,boAt Rockerz Wireless Bluetooth Earbuds,2990.0,1794.0,40,4.1,15275,10401,903,0,0,165,152,0,152,2024,1,4,3,1,4,1,0.43388373911755823,-0.900968867902419,0.49999999999999994,0.8660254037844387,0.06880242680231986,0.9976303053065857,1196.0,0.4,0.08681857513700605,1.0855263157894737,13,117.0,178.0,416.0,151.0,143.0,219.35714285714286,227.2,22.233608194202986,117.0,178.0,2093.0,-299.0,218.0,-53.0,1.0
2024-01-05,B073496Y7S,boAt Rockerz Wireless Bluetooth Earbuds,2990.0,1794.0,40,4.0,6799,12476,1614,0,0,192,159,0,159,2024,1,5,4,1,5,1,-0.433883739117558,-0.9009688679024191,0.49999999999999994,0.8660254037844387,0.08596479873744647,0.9962981749346078,1196.0,0.4,0.12936838730362296,1.2075471698113207,33,152.0,119.0,322.0,129.0,139.28571428571428,200.5,227.23333333333332,16.957931140661746,152.0,89.0,1794.0,0.0,165.0,27.0,1.0
2024-01-06,B073496Y7S,boAt Rockerz Wireless Bluetooth Earbuds,2990.0,2392.0,20,4.4,9809,13727,1789,0,1,245,154,0,154,2024,1,6,5,1,6,1,-0.9749279121818236,-0.2225209339563146,0.49999999999999994,0.8660254037844387,0.10310169744743485,0.9946708199115211,598.0,0.2,0.13032709259124353,1.5909090909090908,91,159.0,159.0,504.0,146.0,145.0,188.85714285714286,228.23333333333332,15.67375726067823,159.0,130.0,1794.0,598.0,192.0,53.0,1.0
2024-01-15,B073496Y7S,boAt Rockerz Wireless Bluetooth Earbuds,2990.0,2392.0,20,4.4,9948,7615,1003,0,0,202,108,0,108,2024,1,15,0,3,15,1,0.0,1.0,0.49999999999999994,0.8660254037844387,0.255353295116187,0.9668478136052775,598.0,0.2,0.13171372291529876,1.8703703703703705,94,154.0,135.0,127.0,143.0,144.28571428571428,163.85714285714286,228.5,15.030128472663126,154.0,94.0,2392.0,0.0,245.0,-43.0,1.0
2024-01-16,B073496Y7S,boAt Rockerz Wireless Bluetooth Earbuds,2990.0,2392.0,20,4.1,9413,6204,531,0,0,54,54,1,90,2024,1,16,1,3,16,1,0.7818314824680298,0.6234898018587336,0.49999999999999994,0.8660254037844387,0.2719581575341055,0.9623090774541486,598.0,0.2,0.08558994197292069,0.6,-36,108.0,138.0,125.0,104.0,140.42857142857142,162.5,227.33333333333334,20.33762640081296,108.0,138.0,2392.0,0.0,202.0,-148.0,1.0
2024-01-17,B073496Y7S,boAt Rockerz Wireless Bluetooth Earbuds,2990.0,2392.0,20,4.5,6295,11843,1416,0,0,136,136,1,144,2024,1,17,2,3,17,1,0.9749279121818236,-0.22252093395631434,0.49999999999999994,0.8660254037844387,0.288482432880609,0.9574851883550393,598.0,0.2,0.11956429958625349,0.9444444444444444,-8,90.0,155.0,123.0,127.0,133.57142857142858,160.0,226.86666666666667,27.957450663804167,54.0,155.0,2392.0,0.0,54.0,82.0,1.0
2024-01-18,B073496Y7S,boAt Rockerz Wireless Bluetooth Earbuds,2990.0,2392.0,20,4.5,13507,7231,603,0,0,210,121,0,121,2024,1,18,3,3,18,1,0.43388373911755823,-0.900968867902419,0.49999999999999994,0.8660254037844387,0.30492122465628907,0.9523775757303974,598.0,0.2,0.08339095560779976,1.7355371900826446,89,144.0,117.0,453.0,132.0,132.0,161.5,227.43333333333334,26.83902631120082,136.0,117.0,2392.0,0.0,136.0,74.0,1.0
2024-01-21,B073496Y7S,boAt Rockerz Wireless Bluetooth Earbuds,2990.0,2392.0,20,4.1,9326,11392,1363,0,1,187,150,0,150,2024,1,21,6,3,21,1,-0.7818314824680299,0.6234898018587334,0.49999999999999994,0.8660254037844387,0.3536761221763716,0.9353679493131483,598.0,0.2,0.11964536516853932,1.2466666666666666,37,121.0,152.0,178.0,159.0,132.57142857142858,137.78571428571428,227.06666666666666,26.506962248040498,121.0,152.0,2392.0,0.0,210.0,-23.0,1.0
2024-01-28,B073496Y7S,boAt Rockerz Wireless Bluetooth Earbuds,2990.0,2392.0,20,4.1,6194,8594,1225,0,1,89,89,1,114,2024,1,28,6,4,28,1,-0.7818314824680299,0.6234898018587334,0.49999999999999994,0.8660254037844387,0.4635502709028509,0.886070621534138,598.0,0.2,0.14254130788922503,0.7807017543859649,-25,150.0,159.0,119.0,191.0,132.28571428571428,135.78571428571428,226.76666666666668,26.272382747632385,150.0,159.0,2392.0,0.0,187.0,-98.0,1.0
2024-02-04,B073496Y7S,boAt Rockerz Wireless Bluetooth Earbuds,2990.0,2093.0,30,4.0,8502,7766,912,0,1,223,141,0,141,2024,2,4,6,5,35,1,-0.7818314824680299,0.6234898018587334,0.8660254037844386,0.5000000000000001,0.5667017562911176,0.8239230057575542,897.0,0.3,0.11743497295905228,1.5815602836879432,82,114.0,154.0,159.0,159.0,125.85714285714286,135.42857142857142,224.2,24.058460545295084,89.0,154.0,2392.0,-299.0,89.0,134.0,1.0
2024-02-05,B073496Y7S,boAt Rockerz Wireless Bluetooth Earbuds,2990.0,2392.0,20,4.5,10957,13552,1446,0,0,236,158,0,158,2024,2,5,0,6,36,1,0.0,1.0,0.8660254037844386,0.5000000000000001,0.5808002734538009,0.8140460935082178,598.0,0.2,0.10670011806375443,1.4936708860759493,78,141.0,108.0,135.0,330.0,124.0,134.14285714285714,223.6,21.931712199461227,141.0,108.0,2093.0,299.0,223.0,13.0,1.0
2024-02-06,B073496Y7S,boAt Rockerz Wireless Bluetooth Earbuds,2990.0,2392.0,20,4.2,10599,15040,1591,0,0,247,169,0,169,2024,2,6,1,6,37,1,0.7818314824680298,0.6234898018587336,0.8660254037844386,0.5000000000000001,0.5947266869607634,0.8039279618328213,598.0,0.2,0.1057845744680851,1.4615384615384615,78,158.0,90.0,138.0,420.0,131.14285714285714,135.78571428571428,217.86666666666667,23.90556818977928,158.0,54.0,2392.0,0.0,236.0,11.0,1.0
2024-02-10,B073496Y7S,boAt Rockerz Wireless Bluetooth Earbuds,2990.0,2392.0,20,4.0,11254,6508,1301,0,1,112,103,0,103,2024,2,10,5,6,41,1,-0.9749279121818236,-0.2225209339563146,0.8660254037844386,0.5000000000000001,0.6486295610349814,0.7611042586607747,598.0,0.2,0.1999078057775046,1.087378640776699,9,169.0,144.0,155.0,311.0,142.42857142857142,138.0,209.5,19.48381501706081,169.0,136.0,2392.0,0.0,247.0,-135.0,1.0
2024-02-18,B073496Y7S,boAt Rockerz Wireless Bluetooth Earbuds,2990.0,2392.0,20,4.0,10166,7064,652,0,1,88,88,1,114,2024,2,18,6,7,49,1,-0.7818314824680299,0.6234898018587334,0.8660254037844386,0.5000000000000001,0.7469720876965552,0.6648553979642865,598.0,0.2,0.09229898074745187,0.7719298245614035,-26,103.0,121.0,117.0,396.0,136.57142857142858,134.28571428571428,202.56666666666666,24.45987968665649,103.0,121.0,2392.0,0.0,112.0,-24.0,1.0
2024-02-25,B073496Y7S,boAt Rockerz Wireless Bluetooth Earbuds,2990.0,2093.0,30,4.3,12578,8722,1501,0,1,197,138,0,138,2024,2,25,6,8,56,1,-0.7818314824680299,0.6234898018587334,0.8660254037844386,0.5000000000000001,0.8214765533024142,0.5702422926917871,897.0,0.3,0.1720935565237331,1.4275362318840579,59,114.0,150.0,152.0,378.0,135.57142857142858,134.07142857142858,193.16666666666666,25.330200307519167,88.0,150.0,2392.0,-299.0,88.0,109.0,1.0
2024-02-28,B073496Y7S,boAt Rockerz Wireless Bluetooth Earbuds,2990.0,2093.0,30,4.1,9969,7788,915,0,0,92,92,1,136,2024,2,28,2,9,59,1,0.9749279121818236,-0.22252093395631434,0.8660254037844386,0.5000000000000001,0.8498170915275278,0.5270777086423722,897.0,0.3,0.1174884437596302,0.6764705882352942,-44,138.0,114.0,159.0,469.0,133.85714285714286,133.07142857142858,185.16666666666666,24.586097503999834,138.0,89.0,2093.0,0.0,197.0,-105.0,1.0
2024-03-06,B073496Y7S,boAt Rockerz Wireless Bluetooth Earbuds,2990.0,2392.0,20,4.4,12750,8004,1218,0,0,161,122,0,122,2024,3,6,2,10,66,1,0.9749279121818236,-0.22252093395631434,1.0,6.123233995736766e-17,0.9070138128026359,0.4211008707960896,598.0,0.2,0.15217391304347827,1.319672131147541,39,136.0,141.0,154.0,416.0,137.0,131.42857142857142,174.06666666666666,22.978250586152036,92.0,141.0,2093.0,299.0,92.0,69.0,1.0
2024-03-16,B073496Y7S,boAt Rockerz Wireless Bluetooth Earbuds,2990.0,1794.0,40,4.4,14412,7896,954,0,1,253,144,0,144,2024,3,16,5,11,76,1,-0.9749279121818236,-0.2225209339563146,1.0,6.123233995736766e-17,0.9657399376548549,0.2595117970697999,1196.0,0.4,0.12082066869300911,1.7569444444444444,109,122.0,158.0,108.0,322.0,134.28571428571428,129.14285714285714,164.26666666666668,23.542261897236887,122.0,158.0,2392.0,-598.0,161.0,92.0,1.0
2024-03-23,B073496Y7S,boAt Rockerz Wireless Bluetooth Earbuds,2990.0,2093.0,30,4.5,15570,8182,787,0,1,208,109,0,109,2024,3,23,5,12,83,1,-0.9749279121818236,-0.2225209339563146,1.0,6.123233995736766e-17,0.989932495087353,0.141540295217043,897.0,0.3,0.09618675140552432,1.908256880733945,99,144.0,169.0,90.0,504.0,132.28571428571428,131.71428571428572,158.33333333333334,21.715695442960726,144.0,169.0,1794.0,299.0,253.0,-45.0,1.0
2024-03-25,B073496Y7S,boAt Rockerz Wireless Bluetooth Earbuds,2990.0,2392.0,20,4.3,16288,11204,1442,0,0,210,139,0,139,2024,3,25,0,13,85,1,0.0,1.0,1.0,6.123233995736766e-17,0.994217906893952,0.10738134666416309,598.0,0.2,0.12870403427347377,1.5107913669064748,71,109.0,103.0,144.0,127.0,123.71428571428571,133.07142857142858,145.16666666666666,15.86100339106658,109.0,103.0,2093.0,299.0,208.0,2.0,1.0
2024-03-31,B073496Y7S,boAt Rockerz Wireless Bluetooth Earbuds,2990.0,2093.0,30,4.4,10170,9144,865,0,1,116,116,1,129,2024,3,31,6,13,91,1,-0.7818314824680299,0.6234898018587334,1.0,6.123233995736766e-17,0.9999907397361901,0.004303538296244289,897.0,0.3,0.09459755030621173,0.8992248062015504,-13,139.0,114.0,121.0,125.0,128.85714285714286,132.71428571428572,145.56666666666666,13.716517675520048,139.0,88.0,2392.0,-299.0,210.0,-94.0,1.0
2024-04-08,B073496Y7S,boAt Rockerz Wireless Bluetooth Earbuds,2990.0,1794.0,40,4.0,13363,10803,1178,0,0,205,138,0,138,2024,4,8,0,15,99,2,0.0,1.0,0.8660254037844387,-0.4999999999999998,0.9911140639934547,-0.1330147065341959,1196.0,0.4,0.10904378413403684,1.4855072463768115,67,129.0,138.0,150.0,123.0,131.0,133.28571428571428,145.7,12.083045973594437,116.0,138.0,2093.0,-299.0,116.0,89.0,1.0
2024-04-12,B073496Y7S,boAt Rockerz Wireless Bluetooth Earbuds,2990.0,1794.0,40,4.0,9663,13819,1945,0,0,310,178,0,178,2024,4,12,4,15,103,2,-0.433883739117558,-0.9009688679024191,0.8660254037844387,-0.4999999999999998,0.9796136916454901,-0.20089055513063506,1196.0,0.4,0.1407482451696939,1.7415730337078652,132,138.0,136.0,114.0,453.0,131.0,132.42857142857142,146.2,12.083045973594437,138.0,92.0,1794.0,0.0,205.0,105.0,1.0
2024-04-14,B073496Y7S,boAt Rockerz Wireless Bluetooth Earbuds,2990.0,1794.0,40,4.0,10889,7830,1198,0,1,106,106,1,153,2024,4,14,6,15,105,2,-0.7818314824680299,0.6234898018587334,0.8660254037844387,-0.4999999999999998,0.9721181966290613,-0.23449138957040985,1196.0,0.4,0.15300127713920816,0.6928104575163399,-47,178.0,122.0,141.0,178.0,137.0,137.0,137.03333333333333,21.633307652783863,178.0,122.0,1794.0,0.0,310.0,-204.0,1.0
2024-04-17,B073496Y7S,boAt Rockerz Wireless Bluetooth Earbuds,2990.0,2093.0,30,3.9,9545,13624,1851,0,0,137,137,1,159,2024,4,17,2,16,108,2,0.9749279121818236,-0.22252093395631434,0.8660254037844387,-0.4999999999999998,0.9587178169872964,-0.2843591872810034,897.0,0.3,0.1358631826189078,0.8616352201257862,-22,153.0,144.0,158.0,119.0,141.42857142857142,137.85714285714286,136.2,21.219936717288086,106.0,144.0,1794.0,299.0,106.0,31.0,1.0
2024-04-23,B073496Y7S,boAt Rockerz Wireless Bluetooth Earbuds,2990.0,2093.0,30,3.9,15508,7550,638,0,0,142,116,0,116,2024,4,23,1,17,114,2,0.7818314824680298,0.6234898018587336,0.8660254037844387,-0.4999999999999998,0.9242907221930933,-0.3816892202666588,897.0,0.3,0.08450331125827815,1.2241379310344827,26,159.0,109.0,169.0,159.0,143.57142857142858,137.92857142857142,137.53333333333333,22.25501548608113,137.0,109.0,2093.0,0.0,137.0,5.0,1.0
2024-05-03,B073496Y7S,boAt Rockerz Wireless Bluetooth Earbuds,2990.0,1794.0,40,4.5,12016,8406,1127,0,0,211,138,0,138,2024,5,3,4,18,124,2,-0.433883739117558,-0.9009688679024191,0.49999999999999994,-0.8660254037844387,0.8452490573530633,-0.5343725582809786,1196.0,0.4,0.13407090173685463,1.5289855072463767,73,116.0,139.0,103.0,135.0,144.57142857142858,134.14285714285714,136.1,20.533364254769463,116.0,139.0,2093.0,-299.0,142.0,69.0,1.0
2024-05-11,B073496Y7S,boAt Rockerz Wireless Bluetooth Earbuds,2990.0,2093.0,30,4.1,10988,13683,1858,0,1,270,162,0,162,2024,5,11,5,19,132,2,-0.9749279121818236,-0.2225209339563146,0.49999999999999994,-0.8660254037844387,0.7638886127905428,-0.6453481132295501,897.0,0.3,0.1357889351750347,1.6666666666666667,108,138.0,129.0,114.0,138.0,144.42857142857142,136.64285714285714,136.2,20.582007861699118,138.0,116.0,1794.0,299.0,211.0,59.0,1.0
2024-05-12,B073496Y7S,boAt Rockerz Wireless Bluetooth Earbuds,2990.0,2392.0,20,3.9,15339,5180,665,0,1,53,53,1,97,2024,5,12,6,19,133,2,-0.7818314824680299,0.6234898018587334,0.49999999999999994,-0.8660254037844387,0.7526668275320085,-0.6584015846980488,598.0,0.2,0.12837837837837837,0.5463917525773195,-44,162.0,138.0,138.0,155.0,149.14285714285714,140.07142857142858,137.0,20.235518043188005,162.0,138.0,2093.0,299.0,270.0,-217.0,1.0
2024-05-14,B073496Y7S,boAt Rockerz Wireless Bluetooth Earbuds,2990.0,2093.0,30,4.5,7482,6456,889,0,0,207,124,0,124,2024,5,14,1,20,135,2,0.7818314824680298,0.6234898018587336,0.49999999999999994,-0.8660254037844387,0.7295575540864875,-0.6839194216246106,897.0,0.3,0.1377013630731103,1.6693548387096775,83,97.0,178.0,136.0,117.0,143.28571428571428,137.14285714285714,135.06666666666666,28.317922980062622,53.0,178.0,2392.0,-299.0,53.0,154.0,1.0
2024-05-25,B073496Y7S,boAt Rockerz Wireless Bluetooth Earbuds,2990.0,2093.0,30,4.3,6754,4847,612,0,1,125,114,0,114,2024,5,25,5,21,146,2,-0.9749279121818236,-0.2225209339563146,0.49999999999999994,-0.8660254037844387,0.5877852522924732,-0.8090169943749473,897.0,0.3,0.12626366824840107,1.0964912280701755,11,124.0,153.0,122.0,152.0,135.57142857142858,136.28571428571428,135.3,24.364298627685642,124.0,106.0,2093.0,0.0,207.0,-82.0,1.0
2024-05-30,B073496Y7S,boAt Rockerz Wireless Bluetooth Earbuds,2990.0,1794.0,40,4.0,12992,6950,797,0,0,195,128,0,128,2024,5,30,3,22,151,2,0.43388373911755823,-0.900968867902419,0.49999999999999994,-0.8660254037844387,0.5160623910158528,-0.8565509959010036,1196.0,0.4,0.11467625899280576,1.5234375,67,114.0,159.0,144.0,159.0,130.0,135.71428571428572,134.03333333333333,24.172987679087797,114.0,137.0,2093.0,-299.0,125.0,70.0,1.0
2024-06-08,B073496Y7S,boAt Rockerz Wireless Bluetooth Earbuds,2990.0,2392.0,20,4.5,7742,7694,989,0,1,217,118,0,118,2024,6,8,5,23,160,2,-0.9749279121818236,-0.2225209339563146,1.2246467991473532e-16,-1.0,0.3777079652039649,-0.9259247771938498,598.0,0.2,0.1285417208214193,1.8389830508474576,99,128.0,116.0,109.0,154.0,125.57142857142857,134.57142857142858,133.0,20.541479521991064,128.0,116.0,1794.0,598.0,195.0,22.0,1.0
2024-06-15,B073496Y7S,boAt Rockerz Wireless Bluetooth Earbuds,2990.0,2093.0,30,3.8,10402,8588,1287,0,1,122,117,0,117,2024,6,15,5,24,167,2,-0.9749279121818236,-0.2225209339563146,1.2246467991473532e-16,-1.0,0.26366549272800704,-0.9646141756912435,897.0,0.3,0.14986027014438752,1.0427350427350428,5,118.0,138.0,139.0,108.0,125.85714285714286,135.21428571428572,131.8,20.399579827605628,118.0,138.0,2392.0,-299.0,217.0,-95.0,1.0
2024-06-19,B073496Y7S,boAt Rockerz Wireless Bluetooth Earbuds,2990.0,1794.0,40,4.2,14991,5773,1162,0,0,209,132,0,132,2024,6,19,2,25,171,2,0.9749279121818236,-0.22252093395631434,1.2246467991473532e-16,-1.0,0.19667288979357647,-0.980469160361632,1196.0,0.4,0.20128182920491947,1.5833333333333333,77,117.0,162.0,129.0,90.0,122.85714285714286,133.64285714285714,132.1,19.853031434590907,117.0,162.0,2093.0,-299.0,122.0,87.0,1.0
2024-06-24,B073496Y7S,boAt Rockerz Wireless Bluetooth Earbuds,2990.0,2392.0,20,4.1,14374,10674,1065,0,0,191,130,0,130,2024,6,24,0,26,176,2,0.0,1.0,1.2246467991473532e-16,-1.0,0.11165900712169512,-0.993746580436178,598.0,0.2,0.0997751545812254,1.4692307692307693,61,132.0,97.0,138.0,144.0,118.57142857142857,133.85714285714286,133.5,11.457997830585944,132.0,53.0,1794.0,598.0,209.0,-18.0,1.0
2024-06-26,B073496Y7S,boAt Rockerz Wireless Bluetooth Earbuds,2990.0,2093.0,30,3.9,12220,14117,1887,0,0,325,167,0,167,2024,6,26,2,26,178,2,0.9749279121818236,-0.22252093395631434,1.2246467991473532e-16,-1.0,0.07738647923346301,-0.9970011699250151,897.0,0.3,0.1336686264787136,1.9461077844311376,158,130.0,124.0,178.0,121.0,123.28571428571429,133.28571428571428,133.03333333333333,7.040698017343605,130.0,124.0,2392.0,-299.0,191.0,134.0,1.0
2024-07-03,B073496Y7S,boAt Rockerz Wireless Bluetooth Earbuds,2990.0,1495.0,50,4.4,10284,5804,615,0,0,119,119,1,143,2024,7,3,2,27,185,3,0.9749279121818236,-0.22252093395631434,-0.4999999999999997,-0.8660254037844388,-0.04302223300453034,-0.99907411510223,1495.0,0.5,0.10596140592694693,0.8321678321678322,-24,167.0,114.0,153.0,150.0,129.42857142857142,132.5,134.56666666666666,17.99867720007162,167.0,114.0,2093.0,-598.0,325.0,-206.0,1.0
2024-07-07,B073496Y7S,boAt Rockerz Wireless Bluetooth Earbuds,2990.0,1495.0,50,4.3,7851,5893,829,0,1,203,158,0,158,2024,7,7,6,27,189,3,-0.7818314824680299,0.6234898018587334,-0.4999999999999997,-0.8660254037844388,-0.11165900712169444,-0.9937465804361781,1495.0,0.5,0.14067537756660445,1.2848101265822784,45,143.0,128.0,159.0,114.0,133.57142857142858,131.78571428571428,134.33333333333334,17.17417773730019,119.0,128.0,1495.0,0.0,119.0,84.0,1.0
2024-07-09,B073496Y7S,boAt Rockerz Wireless Bluetooth Earbuds,2990.0,2392.0,20,4.1,11051,12063,1419,0,0,194,144,0,144,2024,7,9,1,28,191,3,0.7818314824680298,0.6234898018587336,-0.4999999999999997,-0.8660254037844388,-0.14579919691987442,-0.9893142039703664,598.0,0.2,0.11763242974384482,1.3472222222222223,50,158.0,118.0,116.0,141.0,137.85714285714286,131.71428571428572,135.8,19.178360821757416,158.0,118.0,1495.0,897.0,203.0,-9.0,1.0
2024-07-18,B073496Y7S,boAt Rockerz Wireless Bluetooth Earbuds,2990.0,2392.0,20,4.4,14312,11925,1226,0,0,102,102,1,129,2024,7,18,3,29,200,3,0.43388373911755823,-0.900968867902419,-0.4999999999999997,-0.8660254037844388,-0.2967128192734901,-0.9549667548552553,598.0,0.2,0.10280922431865828,0.7906976744186046,-27,144.0,117.0,138.0,158.0,141.57142857142858,133.71428571428572,135.9,17.096365528547576,144.0,117.0,2392.0,0.0,194.0,-92.0,1.0
2024-07-24,B073496Y7S,boAt Rockerz Wireless Bluetooth Earbuds,2990.0,1794.0,40,4.3,10627,11321,1436,0,0,229,169,0,169,2024,7,24,2,30,206,3,0.9749279121818236,-0.22252093395631434,-0.4999999999999997,-0.8660254037844388,-0.39359027665646645,-0.9192859697186105,1196.0,0.4,0.1268439183817684,1.3550295857988166,60,129.0,132.0,162.0,169.0,143.28571428571428,133.07142857142858,134.93333333333334,14.648256844123939,102.0,132.0,2392.0,-598.0,102.0,127.0,1.0
2024-08-05,B073496Y7S,boAt Rockerz Wireless Bluetooth Earbuds,2990.0,1794.0,40,4.3,8905,10627,1700,0,0,131,131,1,149,2024,8,5,0,32,218,3,0.0,1.0,-0.8660254037844385,-0.5000000000000004,-0.5737722679043243,-0.8190148866680802,1196.0,0.4,0.1599698880210784,0.8791946308724832,-18,169.0,130.0,97.0,103.0,148.57142857142858,133.57142857142858,134.93333333333334,16.460631244043327,169.0,130.0,1794.0,0.0,229.0,-98.0,1.0
2024-08-11,B073496Y7S,boAt Rockerz Wireless Bluetooth Earbuds,2990.0,2392.0,20,3.9,7765,12317,1533,0,1,192,136,0,136,2024,8,11,6,32,224,3,-0.7818314824680299,0.6234898018587334,-0.8660254037844385,-0.5000000000000004,-0.655156357209085,-0.7554933140726804,598.0,0.2,0.12446212551757733,1.411764705882353,56,149.0,167.0,124.0,114.0,151.28571428571428,137.28571428571428,136.46666666666667,14.314494818356529,131.0,167.0,1794.0,598.0,131.0,61.0,1.0
2024-08-12,B073496Y7S,boAt Rockerz Wireless Bluetooth Earbuds,2990.0,2093.0,30,4.1,7958,9574,1120,0,0,83,83,1,136,2024,8,12,0,33,225,3,0.0,1.0,-0.8660254037844385,-0.5000000000000004,-0.6680638642135333,-0.7441039398713608,897.0,0.3,0.11698349697096302,0.6102941176470589,-53,136.0,143.0,114.0,138.0,146.85714285714286,138.14285714285714,137.2,13.409307357560214,136.0,119.0,2392.0,-299.0,192.0,-109.0,1.0
2024-08-17,B073496Y7S,boAt Rockerz Wireless Bluetooth Earbuds,2990.0,2392.0,20,4.0,11370,14055,1653,0,1,138,138,1,139,2024,8,17,5,33,230,3,-0.9749279121818236,-0.2225209339563146,-0.8660254037844385,-0.5000000000000004,-0.7295575540864876,-0.6839194216246105,598.0,0.2,0.1176093916755603,0.9928057553956835,-1,136.0,158.0,128.0,136.0,145.85714285714286,139.71428571428572,137.13333333333333,13.993195625357297,83.0,158.0,2093.0,299.0,83.0,55.0,1.0
2024-08-20,B073496Y7S,boAt Rockerz Wireless Bluetooth Earbuds,2990.0,2093.0,30,4.2,7958,5643,610,0,0,132,122,0,122,2024,8,20,1,34,233,3,0.7818314824680298,0.6234898018587336,-0.8660254037844385,-0.5000000000000004,-0.7638886127905429,-0.64534811322955,897.0,0.3,0.10809852915116074,1.0819672131147542,10,139.0,144.0,118.0,122.0,143.14285714285714,140.5,137.23333333333332,13.056653111582065,138.0,144.0,2392.0,-299.0,138.0,-6.0,1.0
2024-08-22,B073496Y7S,boAt Rockerz Wireless Bluetooth Earbuds,2990.0,1495.0,50,3.9,8978,6369,784,0,0,151,142,0,142,2024,8,22,3,34,235,3,0.43388373911755823,-0.900968867902419,-0.8660254037844385,-0.5000000000000004,-0.7856498550787144,-0.6186714032625032,1495.0,0.5,0.12309624744857905,1.0633802816901408,9,122.0,129.0,117.0,144.0,140.0,140.78571428571428,137.23333333333332,15.27525231651932,122.0,102.0,2093.0,-598.0,132.0,19.0,1.0
2024-08-26,B073496Y7S,boAt Rockerz Wireless Bluetooth Earbuds,2990.0,1794.0,40,4.3,15690,9641,1074,0,0,261,150,0,150,2024,8,26,0,35,239,3,0.0,1.0,-0.8660254037844385,-0.5000000000000004,-0.8263541987239094,-0.5631507242749187,1196.0,0.4,0.11139923244476714,1.74,111,142.0,169.0,132.0,109.0,141.85714285714286,142.57142857142858,137.16666666666666,14.48480320230548,142.0,169.0,1495.0,299.0,151.0,110.0,1.0
2024-08-27,B073496Y7S,boAt Rockerz Wireless Bluetooth Earbuds,2990.0,2093.0,30,4.4,12958,7534,871,0,0,125,125,1,131,2024,8,27,1,35,240,3,0.7818314824680298,0.6234898018587336,-0.8660254037844385,-0.5000000000000004,-0.8359254794186365,-0.5488429582847199,897.0,0.3,0.1156092381205203,0.9541984732824428,-6,150.0,149.0,130.0,139.0,139.14285714285714,143.85714285714286,138.53333333333333,9.459185508075532,150.0,131.0,1794.0,299.0,261.0,-136.0,1.0
2024-08-28,B073496Y7S,boAt Rockerz Wireless Bluetooth Earbuds,2990.0,2392.0,20,3.9,12784,12306,1573,0,0,151,146,0,146,2024,8,28,2,35,241,3,0.9749279121818236,-0.22252093395631434,-0.8660254037844385,-0.5000000000000004,-0.8452490573530634,-0.5343725582809785,598.0,0.2,0.1278238257760442,1.0342465753424657,5,131.0,136.0,167.0,129.0,136.57142857142858,143.92857142857142,138.26666666666668,8.753230696094075,125.0,136.0,2093.0,299.0,125.0,26.0,1.0
2024-08-31,B073496Y7S,boAt Rockerz Wireless Bluetooth Earbuds,2990.0,2392.0,20,3.9,8814,9693,1264,0,1,117,117,1,124,2024,8,31,5,35,244,3,-0.9749279121818236,-0.2225209339563146,-0.8660254037844385,-0.5000000000000004,-0.8717063187093217,-0.4900286664290594,598.0,0.2,0.13040338388527803,0.9435483870967742,-7,146.0,136.0,143.0,138.0,138.0,142.42857142857142,138.83333333333334,9.433981132056385,146.0,83.0,2392.0,0.0,151.0,-34.0,1.0
2024-09-02,B073496Y7S,boAt Rockerz Wireless Bluetooth Earbuds,2990.0,2392.0,20,4.0,9380,7230,629,0,0,126,116,0,116,2024,9,2,0,36,246,3,0.0,1.0,-1.0,-1.8369701987210297e-16,-0.888057322629493,-0.4597327394521046,598.0,0.2,0.08699861687413554,1.0862068965517242,10,124.0,139.0,158.0,178.0,136.28571428571428,141.07142857142858,138.36666666666667,10.8430359480832,117.0,138.0,2392.0,0.0,117.0,9.0,1.0
2024-09-05,B073496Y7S,boAt Rockerz Wireless Bluetooth Earbuds,2990.0,2392.0,20,4.3,14138,12781,1783,0,0,244,149,0,149,2024,9,5,3,36,249,3,0.43388373911755823,-0.900968867902419,-1.0,-1.8369701987210297e-16,-0.9106046300942162,-0.41327860778290443,598.0,0.2,0.13950395117752915,1.6375838926174497,95,116.0,122.0,144.0,153.0,133.0,138.07142857142858,136.3,13.127579111676665,116.0,122.0,2392.0,0.0,126.0,118.0,1.0
2024-09-13,B073496Y7S,boAt Rockerz Wireless Bluetooth Earbuds,2990.0,2392.0,20,4.3,8093,15657,1633,0,0,195,155,0,155,2024,9,13,4,37,257,3,-0.433883739117558,-0.9009688679024191,-1.0,-1.8369701987210297e-16,-0.9587178169872964,-0.2843591872810036,598.0,0.2,0.10429839688318324,1.2580645161290323,40,149.0,142.0,129.0,159.0,136.85714285714286,138.42857142857142,136.16666666666666,13.322019009001089,149.0,142.0,2392.0,0.0,244.0,-49.0,1.0
2024-09-18,B073496Y7S,boAt Rockerz Wireless Bluetooth Earbuds,2990.0,2093.0,30,3.9,10007,12879,1721,0,0,228,150,0,150,2024,9,18,2,38,262,3,0.9749279121818236,-0.22252093395631434,-1.0,-1.8369701987210297e-16,-0.9796136916454901,-0.20089055513063528,897.0,0.3,0.1336283872971504,1.52,78,155.0,150.0,169.0,116.0,138.71428571428572,140.28571428571428,136.03333333333333,14.963447527383442,155.0,150.0,2392.0,-299.0,195.0,33.0,1.0
2024-09-24,B073496Y7S,boAt Rockerz Wireless Bluetooth Earbuds,2990.0,1495.0,50,4.3,7179,39137,7840,1,0,509,436,0,436,2024,9,24,1,39,268,3,0.7818314824680298,0.6234898018587336,-1.0,-1.8369701987210297e-16,-0.9951053111006974,-0.09882013873287211,1495.0,0.5,0.20032194598461814,1.1674311926605505,73,150.0,131.0,149.0,138.0,138.71428571428572,138.92857142857142,137.16666666666666,14.963447527383442,150.0,125.0,2093.0,-598.0,228.0,281.0,1.0
2024-09-26,B073496Y7S,boAt Rockerz Wireless Bluetooth Earbuds,2990.0,1196.0,60,4.0,10139,30522,6136,1,0,427,398,0,398,2024,9,26,3,39,270,3,0.43388373911755823,-0.900968867902419,-1.0,-1.8369701987210297e-16,-0.9979171608653922,-0.06450844944931625,1794.0,0.6,0.20103531878644912,1.0728643216080402,29,436.0,146.0,136.0,162.0,182.28571428571428,159.42857142857142,147.1,112.82244795210194,436.0,146.0,1495.0,-299.0,509.0,-82.0,1.0
2024-09-27,B073496Y7S,boAt Rockerz Wireless Bluetooth Earbuds,2990.0,1794.0,40,4.1,16438,31059,5720,1,0,299,299,1,366,2024,9,27,4,39,271,3,-0.433883739117558,-0.9009688679024191,-1.0,-1.8369701987210297e-16,-0.9988797155850335,-0.04732138832243232,1196.0,0.4,0.18416562027109695,0.8169398907103825,-67,398.0,124.0,136.0,97.0,218.28571428571428,178.14285714285714,154.96666666666667,136.9412456563206,398.0,117.0,1196.0,598.0,427.0,-128.0,1.0
2024-10-01,B073496Y7S,boAt Rockerz Wireless Bluetooth Earbuds,2990.0,1196.0,60,4.0,13398,45041,7599,1,0,512,481,0,481,2024,10,1,1,40,275,4,0.7818314824680298,0.6234898018587336,-0.8660254037844386,0.5000000000000001,-0.9997685019798909,0.021516097436222233,1794.0,0.6,0.16871295042294798,1.0644490644490645,31,366.0,116.0,139.0,124.0,252.85714285714286,194.57142857142858,163.93333333333334,139.6906446061302,299.0,116.0,1794.0,-598.0,299.0,213.0,1.0
2024-10-05,B073496Y7S,boAt Rockerz Wireless Bluetooth Earbuds,2990.0,1196.0,60,4.1,12623,39414,5010,1,1,684,453,0,453,2024,10,5,5,40,279,4,-0.9749279121818236,-0.2225209339563146,-0.8660254037844386,0.5000000000000001,-0.9959189961471792,0.0902516100310407,1794.0,0.6,0.1271121936367788,1.509933774834437,231,481.0,149.0,122.0,114.0,305.0,219.0,175.83333333333334,147.96846510884217,481.0,149.0,1196.0,0.0,512.0,172.0,1.0
2024-10-08,B073496Y7S,boAt Rockerz Wireless Bluetooth Earbuds,2990.0,1046.5,65,4.2,8237,55494,7818,1,0,892,562,0,562,2024,10,8,1,41,282,4,0.7818314824680298,0.6234898018587336,-0.8660254037844386,0.5000000000000001,-0.989932495087353,0.141540295217043,1943.5,0.65,0.14088009514542113,1.5871886120996441,330,453.0,155.0,142.0,128.0,348.42857142857144,242.64285714285714,187.13333333333333,138.88467295188607,453.0,155.0,1196.0,-149.5,684.0,208.0,1.0
2024-10-14,B073496Y7S,boAt Rockerz Wireless Bluetooth Earbuds,2990.0,1046.5,65,3.9,16110,37045,5005,1,0,624,457,0,457,2024,10,14,0,42,288,4,0.0,1.0,-0.8660254037844386,0.5000000000000001,-0.970063921851507,0.2428497220959358,1943.5,0.65,0.13510595222027263,1.3654266958424508,167,562.0,150.0,150.0,118.0,406.57142857142856,272.64285714285717,201.6,129.27213819801108,562.0,150.0,1046.5,0.0,892.0,-268.0,1.0
2024-10-16,B073496Y7S,boAt Rockerz Wireless Bluetooth Earbuds,2990.0,1794.0,40,3.9,11694,8914,806,0,0,77,77,1,140,2024,10,16,2,42,290,4,0.9749279121818236,-0.22252093395631434,-0.8660254037844386,0.5000000000000001,-0.9611297838723007,0.27609697309746883,1196.0,0.4,0.09041956472963877,0.55,-63,457.0,436.0,131.0,117.0,450.42857142857144,294.57142857142856,212.9,62.606861026719805,457.0,436.0,1046.5,747.5,624.0,-547.0,1.0
2024-10-27,B073496Y7S,boAt Rockerz Wireless Bluetooth Earbuds,2990.0,2392.0,20,4.1,8922,7617,556,0,1,210,107,0,107,2024,10,27,6,43,301,4,-0.7818314824680299,0.6234898018587334,-0.8660254037844386,0.5000000000000001,-0.8919813464595487,0.45207220393230374,598.0,0.2,0.07299461730340029,1.9626168224299065,103,140.0,398.0,146.0,132.0,408.14285714285717,295.2142857142857,213.66666666666666,133.64059833676848,77.0,398.0,1794.0,598.0,77.0,133.0,1.0
2024-11-10,B073496Y7S,boAt Rockerz Wireless Bluetooth Earbuds,2990.0,1495.0,50,4.4,15661,43921,7064,1,1,798,476,0,476,2024,11,10,6,45,315,4,-0.7818314824680299,0.6234898018587334,-0.5000000000000004,0.8660254037844384,-0.7583058084785625,0.6518989958787125,1495.0,0.5,0.16083422508594977,1.6764705882352942,322,107.0,366.0,124.0,130.0,366.57142857142856,292.42857142857144,212.83333333333334,175.90040472083157,107.0,299.0,2392.0,-897.0,210.0,588.0,1.0
2024-11-13,B073496Y7S,boAt Rockerz Wireless Bluetooth Earbuds,2990.0,1794.0,40,3.8,13897,44064,5934,1,0,432,432,1,453,2024,11,13,2,46,318,4,0.9749279121818236,-0.22252093395631434,-0.5000000000000004,0.8660254037844384,-0.7236440382959124,0.690173388242972,1196.0,0.4,0.13466775599128541,0.9536423841059603,-21,476.0,481.0,116.0,167.0,382.2857142857143,317.57142857142856,224.36666666666667,180.6891569203072,476.0,481.0,1495.0,299.0,798.0,-366.0,1.0
2024-11-20,B073496Y7S,boAt Rockerz Wireless Bluetooth Earbuds,2990.0,1794.0,40,4.0,15350,6920,626,0,0,290,152,0,152,2024,11,20,2,47,325,4,0.9749279121818236,-0.22252093395631434,-0.5000000000000004,0.8660254037844384,-0.6354323008901775,0.7721565844991641,1196.0,0.4,0.09046242774566474,1.9078947368421053,138,453.0,453.0,149.0,143.0,378.2857142857143,341.64285714285717,233.9,178.43552924022183,432.0,453.0,1794.0,0.0,432.0,-142.0,1.0
2024-11-22,B073496Y7S,boAt Rockerz Wireless Bluetooth Earbuds,2990.0,1495.0,50,3.8,11445,11827,1750,0,0,233,162,0,162,2024,11,22,4,47,327,4,-0.433883739117558,-0.9009688679024191,-0.5000000000000004,0.8660254037844384,-0.6084768701151264,0.7935716089521472,1495.0,0.5,0.14796651729094445,1.4382716049382716,71,152.0,562.0,155.0,158.0,335.2857142857143,341.85714285714283,234.2,193.09558452203078,152.0,562.0,1794.0,-299.0,290.0,-57.0,1.0
2024-11-24,B073496Y7S,boAt Rockerz Wireless Bluetooth Earbuds,2990.0,2392.0,20,4.4,13433,5988,1003,0,1,86,86,1,91,2024,11,24,6,47,329,4,-0.7818314824680299,0.6234898018587334,-0.5000000000000004,0.8660254037844384,-0.5808002734538013,0.8140460935082175,598.0,0.2,0.16750167000668004,0.945054945054945,-5,162.0,457.0,150.0,144.0,278.14285714285717,342.35714285714283,234.33333333333334,172.95801857813984,162.0,457.0,1495.0,897.0,233.0,-147.0,1.0
2024-11-30,B073496Y7S,boAt Rockerz Wireless Bluetooth Earbuds,2990.0,2392.0,20,3.9,12150,5500,602,0,1,162,102,0,102,2024,11,30,5,48,335,4,-0.9749279121818236,-0.2225209339563146,-0.5000000000000004,0.8660254037844384,-0.49377555015997737,0.8695893893466109,598.0,0.2,0.10945454545454546,1.588235294117647,60,91.0,140.0,436.0,129.0,225.85714285714286,338.14285714285717,232.56666666666666,165.01659368219964,86.0,77.0,2392.0,0.0,86.0,76.0,1.0
2024-12-11,B073496Y7S,boAt Rockerz Wireless Bluetooth Earbuds,2990.0,2392.0,20,4.3,16824,13079,1579,0,0,214,149,0,149,2024,12,11,2,50,346,4,0.9749279121818236,-0.22252093395631434,-2.4492935982947064e-16,1.0,-0.32126966169236515,0.9469877530760751,598.0,0.2,0.12072788439483141,1.436241610738255,65,102.0,107.0,398.0,169.0,220.42857142857142,314.2857142857143,231.66666666666666,168.89134292285587,102.0,107.0,2392.0,0.0,162.0,52.0,1.0
2024-12-15,B073496Y7S,boAt Rockerz Wireless Bluetooth Earbuds,2990.0,1794.0,40,4.2,7314,7401,758,0,1,255,144,0,144,2024,12,15,6,50,350,4,-0.7818314824680299,0.6234898018587334,-2.4492935982947064e-16,1.0,-0.2553532951161881,0.9668478136052773,1196.0,0.4,0.10241859208215107,1.7708333333333333,111,149.0,476.0,366.0,149.0,226.42857142857142,296.5,231.0,164.8887070550488,149.0,476.0,2392.0,-598.0,214.0,41.0,1.0
2024-12-17,B073496Y7S,boAt Rockerz Wireless Bluetooth Earbuds,2990.0,2392.0,20,4.3,9933,8950,963,0,0,129,120,0,120,2024,12,17,1,51,352,4,0.7818314824680298,0.6234898018587336,-2.4492935982947064e-16,1.0,-0.22192151300416674,0.9750645322571945,598.0,0.2,0.1075977653631285,1.075,9,144.0,453.0,481.0,136.0,179.0,280.64285714285717,230.83333333333334,123.75513457361403,144.0,432.0,1794.0,598.0,255.0,-126.0,1.0
2024-12-30,B073496Y7S,boAt Rockerz Wireless Bluetooth Earbuds,2990.0,2392.0,20,3.9,12145,9857,1024,0,0,205,114,0,114,2024,12,30,0,1,365,4,0.0,1.0,-2.4492935982947064e-16,1.0,6.432490598706546e-16,1.0,598.0,0.2,0.10388556355889215,1.7982456140350878,91,120.0,152.0,453.0,136.0,131.42857142857142,254.85714285714286,230.3,27.25103755123894,120.0,152.0,2392.0,0.0,129.0,76.0,1.0
2025-01-03,B073496Y7S,boAt Rockerz Wireless Bluetooth Earbuds,2990.0,1794.0,40,3.8,11706,8384,931,0,0,186,140,0,140,2025,1,3,4,1,3,1,-0.433883739117558,-0.9009688679024191,0.49999999999999994,0.8660254037844387,0.051619667223253764,0.998666816288476,1196.0,0.4,0.11104484732824428,1.3285714285714285,46,114.0,162.0,562.0,139.0,126.0,230.64285714285714,229.56666666666666,26.236107434856283,114.0,162.0,2392.0,-598.0,205.0,-19.0,1.0
2025-01-04,B073496Y7S,boAt Rockerz Wireless Bluetooth Earbuds,2990.0,2093.0,30,4.0,11900,7497,715,0,1,135,128,0,128,2025,1,4,5,1,4,1,-0.9749279121818236,-0.2225209339563146,0.49999999999999994,0.8660254037844387,0.06880242680231986,0.9976303053065857,897.0,0.3,0.09537148192610377,1.0546875,7,140.0,91.0,457.0,122.0,122.85714285714286,200.5,229.6,22.214323993229648,140.0,86.0,1794.0,299.0,186.0,-51.0,1.0
2025-01-16,B073496Y7S,boAt Rockerz Wireless Bluetooth Earbuds,2990.0,2392.0,20,4.0,9669,3918,538,0,0,120,97,0,97,2025,1,16,3,3,16,1,0.43388373911755823,-0.900968867902419,0.49999999999999994,0.8660254037844387,0.2719581575341055,0.9623090774541486,598.0,0.2,0.13731495661051557,1.2371134020618557,23,128.0,102.0,140.0,142.0,128.14285714285714,177.0,229.8,17.20880173466022,128.0,102.0,2093.0,299.0,135.0,-15.0,1.0
2025-01-17,B073496Y7S,boAt Rockerz Wireless Bluetooth Earbuds,2990.0,2392.0,20,4.3,7478,11900,1409,0,0,255,140,0,140,2025,1,17,4,3,17,1,-0.433883739117558,-0.9009688679024191,0.49999999999999994,0.8660254037844387,0.288482432880609,0.9574851883550393,598.0,0.2,0.11840336134453781,1.8214285714285714,115,97.0,149.0,107.0,150.0,127.42857142857143,173.92857142857142,228.3,18.527971132471624,97.0,149.0,2392.0,0.0,120.0,135.0,1.0
2025-01-24,B073496Y7S,boAt Rockerz Wireless Bluetooth Earbuds,2990.0,2392.0,20,4.3,11936,6881,1041,0,0,82,82,1,107,2025,1,24,4,4,24,1,-0.433883739117558,-0.9009688679024191,0.49999999999999994,0.8660254037844387,0.401487989205973,0.9158642882672872,598.0,0.2,0.15128615026885628,0.7663551401869159,-25,140.0,144.0,476.0,131.0,126.14285714285714,176.28571428571428,227.96666666666667,17.033580279637185,140.0,144.0,2392.0,0.0,255.0,-173.0,1.0
2025-01-25,B073496Y7S,boAt Rockerz Wireless Bluetooth Earbuds,2990.0,2392.0,20,4.5,11940,14901,1664,0,1,139,139,1,170,2025,1,25,5,4,25,1,-0.9749279121818236,-0.2225209339563146,0.49999999999999994,0.8660254037844387,0.4171936026123168,0.9088176373395029,598.0,0.2,0.11167035769411449,0.8176470588235294,-31,107.0,120.0,453.0,146.0,120.85714285714286,149.92857142857142,227.16666666666666,16.29344010564309,82.0,120.0,2392.0,0.0,82.0,57.0,1.0
2025-01-26,B073496Y7S,boAt Rockerz Wireless Bluetooth Earbuds,2990.0,1794.0,40,3.9,15631,36306,6126,1,1,780,400,0,400,2025,1,26,6,4,26,1,-0.7818314824680299,0.6234898018587334,0.49999999999999994,0.8660254037844387,0.4327755925504312,0.901501684131884,1196.0,0.4,0.1687324409188564,1.95,380,170.0,114.0,152.0,124.0,128.0,129.71428571428572,227.96666666666667,24.66441431158098,139.0,114.0,2392.0,-598.0,139.0,641.0,1.0
2025-01-29,B073496Y7S,boAt Rockerz Wireless Bluetooth Earbuds,2990.0,1794.0,40,4.0,14406,6743,1157,0,0,243,128,0,128,2025,1,29,2,5,29,1,0.9749279121818236,-0.22252093395631434,0.49999999999999994,0.8660254037844387,0.47873384011578846,0.8779600847008882,1196.0,0.4,0.17158534776805576,1.8984375,115,400.0,140.0,162.0,116.0,168.85714285714286,147.42857142857142,237.16666666666666,104.68433275237277,400.0,140.0,1794.0,0.0,780.0,-537.0,1.0
2025-01-31,B073496Y7S,boAt Rockerz Wireless Bluetooth Earbuds,2990.0,2392.0,20,4.3,16773,11365,1272,0,0,141,140,0,140,2025,1,31,4,5,31,1,-0.433883739117558,-0.9009688679024191,0.49999999999999994,0.8660254037844387,0.5086709438521044,0.8609610158889943,598.0,0.2,0.111922569291685,1.0071428571428571,1,128.0,128.0,91.0,149.0,167.14285714285714,145.0,237.56666666666666,105.33190173831244,128.0,128.0,1794.0,598.0,243.0,-102.0,1.0
2025-02-04,B073496Y7S,boAt Rockerz Wireless Bluetooth Earbuds,2990.0,2093.0,30,3.9,16284,14155,1667,0,0,237,168,0,168,2025,2,4,1,6,35,1,0.7818314824680298,0.6234898018587336,0.8660254037844386,0.5000000000000001,0.5667017562911176,0.8239230057575542,897.0,0.3,0.11776757329565525,1.4107142857142858,69,140.0,97.0,102.0,155.0,168.85714285714286,148.5,237.26666666666668,104.68433275237277,140.0,97.0,2392.0,-299.0,141.0,96.0,1.0
2025-02-05,B073496Y7S,boAt Rockerz Wireless Bluetooth Earbuds,2990.0,2392.0,20,4.0,14087,8201,1057,0,0,131,120,0,120,2025,2,5,2,6,36,1,0.9749279121818236,-0.22252093395631434,0.8660254037844386,0.5000000000000001,0.5808002734538009,0.8140460935082178,598.0,0.2,0.12888672113156932,1.0916666666666666,11,168.0,140.0,149.0,150.0,179.0,153.21428571428572,237.7,99.8916079224542,168.0,140.0,2093.0,299.0,237.0,-106.0,1.0
2025-02-10,B073496Y7S,boAt Rockerz Wireless Bluetooth Earbuds,2990.0,2392.0,20,4.3,14107,5778,620,0,0,180,105,0,105,2025,2,10,0,7,41,1,0.0,1.0,0.8660254037844386,0.5000000000000001,0.6486295610349814,0.7611042586607747,598.0,0.2,0.10730356524749048,1.7142857142857142,75,120.0,107.0,144.0,436.0,176.14285714285714,151.14285714285714,236.7,101.46662599335889,120.0,82.0,2392.0,0.0,131.0,49.0,1.0
2025-02-13,B073496Y7S,boAt Rockerz Wireless Bluetooth Earbuds,2990.0,1495.0,50,4.0,16283,16769,1738,0,0,294,200,0,200,2025,2,13,3,7,44,1,0.43388373911755823,-0.900968867902419,0.8660254037844386,0.5000000000000001,0.6870527672236669,0.7266075247685656,1495.0,0.5,0.1036436281233228,1.47,94,105.0,170.0,120.0,398.0,175.85714285714286,148.35714285714286,225.66666666666666,101.69632666494321,105.0,139.0,2392.0,-897.0,180.0,114.0,1.0
2025-03-01,B073496Y7S,boAt Rockerz Wireless Bluetooth Earbuds,2990.0,2392.0,20,4.0,8817,8076,1023,0,1,72,72,1,113,2025,3,1,5,9,60,1,-0.9749279121818236,-0.2225209339563146,1.0,6.123233995736766e-17,0.8587639582758029,0.5123714121284237,598.0,0.2,0.12667161961367013,0.6371681415929203,-41,200.0,400.0,114.0,366.0,180.14285714285714,154.07142857142858,219.06666666666666,102.03990815922386,200.0,400.0,1495.0,897.0,294.0,-222.0,1.0
2025-03-02,B073496Y7S,boAt Rockerz Wireless Bluetooth Earbuds,2990.0,2093.0,30,4.0,16654,5061,936,0,1,157,111,0,111,2025,3,2,6,9,61,1,-0.7818314824680299,0.6234898018587334,1.0,6.123233995736766e-17,0.8674563547295969,0.49751328890718066,897.0,0.3,0.18494368701837582,1.4144144144144144,46,113.0,128.0,140.0,481.0,139.14285714285714,154.0,210.63333333333333,33.85473168026658,72.0,128.0,2392.0,-299.0,72.0,85.0,1.0
2025-03-03,B073496Y7S,boAt Rockerz Wireless Bluetooth Earbuds,2990.0,1794.0,40,4.5,10236,5404,725,0,0,243,125,0,125,2025,3,3,0,10,62,1,0.0,1.0,1.0,6.123233995736766e-17,0.8758917051442429,0.48250774176121847,1196.0,0.4,0.134159881569208,1.944,118,111.0,140.0,128.0,453.0,136.71428571428572,151.92857142857142,198.3,35.36341935632664,111.0,140.0,2093.0,-299.0,157.0,86.0,1.0
2025-03-07,B073496Y7S,boAt Rockerz Wireless Bluetooth Earbuds,2990.0,1794.0,40,4.2,13934,7097,895,0,0,185,145,0,145,2025,3,7,4,10,66,1,-0.433883739117558,-0.9009688679024191,1.0,6.123233995736766e-17,0.9070138128026359,0.4211008707960896,1196.0,0.4,0.12610962378469776,1.2758620689655173,40,125.0,168.0,97.0,562.0,134.57142857142858,151.71428571428572,187.36666666666667,35.58490851872045,125.0,168.0,1794.0,0.0,243.0,-58.0,1.0
2025-03-13,B073496Y7S,boAt Rockerz Wireless Bluetooth Earbuds,2990.0,2093.0,30,4.0,14668,8591,725,0,0,124,119,0,119,2025,3,13,3,11,72,1,0.43388373911755823,-0.900968867902419,1.0,6.123233995736766e-17,0.9455963874271426,0.3253420847119801,897.0,0.3,0.0843906413688744,1.0420168067226891,5,145.0,120.0,140.0,457.0,131.28571428571428,155.14285714285714,173.46666666666667,32.94801099567951,145.0,120.0,1794.0,299.0,185.0,-61.0,1.0
2025-03-15,B073496Y7S,boAt Rockerz Wireless Bluetooth Earbuds,2990.0,2392.0,20,4.1,12875,12418,1785,0,1,107,107,1,149,2025,3,15,5,11,74,1,-0.9749279121818236,-0.2225209339563146,1.0,6.123233995736766e-17,0.9562348265919056,0.29260033563334836,598.0,0.2,0.14374295377677565,0.7181208053691275,-42,119.0,105.0,107.0,140.0,131.14285714285714,153.64285714285714,162.2,33.00721421865498,119.0,105.0,2093.0,299.0,124.0,-17.0,1.0
2025-04-02,B073496Y7S,boAt Rockerz Wireless Bluetooth Earbuds,2990.0,2093.0,30,4.1,16578,6919,1188,0,0,106,106,1,109,2025,4,2,2,14,92,2,0.9749279121818236,-0.22252093395631434,0.8660254037844387,-0.4999999999999998,0.9999166586547379,-0.01291029607500882,897.0,0.3,0.17170111287758347,0.9724770642201835,-3,149.0,200.0,170.0,107.0,137.42857142857142,156.64285714285714,162.5,31.34675497749386,107.0,200.0,2392.0,-299.0,107.0,-1.0,1.0
2025-04-05,B073496Y7S,boAt Rockerz Wireless Bluetooth Earbuds,2990.0,2392.0,20,4.5,16062,7858,1530,0,1,163,116,0,116,2025,4,5,5,14,95,2,-0.9749279121818236,-0.2225209339563146,0.8660254037844387,-0.4999999999999998,0.9979171608653922,-0.06450844944931623,598.0,0.2,0.19470603206922882,1.4051724137931034,47,109.0,113.0,400.0,476.0,124.42857142857143,152.28571428571428,162.56666666666666,16.359066220876954,106.0,72.0,2093.0,299.0,106.0,57.0,1.0
2025-04-11,B073496Y7S,boAt Rockerz Wireless Bluetooth Earbuds,2990.0,1495.0,50,4.0,12994,9200,1251,0,0,181,153,0,153,2025,4,11,4,15,101,2,-0.433883739117558,-0.9009688679024191,0.8660254037844387,-0.4999999999999998,0.9859481499638304,-0.16705162550211924,1495.0,0.5,0.13597826086956522,1.1830065359477124,28,116.0,111.0,128.0,453.0,124.85714285714286,132.0,150.56666666666666,16.046064641406012,116.0,111.0,2392.0,-897.0,163.0,18.0,1.0
2025-04-14,B073496Y7S,boAt Rockerz Wireless Bluetooth Earbuds,2990.0,2392.0,20,4.4,16095,11810,1474,0,0,135,135,1,149,2025,4,14,0,16,104,2,0.0,1.0,0.8660254037844387,-0.4999999999999998,0.9760105506323683,-0.21772323039653177,598.0,0.2,0.124809483488569,0.9060402684563759,-14,153.0,125.0,140.0,152.0,130.85714285714286,133.78571428571428,140.56666666666666,17.761649430055186,153.0,125.0,1495.0,897.0,181.0,-46.0,1.0
2025-04-16,B073496Y7S,boAt Rockerz Wireless Bluetooth Earbuds,2990.0,2093.0,30,4.3,7640,10374,1290,0,0,94,94,1,146,2025,4,16,2,16,106,2,0.9749279121818236,-0.22252093395631434,0.8660254037844387,-0.4999999999999998,0.9679377830240642,-0.25119006388481935,897.0,0.3,0.12434933487565067,0.6438356164383562,-52,149.0,145.0,168.0,162.0,134.28571428571428,134.42857142857142,140.46666666666667,18.732452106031154,135.0,145.0,2392.0,-299.0,135.0,-41.0,1.0
2025-04-18,B073496Y7S,boAt Rockerz Wireless Bluetooth Earbuds,2990.0,2392.0,20,4.2,12667,8339,741,0,0,114,114,1,118,2025,4,18,4,16,108,2,-0.433883739117558,-0.9009688679024191,0.8660254037844387,-0.4999999999999998,0.9587178169872964,-0.2843591872810034,598.0,0.2,0.0888595754886677,0.9661016949152542,-4,146.0,119.0,120.0,91.0,134.42857142857142,132.85714285714286,139.93333333333334,18.831331541317958,94.0,119.0,2093.0,299.0,94.0,20.0,1.0
2025-04-19,B073496Y7S,boAt Rockerz Wireless Bluetooth Earbuds,2990.0,1794.0,40,4.0,14896,14608,1941,0,1,243,173,0,173,2025,4,19,5,16,109,2,-0.9749279121818236,-0.2225209339563146,0.8660254037844387,-0.4999999999999998,0.9536809966304457,-0.30081980763566735,1196.0,0.4,0.1328723986856517,1.4046242774566473,70,118.0,149.0,105.0,102.0,134.28571428571428,132.71428571428572,140.83333333333334,18.97115605082492,114.0,107.0,2392.0,-598.0,114.0,129.0,1.0
2025-04-20,B073496Y7S,boAt Rockerz Wireless Bluetooth Earbuds,2990.0,1495.0,50,4.1,12127,4496,544,0,1,71,71,1,123,2025,4,20,6,16,110,2,-0.7818314824680299,0.6234898018587334,0.8660254037844387,-0.4999999999999998,0.9483615800121715,-0.3171912885891061,1495.0,0.5,0.12099644128113879,0.5772357723577236,-52,173.0,109.0,200.0,149.0,137.71428571428572,137.57142857142858,143.2,23.6623067748001,173.0,106.0,1794.0,-299.0,243.0,-172.0,1.0
2025-04-24,B073496Y7S,boAt Rockerz Wireless Bluetooth Earbuds,2990.0,1495.0,50,3.9,16260,9994,1138,0,0,90,90,1,158,2025,4,24,3,17,114,2,0.43388373911755823,-0.900968867902419,0.8660254037844387,-0.4999999999999998,0.9242907221930933,-0.3816892202666588,1495.0,0.5,0.11386832099259556,0.569620253164557,-68,123.0,116.0,113.0,144.0,139.71428571428572,132.07142857142858,142.33333333333334,21.305040762804243,71.0,116.0,1495.0,0.0,71.0,19.0,1.0
2025-04-26,B073496Y7S,boAt Rockerz Wireless Bluetooth Earbuds,2990.0,1794.0,40,4.4,15407,11170,1408,0,1,271,156,0,156,2025,4,26,5,17,116,2,-0.9749279121818236,-0.2225209339563146,0.8660254037844387,-0.4999999999999998,0.9106046300942162,-0.4132786077829042,1196.0,0.4,0.12605192479856758,1.7371794871794872,115,158.0,153.0,111.0,120.0,145.71428571428572,135.28571428571428,142.8,19.33661712670419,90.0,153.0,1495.0,299.0,90.0,181.0,1.0
2025-04-29,B073496Y7S,boAt Rockerz Wireless Bluetooth Earbuds,2990.0,2093.0,30,4.0,14488,11426,954,0,0,195,139,0,139,2025,4,29,1,18,119,2,0.7818314824680298,0.6234898018587336,0.8660254037844387,-0.4999999999999998,0.8880573226294932,-0.45973273945210397,897.0,0.3,0.08349378610187293,1.4028776978417266,56,156.0,149.0,125.0,114.0,146.14285714285714,138.5,144.0,19.55699850376275,156.0,135.0,1794.0,299.0,271.0,-76.0,1.0
2025-04-30,B073496Y7S,boAt Rockerz Wireless Bluetooth Earbuds,2990.0,2093.0,30,3.9,7641,5547,638,0,0,77,77,1,95,2025,4,30,2,18,120,2,0.9749279121818236,-0.22252093395631434,0.8660254037844387,-0.4999999999999998,0.8800122039735357,-0.47495107206704995,897.0,0.3,0.1150171263746169,0.8105263157894737,-18,139.0,146.0,145.0,140.0,144.71428571428572,139.5,144.83333333333334,19.678366172985076,139.0,94.0,2093.0,0.0,195.0,-118.0,1.0
2025-05-09,B073496Y7S,boAt Rockerz Wireless Bluetooth Earbuds,2990.0,2392.0,20,4.1,14578,6621,550,0,0,156,103,0,103,2025,5,9,4,19,129,2,-0.433883739117558,-0.9009688679024191,0.49999999999999994,-0.8660254037844387,0.7961828637826158,-0.6050560696488488,598.0,0.2,0.08306902280622262,1.5145631067961165,53,95.0,118.0,119.0,128.0,137.42857142857142,135.92857142857142,143.33333333333334,27.14686687174729,77.0,114.0,2093.0,299.0,77.0,79.0,1.0
2025-05-10,B073496Y7S,boAt Rockerz Wireless Bluetooth Earbuds,2990.0,1794.0,40,3.9,10343,10494,1278,0,1,123,123,1,145,2025,5,10,5,19,130,2,-0.9749279121818236,-0.2225209339563146,0.49999999999999994,-0.8660254037844387,0.7856498550787147,-0.6186714032625031,1196.0,0.4,0.12178387650085763,0.8482758620689655,-22,103.0,173.0,149.0,97.0,135.28571428571428,134.78571428571428,142.5,29.431923063878873,103.0,173.0,2392.0,-598.0,156.0,-33.0,1.0
2025-05-11,B073496Y7S,boAt Rockerz Wireless Bluetooth Earbuds,2990.0,1495.0,50,4.5,13366,13039,1212,0,1,351,199,0,199,2025,5,11,6,19,131,2,-0.7818314824680299,0.6234898018587334,0.49999999999999994,-0.8660254037844387,0.7748840413670407,-0.6321034111873487,1495.0,0.5,0.09295191349029834,1.763819095477387,152,145.0,123.0,109.0,140.0,131.28571428571428,134.5,144.1,25.024749653854396,123.0,71.0,1794.0,-299.0,123.0,228.0,1.0
2025-05-12,B073496Y7S,boAt Rockerz Wireless Bluetooth Earbuds,2990.0,2093.0,30,4.3,7856,11577,1310,0,0,183,151,0,151,2025,5,12,0,20,132,2,0.0,1.0,0.49999999999999994,-0.8660254037844387,0.7638886127905428,-0.6453481132295501,897.0,0.3,0.11315539431631684,1.2119205298013245,32,199.0,158.0,116.0,107.0,142.14285714285714,140.92857142857142,146.06666666666666,35.23458798504929,199.0,90.0,1495.0,598.0,351.0,-168.0,1.0
2025-05-15,B073496Y7S,boAt Rockerz Wireless Bluetooth Earbuds,2990.0,2093.0,30,4.1,11564,12301,1736,0,0,222,149,0,149,2025,5,15,3,20,135,2,0.43388373911755823,-0.900968867902419,0.49999999999999994,-0.8660254037844387,0.7295575540864875,-0.6839194216246106,897.0,0.3,0.1411267376636046,1.4899328859060403,73,151.0,156.0,153.0,170.0,141.14285714285714,143.42857142857142,147.53333333333333,34.80626654032546,151.0,156.0,2093.0,0.0,183.0,39.0,1.0
2025-05-18,B073496Y7S,boAt Rockerz Wireless Bluetooth Earbuds,2990.0,2392.0,20,4.4,9438,12022,1688,0,1,235,131,0,131,2025,5,18,6,20,138,2,-0.7818314824680299,0.6234898018587334,0.49999999999999994,-0.8660254037844387,0.6932812268869777,-0.7206671495538609,598.0,0.2,0.1404092497088671,1.7938931297709924,104,149.0,139.0,149.0,400.0,140.14285714285714,143.14285714285714,146.83333333333334,34.40653315592132,149.0,139.0,2093.0,299.0,222.0,13.0,1.0
2025-05-21,B073496Y7S,boAt Rockerz Wireless Bluetooth Earbuds,2990.0,2392.0,20,4.0,9528,5250,667,0,0,151,95,0,95,2025,5,21,2,21,141,2,0.9749279121818236,-0.22252093395631434,0.49999999999999994,-0.8660254037844387,0.6551563572090853,-0.7554933140726803,598.0,0.2,0.12704761904761905,1.5894736842105264,56,131.0,95.0,146.0,128.0,139.0,141.85714285714286,137.86666666666667,34.58323293158101,131.0,77.0,2392.0,0.0,235.0,-84.0,1.0
2025-05-26,B073496Y7S,boAt Rockerz Wireless Bluetooth Earbuds,2990.0,2093.0,30,4.4,15432,7832,893,0,0,255,142,0,142,2025,5,26,0,22,146,2,0.0,1.0,0.49999999999999994,-0.8660254037844387,0.5877852522924732,-0.8090169943749473,897.0,0.3,0.1140194075587334,1.795774647887324,113,95.0,103.0,118.0,140.0,139.0,138.21428571428572,136.76666666666668,34.58323293158101,95.0,103.0,2392.0,-299.0,151.0,104.0,1.0
2025-06-02,B073496Y7S,boAt Rockerz Wireless Bluetooth Earbuds,2990.0,2392.0,20,4.3,16623,9672,1039,0,0,168,120,0,120,2025,6,2,0,23,153,2,0.0,1.0,1.2246467991473532e-16,-1.0,0.48627270710868997,-0.8738071036110808,598.0,0.2,0.10742349048800662,1.4,48,142.0,145.0,173.0,168.0,144.57142857142858,139.92857142857142,136.83333333333334,30.74549908987823,142.0,123.0,2093.0,299.0,255.0,-87.0,1.0
2025-06-11,B073496Y7S,boAt Rockerz Wireless Bluetooth Earbuds,2990.0,1495.0,50,3.9,8356,4935,522,0,0,221,132,0,132,2025,6,11,2,24,162,2,0.9749279121818236,-0.22252093395631434,1.2246467991473532e-16,-1.0,0.3456123126707335,-0.9383773917408641,1495.0,0.5,0.10577507598784194,1.6742424242424243,89,120.0,199.0,123.0,120.0,141.0,136.14285714285714,135.23333333333332,32.109188716004475,120.0,199.0,2392.0,-897.0,168.0,53.0,1.0
2025-06-25,B073496Y7S,boAt Rockerz Wireless Bluetooth Earbuds,2990.0,1794.0,40,4.1,13108,11528,1245,0,0,255,168,0,168,2025,6,25,2,26,176,2,0.9749279121818236,-0.22252093395631434,1.2246467991473532e-16,-1.0,0.11165900712169512,-0.993746580436178,1196.0,0.4,0.10799791811242193,1.5178571428571428,87,132.0,151.0,158.0,105.0,131.42857142857142,136.78571428571428,135.63333333333333,19.41526154735937,132.0,151.0,1495.0,299.0,221.0,34.0,1.0
2025-06-28,B073496Y7S,boAt Rockerz Wireless Bluetooth Earbuds,2990.0,2392.0,20,3.9,17664,9591,994,0,1,68,68,1,119,2025,6,28,5,26,179,2,-0.9749279121818236,-0.2225209339563146,1.2246467991473532e-16,-1.0,0.06021327736579302,-0.9981855344718586,598.0,0.2,0.1036388280679804,0.5714285714285714,-51,168.0,149.0,156.0,200.0,133.85714285714286,137.5,137.73333333333332,23.00310538042304,168.0,149.0,1794.0,598.0,255.0,-187.0,1.0
2025-06-29,B073496Y7S,boAt Rockerz Wireless Bluetooth Earbuds,2990.0,1794.0,40,4.0,12620,14199,1470,0,1,97,97,1,167,2025,6,29,6,26,180,2,-0.7818314824680299,0.6234898018587334,1.2246467991473532e-16,-1.0,0.04302223300453059,-0.99907411510223,1196.0,0.4,0.10352841749418973,0.5808383233532934,-70,119.0,131.0,139.0,113.0,129.57142857142858,134.85714285714286,135.03333333333333,22.50079363679657,68.0,131.0,2392.0,-598.0,68.0,29.0,1.0
2025-07-02,B073496Y7S,boAt Rockerz Wireless Bluetooth Earbuds,2990.0,2392.0,20,4.4,8391,9107,1120,0,0,173,128,0,128,2025,7,2,2,27,183,3,0.9749279121818236,-0.22252093395631434,-0.4999999999999997,-0.8660254037844388,-0.008606996888688009,-0.9999629591162655,598.0,0.2,0.12298232129131437,1.3515625,45,167.0,95.0,95.0,111.0,134.71428571428572,136.85714285714286,136.83333333333334,26.619005025947512,97.0,95.0,1794.0,598.0,97.0,76.0,1.0
2025-07-05,B073496Y7S,boAt Rockerz Wireless Bluetooth Earbuds,2990.0,2392.0,20,4.5,17052,13310,1878,0,1,260,148,0,148,2025,7,5,5,27,186,3,-0.9749279121818236,-0.2225209339563146,-0.4999999999999997,-0.8660254037844388,-0.060213277365792774,-0.9981855344718586,598.0,0.2,0.1410969196093163,1.7567567567567568,112,128.0,142.0,103.0,125.0,139.42857142857142,139.21428571428572,137.4,20.67089050538714,128.0,142.0,2392.0,0.0,173.0,87.0,1.0
2025-07-07,B073496Y7S,boAt Rockerz Wireless Bluetooth Earbuds,2990.0,2093.0,30,4.2,9475,14615,1868,0,0,302,164,0,164,2025,7,7,0,28,188,3,0.0,1.0,-0.4999999999999997,-0.8660254037844388,-0.09453674981719933,-0.9955213724144752,897.0,0.3,0.1278138898392063,1.8414634146341464,138,148.0,120.0,145.0,145.0,140.28571428571428,142.42857142857142,138.16666666666666,20.91820806310661,148.0,120.0,2392.0,-299.0,260.0,42.0,1.0
2025-07-16,B073496Y7S,boAt Rockerz Wireless Bluetooth Earbuds,2990.0,2093.0,30,3.9,10294,11618,1338,0,0,142,142,1,147,2025,7,16,2,29,197,3,0.9749279121818236,-0.22252093395631434,-0.4999999999999997,-0.8660254037844388,-0.24702218048093527,-0.9690098257244063,897.0,0.3,0.11516612153554828,0.9659863945578231,-5,164.0,132.0,199.0,119.0,146.57142857142858,143.78571428571428,138.8,20.41124806617755,164.0,132.0,2093.0,0.0,302.0,-160.0,1.0
2025-07-21,B073496Y7S,boAt Rockerz Wireless Bluetooth Earbuds,2990.0,2093.0,30,4.2,11566,8836,1359,0,0,88,88,1,141,2025,7,21,0,30,202,3,0.0,1.0,-0.4999999999999997,-0.8660254037844388,-0.3294084822245302,-0.9441875088341994,897.0,0.3,0.1538026256224536,0.624113475177305,-53,147.0,168.0,151.0,149.0,148.71428571428572,140.07142857142858,139.73333333333332,19.388263509266395,142.0,168.0,2093.0,0.0,142.0,-54.0,1.0
2025-07-24,B073496Y7S,boAt Rockerz Wireless Bluetooth Earbuds,2990.0,2392.0,20,4.0,16708,11255,1622,0,0,58,58,1,117,2025,7,24,3,30,205,3,0.43388373911755823,-0.900968867902419,-0.4999999999999997,-0.8660254037844388,-0.37770796520396466,-0.9259247771938499,598.0,0.2,0.14411372723234117,0.49572649572649574,-59,141.0,119.0,149.0,109.0,144.85714285714286,139.35714285714286,139.46666666666667,17.50646139218831,88.0,68.0,2093.0,299.0,88.0,-30.0,1.0
2025-07-26,B073496Y7S,boAt Rockerz Wireless Bluetooth Earbuds,2990.0,1495.0,50,3.9,8697,13530,1722,0,1,338,179,0,179,2025,7,26,5,30,207,3,-0.9749279121818236,-0.2225209339563146,-0.4999999999999997,-0.8660254037844388,-0.4093559588156211,-0.9123747579707274,1495.0,0.5,0.12727272727272726,1.888268156424581,159,117.0,167.0,131.0,116.0,144.57142857142858,137.07142857142858,139.73333333333332,18.00793475903619,58.0,97.0,2392.0,-897.0,58.0,280.0,1.0
2025-08-06,B073496Y7S,boAt Rockerz Wireless Bluetooth Earbuds,2990.0,2392.0,20,4.5,12841,12474,1972,0,0,222,153,0,153,2025,8,6,2,32,218,3,0.9749279121818236,-0.22252093395631434,-0.8660254037844385,-0.5000000000000004,-0.5737722679043243,-0.8190148866680802,598.0,0.2,0.1580888247554914,1.4509803921568627,69,179.0,128.0,95.0,153.0,146.28571428571428,140.5,141.83333333333334,20.846376869168843,179.0,128.0,1495.0,897.0,338.0,-116.0,1.0
2025-08-08,B073496Y7S,boAt Rockerz Wireless Bluetooth Earbuds,2990.0,2093.0,30,3.9,12379,11646,1142,0,0,152,146,0,146,2025,8,8,4,32,220,3,-0.433883739117558,-0.9009688679024191,-0.8660254037844385,-0.5000000000000004,-0.6016240632249227,-0.7987793728863648,897.0,0.3,0.09805941954319079,1.0410958904109588,6,153.0,148.0,142.0,149.0,149.85714285714286,144.64285714285714,141.83333333333334,19.273717609121988,153.0,148.0,2392.0,-299.0,222.0,-70.0,1.0
2025-08-10,B073496Y7S,boAt Rockerz Wireless Bluetooth Earbuds,2990.0,2392.0,20,4.2,11500,9573,1038,0,1,104,104,1,119,2025,8,10,6,32,222,3,-0.7818314824680299,0.6234898018587334,-0.8660254037844385,-0.5000000000000004,-0.6287628145958345,-0.7775971469736268,598.0,0.2,0.10842995926041993,0.8739495798319328,-15,146.0,164.0,120.0,146.0,149.57142857142858,144.92857142857142,141.73333333333332,19.320603362361716,146.0,164.0,2093.0,299.0,152.0,-48.0,1.0
2025-08-11,B073496Y7S,boAt Rockerz Wireless Bluetooth Earbuds,2990.0,2392.0,20,3.8,11759,9479,1057,0,0,196,125,0,125,2025,8,11,0,33,223,3,0.0,1.0,-0.8660254037844385,-0.5000000000000004,-0.6420547132365636,-0.7666588193001592,598.0,0.2,0.11150965291697436,1.568,71,119.0,147.0,132.0,118.0,143.14285714285714,144.85714285714286,140.83333333333334,21.122094052031084,104.0,142.0,2392.0,0.0,104.0,92.0,1.0
2025-08-14,B073496Y7S,boAt Rockerz Wireless Bluetooth Earbuds,2990.0,2392.0,20,3.9,16016,7153,1421,0,0,210,110,0,110,2025,8,14,3,33,226,3,0.43388373911755823,-0.900968867902419,-0.8660254037844385,-0.5000000000000004,-0.6807734094770159,-0.7324940716135792,598.0,0.2,0.1986579057738012,1.9090909090909092,100,125.0,141.0,168.0,173.0,140.0,144.35714285714286,141.06666666666666,22.068076490713693,125.0,88.0,2392.0,0.0,196.0,14.0,1.0
2025-08-15,B073496Y7S,boAt Rockerz Wireless Bluetooth Earbuds,2990.0,2093.0,30,4.1,17408,9016,1179,0,0,201,131,0,131,2025,8,15,4,33,227,3,-0.433883739117558,-0.9009688679024191,-0.8660254037844385,-0.5000000000000004,-0.6932812268869771,-0.7206671495538615,897.0,0.3,0.13076752440106476,1.534351145038168,70,110.0,117.0,119.0,123.0,135.57142857142858,140.21428571428572,138.96666666666667,24.7780624939153,110.0,58.0,2392.0,-299.0,210.0,-9.0,1.0
2025-08-20,B073496Y7S,boAt Rockerz Wireless Bluetooth Earbuds,2990.0,2392.0,20,4.3,12004,7516,1065,0,0,60,60,1,117,2025,8,20,2,34,232,3,0.9749279121818236,-0.22252093395631434,-0.8660254037844385,-0.5000000000000004,-0.7526668275320083,-0.6584015846980489,598.0,0.2,0.14169771154869612,0.5128205128205128,-57,131.0,179.0,167.0,158.0,137.57142857142858,141.07142857142858,139.23333333333332,23.564501146548913,131.0,179.0,2093.0,299.0,201.0,-141.0,1.0
2025-08-22,B073496Y7S,boAt Rockerz Wireless Bluetooth Earbuds,2990.0,1794.0,40,4.1,17445,10972,1694,0,0,310,158,0,158,2025,8,22,4,34,234,3,-0.433883739117558,-0.9009688679024191,-0.8660254037844385,-0.5000000000000004,-0.7748840413670406,-0.6321034111873488,1196.0,0.4,0.15439300036456435,1.9620253164556962,152,117.0,153.0,128.0,156.0,128.71428571428572,137.5,137.86666666666667,15.755573465859229,60.0,153.0,2392.0,-598.0,60.0,250.0,1.0
2025-08-25,B073496Y7S,boAt Rockerz Wireless Bluetooth Earbuds,2990.0,2392.0,20,3.9,12384,6011,740,0,0,200,102,0,102,2025,8,25,0,35,237,3,0.0,1.0,-0.8660254037844385,-0.5000000000000004,-0.8064799463209447,-0.5912614448635782,598.0,0.2,0.12310763600066545,1.9607843137254901,98,158.0,146.0,148.0,139.0,129.42857142857142,139.64285714285714,137.93333333333334,17.096365528547473,158.0,146.0,1794.0,598.0,310.0,-110.0,1.0
2025-08-28,B073496Y7S,boAt Rockerz Wireless Bluetooth Earbuds,2990.0,1794.0,40,4.2,14944,16098,1665,0,0,152,152,1,197,2025,8,28,3,35,240,3,0.43388373911755823,-0.900968867902419,-0.8660254037844385,-0.5000000000000004,-0.8359254794186365,-0.5488429582847199,1196.0,0.4,0.10342899739098024,0.7715736040609137,-45,102.0,119.0,164.0,95.0,123.14285714285714,136.35714285714286,136.7,18.050194564311955,102.0,104.0,2392.0,-598.0,200.0,-48.0,1.0
2025-08-30,B073496Y7S,boAt Rockerz Wireless Bluetooth Earbuds,2990.0,2093.0,30,4.3,14133,8715,1088,0,1,153,134,0,134,2025,8,30,5,35,242,3,-0.9749279121818236,-0.2225209339563146,-0.8660254037844385,-0.5000000000000004,-0.8543221697498269,-0.5197438121555157,897.0,0.3,0.12484222604704533,1.1417910447761195,19,197.0,125.0,147.0,103.0,134.28571428571428,138.71428571428572,140.1,32.97329366681597,152.0,125.0,1794.0,299.0,152.0,1.0,1.0
2025-09-06,B073496Y7S,boAt Rockerz Wireless Bluetooth Earbuds,2990.0,2392.0,20,4.4,8834,9920,1210,0,1,212,133,0,133,2025,9,6,5,36,249,3,-0.9749279121818236,-0.2225209339563146,-1.0,-1.8369701987210297e-16,-0.9106046300942162,-0.41327860778290443,598.0,0.2,0.1219758064516129,1.593984962406015,79,134.0,110.0,141.0,145.0,135.57142857142858,137.78571428571428,141.13333333333333,32.725408797330125,134.0,110.0,2093.0,299.0,153.0,59.0,1.0
2025-09-07,B073496Y7S,boAt Rockerz Wireless Bluetooth Earbuds,2990.0,2392.0,20,4.2,8355,13196,1971,0,1,83,83,1,151,2025,9,7,6,36,250,3,-0.7818314824680299,0.6234898018587334,-1.0,-1.8369701987210297e-16,-0.9175836260593934,-0.3975428142825566,598.0,0.2,0.1493634434677175,0.5496688741721855,-68,133.0,131.0,117.0,199.0,138.85714285714286,137.21428571428572,140.73333333333332,30.829793876641162,133.0,131.0,2392.0,0.0,212.0,-129.0,1.0
2025-09-08,B073496Y7S,boAt Rockerz Wireless Bluetooth Earbuds,2990.0,2392.0,20,3.8,9716,14288,1543,0,0,141,141,1,145,2025,9,8,0,37,251,3,0.0,1.0,-1.0,-1.8369701987210297e-16,-0.9242907221930934,-0.3816892202666586,598.0,0.2,0.10799272116461366,0.9724137931034482,-4,151.0,117.0,179.0,151.0,141.71428571428572,139.64285714285714,139.13333333333333,30.906926331133043,83.0,60.0,2392.0,0.0,83.0,58.0,1.0
2025-09-09,B073496Y7S,boAt Rockerz Wireless Bluetooth Earbuds,2990.0,1794.0,40,4.0,10343,13175,1607,0,0,275,169,0,169,2025,9,9,1,37,252,3,0.7818314824680298,0.6234898018587336,-1.0,-1.8369701987210297e-16,-0.9307239310379793,-0.3657225234972692,1196.0,0.4,0.12197343453510437,1.6272189349112427,106,145.0,158.0,153.0,149.0,145.71428571428572,137.21428571428572,138.93333333333334,28.923544536785556,141.0,158.0,2392.0,-598.0,141.0,134.0,1.0
2025-09-10,B073496Y7S,boAt Rockerz Wireless Bluetooth Earbuds,2990.0,2093.0,30,4.1,12217,6842,503,0,0,180,142,0,142,2025,9,10,2,37,253,3,0.9749279121818236,-0.22252093395631434,-1.0,-1.8369701987210297e-16,-0.9368813462954315,-0.34964745525122826,897.0,0.3,0.07351651563870214,1.267605633802817,38,169.0,102.0,146.0,131.0,147.28571428571428,138.35714285714286,139.6,29.981740474908232,169.0,102.0,1794.0,299.0,275.0,-95.0,1.0
2025-09-14,B073496Y7S,boAt Rockerz Wireless Bluetooth Earbuds,2990.0,1794.0,40,4.1,17184,6523,707,0,1,93,93,1,123,2025,9,14,6,37,257,3,-0.7818314824680299,0.6234898018587334,-1.0,-1.8369701987210297e-16,-0.9587178169872964,-0.2843591872810036,1196.0,0.4,0.1083857120956615,0.7560975609756098,-30,142.0,197.0,119.0,95.0,153.0,138.07142857142858,139.96666666666667,22.88376425911293,142.0,152.0,2093.0,-299.0,180.0,-87.0,1.0
2025-09-15,B073496Y7S,boAt Rockerz Wireless Bluetooth Earbuds,2990.0,2093.0,30,4.5,16598,8556,1188,0,0,89,89,1,131,2025,9,15,0,38,258,3,0.0,1.0,-1.0,-1.8369701987210297e-16,-0.9634705485641486,-0.26781430516217486,897.0,0.3,0.1388499298737728,0.6793893129770993,-42,123.0,134.0,125.0,142.0,142.42857142857142,138.35714285714286,140.9,14.853250405855194,93.0,134.0,1794.0,299.0,93.0,-4.0,1.0
2025-09-18,B073496Y7S,boAt Rockerz Wireless Bluetooth Earbuds,2990.0,1794.0,40,4.1,11956,11437,1319,0,0,227,166,0,166,2025,9,18,3,38,261,3,0.43388373911755823,-0.900968867902419,-1.0,-1.8369701987210297e-16,-0.9760105506323682,-0.21772323039653224,1196.0,0.4,0.11532744600856867,1.3674698795180722,61,131.0,133.0,110.0,120.0,142.0,138.78571428571428,140.53333333333333,15.176736583775952,89.0,133.0,2093.0,-299.0,89.0,138.0,1.0
2025-09-22,B073496Y7S,boAt Rockerz Wireless Bluetooth Earbuds,2990.0,2093.0,30,4.0,11668,8561,1060,0,0,182,126,0,126,2025,9,22,0,39,265,3,0.0,1.0,-1.0,-1.8369701987210297e-16,-0.9886775902323404,-0.15005539834465262,897.0,0.3,0.12381731106179185,1.4444444444444444,56,166.0,151.0,131.0,132.0,146.71428571428572,142.78571428571428,142.06666666666666,16.938263249363867,166.0,83.0,1794.0,299.0,227.0,-45.0,1.0
2025-09-25,B073496Y7S,boAt Rockerz Wireless Bluetooth Earbuds,2990.0,1196.0,60,3.8,16451,25965,4340,1,0,380,363,0,363,2025,9,25,3,39,268,3,0.43388373911755823,-0.900968867902419,-1.0,-1.8369701987210297e-16,-0.9951053111006974,-0.09882013873287211,1794.0,0.6,0.16714808395917582,1.046831955922865,17,126.0,145.0,117.0,168.0,143.14285714285714,142.42857142857142,141.86666666666667,18.45199692380692,126.0,141.0,2093.0,-897.0,182.0,198.0,1.0
2025-09-27,B073496Y7S,boAt Rockerz Wireless Bluetooth Earbuds,2990.0,1794.0,40,4.5,10787,27098,4210,1,1,510,360,0,360,2025,9,27,5,39,270,3,-0.9749279121818236,-0.2225209339563146,-1.0,-1.8369701987210297e-16,-0.9979171608653922,-0.06450844944931625,1196.0,0.4,0.15536201933722046,1.4166666666666667,150,363.0,169.0,158.0,119.0,174.28571428571428,160.0,148.36666666666667,85.23245525368496,363.0,169.0,1196.0,598.0,380.0,130.0,1.0
2025-10-07,B073496Y7S,boAt Rockerz Wireless Bluetooth Earbuds,2990.0,1495.0,50,4.4,17500,28356,4523,1,0,629,370,0,370,2025,10,7,1,41,280,4,0.7818314824680298,0.6234898018587336,-0.8660254037844386,0.5000000000000001,-0.994217906893952,0.10738134666416306,1495.0,0.5,0.15950768796727324,1.7,259,360.0,142.0,102.0,167.0,201.57142857142858,174.42857142857142,156.4,110.1799394064955,360.0,142.0,1794.0,-299.0,510.0,119.0,1.0
2025-10-12,B073496Y7S,boAt Rockerz Wireless Bluetooth Earbuds,2990.0,1495.0,50,4.3,9376,16436,2069,1,1,523,321,0,321,2025,10,12,6,41,285,4,-0.7818314824680299,0.6234898018587334,-0.8660254037844386,0.5000000000000001,-0.9813064702716093,0.19245158197082995,1495.0,0.5,0.12588220978340228,1.6292834890965733,202,370.0,123.0,197.0,128.0,234.14285714285714,193.57142857142858,163.16666666666666,122.6314649283623,370.0,93.0,1495.0,0.0,629.0,-106.0,1.0
2025-10-13,B073496Y7S,boAt Rockerz Wireless Bluetooth Earbuds,2990.0,1794.0,40,3.9,10841,27612,4892,1,0,195,195,1,357,2025,10,13,0,42,286,4,0.0,1.0,-0.8660254037844386,0.5000000000000001,-0.9778483415056567,0.20931464596304888,1196.0,0.4,0.17716934666087208,0.5462184873949579,-162,321.0,131.0,134.0,148.0,262.42857142857144,202.42857142857142,169.6,115.34131544082113,321.0,89.0,1495.0,299.0,523.0,-328.0,1.0
2025-10-25,B073496Y7S,boAt Rockerz Wireless Bluetooth Earbuds,2990.0,2093.0,30,4.4,16135,11587,1696,0,1,232,140,0,140,2025,10,25,5,43,298,4,-0.9749279121818236,-0.2225209339563146,-0.8660254037844386,0.5000000000000001,-0.9141279881853337,0.4054257283599973,897.0,0.3,0.14637093294209028,1.6571428571428573,92,357.0,166.0,133.0,164.0,294.7142857142857,218.35714285714286,176.56666666666666,103.43712145665134,195.0,166.0,1794.0,299.0,195.0,37.0,1.0
2025-10-27,B073496Y7S,boAt Rockerz Wireless Bluetooth Earbuds,2990.0,1794.0,40,3.9,12420,12224,1561,0,0,170,168,0,168,2025,10,27,0,44,300,4,0.0,1.0,-0.8660254037844386,0.5000000000000001,-0.8996308696522434,0.4366512319560638,1196.0,0.4,0.12769960732984292,1.0119047619047619,2,140.0,126.0,151.0,147.0,291.0,218.85714285714286,175.76666666666668,109.1390550322536,140.0,126.0,2093.0,-299.0,232.0,-62.0,1.0
2025-11-08,B073496Y7S,boAt Rockerz Wireless Bluetooth Earbuds,2990.0,1196.0,60,4.3,10023,35489,7770,1,1,489,428,0,428,2025,11,8,5,45,312,4,-0.9749279121818236,-0.2225209339563146,-0.5000000000000004,0.8660254037844384,-0.7909456567567774,0.6118864012687242,1794.0,0.6,0.21894108033475163,1.1425233644859814,61,168.0,363.0,145.0,141.0,297.0,220.07142857142858,176.46666666666667,99.2639578766295,168.0,363.0,1794.0,-598.0,170.0,319.0,1.0
2025-11-11,B073496Y7S,boAt Rockerz Wireless Bluetooth Earbuds,2990.0,1495.0,50,4.1,16387,51901,7575,1,0,724,518,0,518,2025,11,11,1,46,315,4,0.7818314824680298,0.6234898018587336,-0.5000000000000004,0.8660254037844384,-0.7583058084785625,0.6518989958787125,1495.0,0.5,0.1459509450684958,1.3976833976833978,206,428.0,360.0,169.0,117.0,306.2857142857143,240.28571428571428,186.03333333333333,109.02708269922985,428.0,360.0,1196.0,299.0,489.0,235.0,1.0
2025-11-14,B073496Y7S,boAt Rockerz Wireless Bluetooth Earbuds,2990.0,1794.0,40,4.3,13298,55659,7824,1,0,827,519,0,519,2025,11,14,4,46,318,4,-0.433883739117558,-0.9009688679024191,-0.5000000000000004,0.8660254037844384,-0.7236440382959124,0.690173388242972,1196.0,0.4,0.14057025817927019,1.5934489402697496,308,518.0,370.0,142.0,179.0,328.85714285714283,265.2142857142857,199.4,135.2114745764678,518.0,370.0,1495.0,299.0,724.0,103.0,1.0
2025-11-21,B073496Y7S,boAt Rockerz Wireless Bluetooth Earbuds,2990.0,2392.0,20,4.4,8496,13703,1921,0,0,141,141,1,148,2025,11,21,4,47,325,4,-0.433883739117558,-0.9009688679024191,-0.5000000000000004,0.8660254037844384,-0.6354323008901775,0.7721565844991641,598.0,0.2,0.14018827993869956,0.9527027027027027,-7,519.0,321.0,123.0,153.0,350.14285714285717,292.14285714285717,210.73333333333332,153.2877779118178,519.0,321.0,1794.0,598.0,827.0,-686.0,1.0
2025-11-23,B073496Y7S,boAt Rockerz Wireless Bluetooth Earbuds,2990.0,2093.0,30,4.0,8236,4690,666,0,1,197,109,0,109,2025,11,23,6,47,327,4,-0.7818314824680299,0.6234898018587334,-0.5000000000000004,0.8660254037844384,-0.6084768701151264,0.7935716089521472,897.0,0.3,0.14200426439232408,1.8073394495412844,88,148.0,357.0,131.0,146.0,325.42857142857144,293.92857142857144,210.56666666666666,171.619595950712,141.0,195.0,2392.0,-299.0,141.0,56.0,1.0
2025-11-24,B073496Y7S,boAt Rockerz Wireless Bluetooth Earbuds,2990.0,1794.0,40,4.5,12866,9321,1150,0,0,210,149,0,149,2025,11,24,0,48,328,4,0.0,1.0,-0.5000000000000004,0.8660254037844384,-0.594726686960764,0.8039279618328208,1196.0,0.4,0.12337732003003969,1.4093959731543624,61,109.0,140.0,166.0,119.0,290.0,292.35714285714283,209.33333333333334,188.75822277894704,109.0,140.0,2093.0,-299.0,197.0,13.0,1.0
2025-11-27,B073496Y7S,boAt Rockerz Wireless Bluetooth Earbuds,2990.0,1794.0,40,3.9,14193,14842,1963,0,0,182,182,1,188,2025,11,27,3,48,331,4,0.43388373911755823,-0.900968867902419,-0.5000000000000004,0.8660254037844384,-0.5524353131676203,0.8335557718385695,1196.0,0.4,0.13225980326101602,0.9680851063829787,-6,149.0,168.0,126.0,125.0,291.2857142857143,291.14285714285717,210.33333333333334,187.59327838501582,149.0,168.0,1794.0,0.0,210.0,-28.0,1.0
2025-11-30,B073496Y7S,boAt Rockerz Wireless Bluetooth Earbuds,2990.0,1495.0,50,3.9,16437,12051,1194,0,1,148,148,1,162,2025,11,30,6,48,334,4,-0.7818314824680299,0.6234898018587334,-0.5000000000000004,0.8660254037844384,-0.5086709438521042,0.8609610158889945,1495.0,0.5,0.0990789146128952,0.9135802469135802,-14,188.0,428.0,363.0,110.0,294.14285714285717,295.57142857142856,212.43333333333334,185.54373120770245,182.0,428.0,1794.0,-299.0,182.0,-34.0,1.0
2025-12-02,B073496Y7S,boAt Rockerz Wireless Bluetooth Earbuds,2990.0,1794.0,40,3.8,16060,5112,748,0,0,178,114,0,114,2025,12,2,1,49,336,4,0.7818314824680298,0.6234898018587336,-2.4492935982947064e-16,1.0,-0.4787338401157883,0.8779600847008883,1196.0,0.4,0.14632237871674492,1.5614035087719298,64,162.0,518.0,360.0,131.0,256.14285714285717,281.2142857142857,214.16666666666666,180.73685159316426,148.0,518.0,1495.0,299.0,148.0,30.0,1.0
2025-12-05,B073496Y7S,boAt Rockerz Wireless Bluetooth Earbuds,2990.0,2392.0,20,3.9,16198,8763,1603,0,0,67,67,1,113,2025,12,5,4,49,339,4,-0.433883739117558,-0.9009688679024191,-2.4492935982947064e-16,1.0,-0.4327755925504317,0.9015016841318838,598.0,0.2,0.18292822092890562,0.5929203539823009,-46,114.0,519.0,370.0,117.0,198.42857142857142,263.64285714285717,213.6,143.9407947072419,114.0,519.0,1794.0,598.0,178.0,-111.0,1.0
2025-12-06,B073496Y7S,boAt Rockerz Wireless Bluetooth Earbuds,2990.0,2392.0,20,3.9,10980,18173,1901,0,1,122,122,1,178,2025,12,6,5,49,340,4,-0.9749279121818236,-0.2225209339563146,-2.4492935982947064e-16,1.0,-0.41719360261231697,0.9088176373395028,598.0,0.2,0.10460573378088373,0.6853932584269663,-56,113.0,148.0,321.0,158.0,140.42857142857142,245.28571428571428,213.46666666666667,29.714514651132664,67.0,141.0,2392.0,0.0,67.0,55.0,1.0
2025-12-26,B073496Y7S,boAt Rockerz Wireless Bluetooth Earbuds,2990.0,2392.0,20,3.8,10530,9965,1399,0,0,109,109,1,117,2025,12,26,4,52,360,4,-0.433883739117558,-0.9009688679024191,-2.4492935982947064e-16,1.0,-0.0859647987374467,0.9962981749346077,598.0,0.2,0.14039136979428,0.9316239316239316,-8,178.0,109.0,357.0,102.0,144.71428571428572,235.07142857142858,214.13333333333333,32.97329366681603,122.0,109.0,2392.0,0.0,122.0,-13.0,1.0
2025-12-27,B073496Y7S,boAt Rockerz Wireless Bluetooth Earbuds,2990.0,1794.0,40,4.2,10547,8436,922,0,1,147,142,0,142,2025,12,27,5,52,361,4,-0.9749279121818236,-0.2225209339563146,-2.4492935982947064e-16,1.0,-0.06880242680232064,0.9976303053065857,1196.0,0.4,0.10929350403034614,1.0352112676056338,5,117.0,149.0,140.0,197.0,145.85714285714286,217.92857142857142,214.63333333333333,31.640841599787638,109.0,149.0,2392.0,-598.0,109.0,38.0,1.0
2023-01-06,B07HGH8D2R,HP Wireless Mouse,799.0,479.4,40,3.9,8167,13892,1911,0,0,146,146,1,186,2023,1,6,4,1,6,1,-0.433883739117558,-0.9009688679024191,0.49999999999999994,0.8660254037844387,0.10310169744743485,0.9946708199115211,319.6,0.4,0.13756118629427008,0.7849462365591398,-40,0.0,0.0,0.0,0.0,0.0,0.0,0.0,0.0,0.0,0.0,0.0,0.0,0.0,0.0,1.0
2023-01-08,B07HGH8D2R,HP Wireless Mouse,799.0,639.2,20,4.0,14289,8308,1291,0,1,181,117,0,117,2023,1,8,6,1,8,1,-0.7818314824680299,0.6234898018587334,0.49999999999999994,0.8660254037844387,0.13727877211326478,0.9905324521322229,159.79999999999995,0.19999999999999996,0.15539239287433798,1.547008547008547,64,186.0,0.0,0.0,0.0,0.0,0.0,0.0,0.0,146.0,0.0,479.4,159.80000000000007,146.0,35.0,1.0
2023-01-09,B07HGH8D2R,HP Wireless Mouse,799.0,639.2,20,4.4,5088,9470,1020,0,0,228,132,0,132,2023,1,9,0,2,9,1,0.0,1.0,0.49999999999999994,0.8660254037844387,0.15430882066428117,0.9880226656636976,159.79999999999995,0.19999999999999996,0.10770855332629356,1.7272727272727273,96,117.0,0.0,0.0,0.0,0.0,0.0,0.0,0.0,117.0,0.0,639.2,0.0,181.0,47.0,1.0
2023-01-14,B07HGH8D2R,HP Wireless Mouse,799.0,559.3,30,3.9,11707,14069,1683,0,1,165,161,0,161,2023,1,14,5,2,14,1,-0.9749279121818236,-0.2225209339563146,0.49999999999999994,0.8660254037844387,0.2386727660059501,0.9711000518829505,239.70000000000005,0.30000000000000004,0.11962470680218922,1.0248447204968945,4,132.0,0.0,0.0,0.0,0.0,0.0,0.0,0.0,132.0,0.0,639.2,-79.90000000000009,228.0,-63.0,1.0
2023-01-17,B07HGH8D2R,HP Wireless Mouse,799.0,479.4,40,3.8,10623,14905,1934,0,0,235,168,0,168,2023,1,17,1,3,17,1,0.7818314824680298,0.6234898018587336,0.49999999999999994,0.8660254037844387,0.288482432880609,0.9574851883550393,319.6,0.4,0.12975511573297552,1.3988095238095237,67,161.0,0.0,0.0,0.0,0.0,0.0,0.0,0.0,161.0,0.0,559.3,-79.89999999999998,165.0,70.0,1.0
2023-01-20,B07HGH8D2R,HP Wireless Mouse,799.0,639.2,20,4.2,10306,11313,1576,0,0,266,139,0,139,2023,1,20,4,3,20,1,-0.433883739117558,-0.9009688679024191,0.49999999999999994,0.8660254037844387,0.3375228995941133,0.9413173175128471,159.79999999999995,0.19999999999999996,0.1393087598338195,1.9136690647482015,127,168.0,0.0,0.0,0.0,0.0,0.0,0.0,0.0,168.0,0.0,479.4,159.80000000000007,235.0,31.0,1.0
2023-01-26,B07HGH8D2R,HP Wireless Mouse,799.0,239.7,70,4.2,12475,34797,5170,1,0,347,347,1,435,2023,1,26,3,4,26,1,0.43388373911755823,-0.900968867902419,0.49999999999999994,0.8660254037844387,0.4327755925504312,0.901501684131884,559.3,0.7,0.14857602666896572,0.7977011494252874,-88,139.0,0.0,0.0,0.0,0.0,0.0,0.0,0.0,139.0,0.0,639.2,-399.50000000000006,266.0,81.0,1.0
2023-02-02,B07HGH8D2R,HP Wireless Mouse,799.0,479.4,40,4.3,6156,5189,779,0,0,219,121,0,121,2023,2,2,3,5,33,1,0.43388373911755823,-0.900968867902419,0.8660254037844386,0.5000000000000001,0.5380051715382996,0.8429415373547828,319.6,0.4,0.1501252649836192,1.8099173553719008,98,435.0,186.0,0.0,0.0,191.14285714285714,0.0,0.0,110.03852139353832,347.0,146.0,239.7,239.7,347.0,-128.0,1.0
2023-02-06,B07HGH8D2R,HP Wireless Mouse,799.0,639.2,20,3.8,13281,6638,899,0,0,112,94,0,94,2023,2,6,0,6,37,1,0.0,1.0,0.8660254037844386,0.5000000000000001,0.5947266869607634,0.8039279618328213,159.79999999999995,0.19999999999999996,0.13543235914432059,1.1914893617021276,18,121.0,117.0,0.0,0.0,181.85714285714286,0.0,0.0,113.24078854580708,121.0,117.0,479.4,159.80000000000007,219.0,-107.0,1.0
2023-02-12,B07HGH8D2R,HP Wireless Mouse,799.0,559.3,30,4.2,14788,9595,1080,0,1,247,138,0,138,2023,2,12,6,6,43,1,-0.7818314824680299,0.6234898018587334,0.8660254037844386,0.5000000000000001,0.6744436188329455,0.7383263540031065,239.70000000000005,0.30000000000000004,0.11255862428348098,1.789855072463768,109,94.0,132.0,0.0,0.0,178.57142857142858,0.0,0.0,115.74232464524685,94.0,132.0,639.2,-79.90000000000009,112.0,135.0,1.0
2023-02-13,B07HGH8D2R,HP Wireless Mouse,799.0,639.2,20,4.0,14564,9958,1592,0,0,203,121,0,121,2023,2,13,0,7,44,1,0.0,1.0,0.8660254037844386,0.5000000000000001,0.6870527672236669,0.7266075247685656,159.79999999999995,0.19999999999999996,0.15987146013255674,1.677685950413223,82,138.0,161.0,0.0,0.0,179.42857142857142,0.0,0.0,115.36154348085724,138.0,161.0,559.3,79.90000000000009,247.0,-44.0,1.0
2023-02-21,B07HGH8D2R,HP Wireless Mouse,799.0,639.2,20,4.3,8067,11994,1372,0,0,125,125,1,129,2023,2,21,1,8,52,1,0.7818314824680298,0.6234898018587336,0.8660254037844386,0.5000000000000001,0.7802958510707755,0.6254105729852463,159.79999999999995,0.19999999999999996,0.11439052859763214,0.9689922480620154,-4,121.0,168.0,0.0,0.0,173.71428571428572,0.0,0.0,117.39919688213982,121.0,168.0,639.2,0.0,203.0,-78.0,1.0
2023-02-25,B07HGH8D2R,HP Wireless Mouse,799.0,479.4,40,4.2,13175,12070,1157,0,1,155,155,1,164,2023,2,25,5,8,56,1,-0.9749279121818236,-0.2225209339563146,0.8660254037844386,0.5000000000000001,0.8214765533024142,0.5702422926917871,319.6,0.4,0.09585749792874897,0.9451219512195121,-9,129.0,139.0,0.0,0.0,168.14285714285714,0.0,0.0,118.63449269560206,125.0,139.0,639.2,-159.80000000000007,125.0,30.0,1.0
2023-02-27,B07HGH8D2R,HP Wireless Mouse,799.0,559.3,30,4.0,14751,13517,1865,0,0,148,148,1,157,2023,2,27,0,9,58,1,0.0,1.0,0.8660254037844386,0.5000000000000001,0.8406184056344782,0.5416278206559814,239.70000000000005,0.30000000000000004,0.13797440260412813,0.9426751592356688,-9,164.0,435.0,0.0,0.0,171.71428571428572,0.0,0.0,117.98547126053882,155.0,347.0,479.4,79.89999999999998,155.0,-7.0,1.0
2023-03-04,B07HGH8D2R,HP Wireless Mouse,799.0,639.2,20,4.4,10534,15162,1750,0,1,102,102,1,179,2023,3,4,5,9,63,1,-0.9749279121818236,-0.2225209339563146,1.0,6.123233995736766e-17,0.8840675099433636,0.4673592171580022,159.79999999999995,0.19999999999999996,0.11542012927054478,0.5698324022346368,-77,157.0,121.0,186.0,0.0,132.0,161.57142857142858,0.0,23.734644158557327,148.0,121.0,559.3,79.90000000000009,148.0,-46.0,1.0
2023-03-07,B07HGH8D2R,HP Wireless Mouse,799.0,399.5,50,4.5,12297,11107,1668,0,0,291,160,0,160,2023,3,7,1,10,66,1,0.7818314824680298,0.6234898018587336,1.0,6.123233995736766e-17,0.9070138128026359,0.4211008707960896,399.5,0.5,0.15017556495903484,1.81875,131,179.0,94.0,117.0,0.0,140.28571428571428,161.07142857142858,0.0,28.831200031183247,102.0,94.0,639.2,-239.70000000000005,102.0,189.0,1.0
2023-03-08,B07HGH8D2R,HP Wireless Mouse,799.0,559.3,30,3.9,6779,16045,1776,0,0,98,98,1,179,2023,3,8,2,10,67,1,0.9749279121818236,-0.22252093395631434,1.0,6.123233995736766e-17,0.9141279881853337,0.40542572835999735,239.70000000000005,0.30000000000000004,0.1106886880648177,0.547486033519553,-81,160.0,138.0,132.0,0.0,149.71428571428572,164.14285714285714,0.0,20.862360730226587,160.0,138.0,399.5,159.79999999999995,291.0,-193.0,1.0
2023-03-11,B07HGH8D2R,HP Wireless Mouse,799.0,399.5,50,4.2,12347,8456,1176,0,1,219,151,0,151,2023,3,11,5,10,70,1,-0.9749279121818236,-0.2225209339563146,1.0,6.123233995736766e-17,0.9338372288229252,0.35769823883312546,399.5,0.5,0.1390728476821192,1.4503311258278146,68,179.0,121.0,161.0,0.0,155.57142857142858,167.5,0.0,22.69990560081074,98.0,121.0,559.3,-159.79999999999995,98.0,121.0,1.0
2023-03-12,B07HGH8D2R,HP Wireless Mouse,799.0,559.3,30,3.9,9990,7067,1216,0,1,154,127,0,127,2023,3,12,6,10,71,1,-0.7818314824680299,0.6234898018587334,1.0,6.123233995736766e-17,0.9398560579418954,0.3415707691678556,239.70000000000005,0.30000000000000004,0.17206735531342862,1.2125984251968505,27,151.0,129.0,168.0,0.0,159.85714285714286,166.78571428571428,0.0,17.26681375190169,151.0,125.0,399.5,159.79999999999995,219.0,-65.0,1.0
2023-03-14,B07HGH8D2R,HP Wireless Mouse,799.0,639.2,20,4.4,11760,10075,1123,0,0,133,133,1,136,2023,3,14,1,11,73,1,0.7818314824680298,0.6234898018587336,1.0,6.123233995736766e-17,0.9510565162951535,0.30901699437494745,159.79999999999995,0.19999999999999996,0.11146401985111662,0.9779411764705882,-3,127.0,164.0,139.0,0.0,159.57142857142858,163.85714285714286,0.0,17.868567773767385,127.0,155.0,559.3,79.90000000000009,154.0,-21.0,1.0
2023-03-17,B07HGH8D2R,HP Wireless Mouse,799.0,639.2,20,4.4,10674,10161,1284,0,0,135,134,0,134,2023,3,17,4,11,76,1,-0.433883739117558,-0.9009688679024191,1.0,6.123233995736766e-17,0.9657399376548549,0.2595117970697999,159.79999999999995,0.19999999999999996,0.12636551520519634,1.007462686567164,1,136.0,157.0,435.0,0.0,155.57142857142858,163.64285714285714,0.0,19.747211979223426,133.0,148.0,639.2,0.0,133.0,2.0,1.0
2023-03-20,B07HGH8D2R,HP Wireless Mouse,799.0,399.5,50,4.2,12804,9374,1528,0,0,168,159,0,159,2023,3,20,0,12,79,1,0.0,1.0,1.0,6.123233995736766e-17,0.9778483415056568,0.20931464596304847,399.5,0.5,0.163004053765735,1.0566037735849056,9,134.0,179.0,121.0,0.0,152.28571428571428,142.14285714285714,0.0,21.320680771763193,134.0,102.0,639.2,-239.70000000000005,135.0,33.0,1.0
2023-03-28,B07HGH8D2R,HP Wireless Mouse,799.0,399.5,50,3.8,6991,8923,1123,0,0,151,151,1,154,2023,3,28,1,13,87,1,0.7818314824680298,0.6234898018587336,1.0,6.123233995736766e-17,0.9973249731081555,0.07309512989807777,399.5,0.5,0.12585453322873474,0.9805194805194806,-3,159.0,160.0,94.0,0.0,149.42857142857142,144.85714285714286,0.0,18.26524151548651,159.0,160.0,399.5,0.0,168.0,-17.0,1.0
2023-04-04,B07HGH8D2R,HP Wireless Mouse,799.0,639.2,20,4.4,11692,12634,1297,0,0,83,83,1,159,2023,4,4,1,14,94,2,0.7818314824680298,0.6234898018587336,0.8660254037844387,-0.4999999999999998,0.9988797155850336,-0.04732138832243185,159.79999999999995,0.19999999999999996,0.102659490264366,0.5220125786163522,-76,154.0,179.0,138.0,0.0,148.57142857142858,149.14285714285714,0.0,17.82186992487186,151.0,98.0,399.5,239.70000000000005,151.0,-68.0,1.0
2023-04-07,B07HGH8D2R,HP Wireless Mouse,799.0,399.5,50,4.2,7258,8191,697,0,0,94,94,1,160,2023,4,7,4,14,97,2,-0.433883739117558,-0.9009688679024191,0.8660254037844387,-0.4999999999999998,0.9951053111006976,-0.09882013873287143,399.5,0.5,0.0850933951898425,0.5875,-66,159.0,151.0,121.0,0.0,145.71428571428572,150.64285714285714,0.0,13.111245627504912,83.0,151.0,639.2,-239.70000000000005,83.0,11.0,1.0
2023-04-08,B07HGH8D2R,HP Wireless Mouse,799.0,559.3,30,4.3,6213,10938,919,0,1,173,155,0,155,2023,4,8,5,14,98,2,-0.9749279121818236,-0.2225209339563146,0.8660254037844387,-0.4999999999999998,0.9932568492674143,-0.11593459959550041,239.70000000000005,0.30000000000000004,0.08401901627354177,1.1161290322580646,18,160.0,127.0,129.0,0.0,147.0,153.42857142857142,0.0,14.118545723031747,94.0,127.0,399.5,159.79999999999995,94.0,79.0,1.0
2023-04-09,B07HGH8D2R,HP Wireless Mouse,799.0,639.2,20,4.3,10667,8561,695,0,1,184,134,0,134,2023,4,9,6,14,99,2,-0.7818314824680299,0.6234898018587334,0.8660254037844387,-0.4999999999999998,0.9911140639934547,-0.1330147065341959,159.79999999999995,0.19999999999999996,0.08118210489428805,1.373134328358209,50,155.0,136.0,164.0,0.0,151.0,155.28571428571428,0.0,11.165422816296351,155.0,133.0,559.3,79.90000000000009,173.0,11.0,1.0
2023-04-10,B07HGH8D2R,HP Wireless Mouse,799.0,639.2,20,4.4,11656,11740,1447,0,0,205,140,0,140,2023,4,10,0,15,100,2,0.0,1.0,0.8660254037844387,-0.4999999999999998,0.9886775902323405,-0.1500553983446526,159.79999999999995,0.19999999999999996,0.12325383304940375,1.4642857142857142,65,134.0,134.0,157.0,0.0,150.71428571428572,153.14285714285714,0.0,11.629191512658982,134.0,134.0,639.2,0.0,184.0,21.0,1.0
2023-04-11,B07HGH8D2R,HP Wireless Mouse,799.0,559.3,30,4.1,9056,6213,629,0,0,101,101,1,119,2023,4,11,1,15,101,2,0.7818314824680298,0.6234898018587336,0.8660254037844387,-0.4999999999999998,0.9859481499638304,-0.16705162550211924,239.70000000000005,0.30000000000000004,0.10123933687429583,0.8487394957983193,-18,140.0,159.0,179.0,0.0,151.57142857142858,151.92857142857142,0.0,10.341778423094615,140.0,159.0,639.2,-79.90000000000009,205.0,-104.0,1.0
2023-04-14,B07HGH8D2R,HP Wireless Mouse,799.0,399.5,50,4.3,8486,13088,1508,0,0,142,142,1,185,2023,4,14,4,15,104,2,-0.433883739117558,-0.9009688679024191,0.8660254037844387,-0.4999999999999998,0.9760105506323683,-0.21772323039653177,399.5,0.5,0.1152200488997555,0.7675675675675676,-43,119.0,154.0,160.0,0.0,145.85714285714286,147.64285714285714,0.0,15.377782365354093,101.0,151.0,559.3,-159.79999999999995,101.0,41.0,1.0
2023-04-15,B07HGH8D2R,HP Wireless Mouse,799.0,639.2,20,4.4,7104,10598,1313,0,1,225,154,0,154,2023,4,15,5,15,105,2,-0.9749279121818236,-0.2225209339563146,0.8660254037844387,-0.4999999999999998,0.9721181966290613,-0.23449138957040985,159.79999999999995,0.19999999999999996,0.12389130024532931,1.4610389610389611,71,185.0,159.0,179.0,186.0,150.28571428571428,149.42857142857142,156.43333333333334,21.398709351378333,142.0,83.0,399.5,239.70000000000005,142.0,83.0,1.0
2023-04-20,B07HGH8D2R,HP Wireless Mouse,799.0,639.2,20,4.0,7086,12121,1664,0,0,186,129,0,129,2023,4,20,3,16,110,2,0.43388373911755823,-0.900968867902419,0.8660254037844387,-0.4999999999999998,0.9483615800121715,-0.3171912885891061,159.79999999999995,0.19999999999999996,0.13728240244204273,1.441860465116279,57,154.0,160.0,151.0,117.0,149.57142857142858,147.64285714285714,155.36666666666667,21.141248330039208,154.0,94.0,639.2,0.0,225.0,-39.0,1.0
2023-04-26,B07HGH8D2R,HP Wireless Mouse,799.0,559.3,30,4.0,11495,6726,829,0,0,144,120,0,120,2023,4,26,2,17,116,2,0.9749279121818236,-0.22252093395631434,0.8660254037844387,-0.4999999999999998,0.9106046300942162,-0.4132786077829042,239.70000000000005,0.30000000000000004,0.12325304787392209,1.2,24,129.0,155.0,127.0,132.0,145.14285714285714,146.07142857142858,155.76666666666668,21.828334578620407,129.0,155.0,639.2,-79.90000000000009,186.0,-42.0,1.0
2023-04-29,B07HGH8D2R,HP Wireless Mouse,799.0,639.2,20,4.5,6741,12058,1803,0,1,203,152,0,152,2023,4,29,5,17,119,2,-0.9749279121818236,-0.2225209339563146,0.8660254037844387,-0.4999999999999998,0.8880573226294932,-0.45973273945210397,159.79999999999995,0.19999999999999996,0.1495272847901808,1.3355263157894737,51,120.0,134.0,136.0,161.0,140.14285714285714,145.57142857142858,155.36666666666667,23.161955670370233,120.0,134.0,559.3,79.90000000000009,144.0,59.0,1.0
2023-05-10,B07HGH8D2R,HP Wireless Mouse,799.0,479.4,40,4.3,13369,4089,511,0,0,138,113,0,113,2023,5,10,2,19,130,2,0.9749279121818236,-0.22252093395631434,0.49999999999999994,-0.8660254037844387,0.7856498550787147,-0.6186714032625031,319.6,0.4,0.12496943017852775,1.2212389380530972,25,152.0,140.0,134.0,168.0,142.71428571428572,146.71428571428572,155.06666666666666,23.364604895113615,152.0,140.0,639.2,-159.80000000000007,203.0,-65.0,1.0
2023-05-11,B07HGH8D2R,HP Wireless Mouse,799.0,479.4,40,4.3,12509,11905,1209,0,0,229,152,0,152,2023,5,11,3,19,131,2,0.43388373911755823,-0.900968867902419,0.49999999999999994,-0.8660254037844387,0.7748840413670407,-0.6321034111873487,319.6,0.4,0.10155396892062159,1.506578947368421,77,113.0,119.0,159.0,139.0,138.85714285714286,145.21428571428572,153.23333333333332,25.97067943809318,113.0,101.0,479.4,0.0,138.0,91.0,1.0
2023-05-13,B07HGH8D2R,HP Wireless Mouse,799.0,559.3,30,4.0,9826,10915,1128,0,1,186,143,0,143,2023,5,13,5,19,133,2,-0.9749279121818236,-0.2225209339563146,0.49999999999999994,-0.8660254037844387,0.7526668275320085,-0.6584015846980488,239.70000000000005,0.30000000000000004,0.10334402198808978,1.3006993006993006,43,152.0,185.0,154.0,435.0,143.57142857142858,144.71428571428572,153.66666666666666,24.73093301149499,152.0,142.0,479.4,79.89999999999998,229.0,-43.0,1.0
2023-05-15,B07HGH8D2R,HP Wireless Mouse,799.0,639.2,20,4.3,8385,10531,1485,0,0,74,74,1,143,2023,5,15,0,20,135,2,0.0,1.0,0.49999999999999994,-0.8660254037844387,0.7295575540864875,-0.6839194216246106,159.79999999999995,0.19999999999999996,0.14101224954895072,0.5174825174825175,-69,143.0,154.0,159.0,121.0,137.57142857142858,143.92857142857142,143.93333333333334,16.840993071046995,143.0,154.0,559.3,79.90000000000009,186.0,-112.0,1.0
2023-05-16,B07HGH8D2R,HP Wireless Mouse,799.0,559.3,30,4.3,14089,17442,1949,0,0,320,188,0,188,2023,5,16,1,20,136,2,0.7818314824680298,0.6234898018587336,0.49999999999999994,-0.8660254037844387,0.717676913675962,-0.6963762255968722,239.70000000000005,0.30000000000000004,0.11174177273248481,1.702127659574468,132,143.0,129.0,160.0,94.0,136.0,142.78571428571428,144.66666666666666,15.513435037626966,74.0,129.0,639.2,-79.90000000000009,74.0,246.0,1.0
2023-05-22,B07HGH8D2R,HP Wireless Mouse,799.0,399.5,50,4.3,11113,15237,1833,0,0,208,204,0,204,2023,5,22,0,21,142,2,0.0,1.0,0.49999999999999994,-0.8660254037844387,0.6420547132365637,-0.766658819300159,399.5,0.5,0.12029927151013979,1.0196078431372548,4,188.0,120.0,155.0,138.0,144.42857142857142,144.78571428571428,147.8,24.50072885213254,188.0,120.0,559.3,-159.79999999999995,320.0,-112.0,1.0
2023-05-25,B07HGH8D2R,HP Wireless Mouse,799.0,559.3,30,4.2,7365,10675,1880,0,0,94,94,1,132,2023,5,25,3,21,145,2,0.43388373911755823,-0.900968867902419,0.49999999999999994,-0.8660254037844387,0.6016240632249226,-0.7987793728863649,239.70000000000005,0.30000000000000004,0.17611241217798596,0.7121212121212122,-38,204.0,152.0,134.0,121.0,156.42857142857142,148.28571428571428,150.0,30.4020675988611,204.0,152.0,399.5,159.79999999999995,208.0,-114.0,1.0
2023-05-31,B07HGH8D2R,HP Wireless Mouse,799.0,479.4,40,3.9,7853,14582,1781,0,0,97,97,1,170,2023,5,31,2,22,151,2,0.9749279121818236,-0.22252093395631434,0.49999999999999994,-0.8660254037844387,0.5160623910158528,-0.8565509959010036,319.6,0.4,0.12213688108627074,0.5705882352941176,-73,132.0,113.0,140.0,129.0,153.57142857142858,148.14285714285714,150.36666666666667,31.795477366323446,94.0,113.0,559.3,-79.89999999999998,94.0,3.0,1.0
2023-06-05,B07HGH8D2R,HP Wireless Mouse,799.0,639.2,20,3.8,13278,11526,1378,0,0,120,120,1,126,2023,6,5,0,23,156,2,0.0,1.0,1.2246467991473532e-16,-1.0,0.440518784350495,-0.8977433935342337,159.79999999999995,0.19999999999999996,0.11955578691653652,0.9523809523809523,-6,170.0,152.0,119.0,164.0,161.71428571428572,150.28571428571428,151.73333333333332,26.537484719507635,97.0,152.0,479.4,159.80000000000007,97.0,23.0,1.0
2023-06-23,B07HGH8D2R,HP Wireless Mouse,799.0,399.5,50,4.5,14465,5471,534,0,0,278,144,0,144,2023,6,23,4,25,174,2,-0.433883739117558,-0.9009688679024191,1.2246467991473532e-16,-1.0,0.1457991969198751,-0.9893142039703663,399.5,0.5,0.09760555657101079,1.9305555555555556,134,126.0,143.0,185.0,157.0,158.0,150.78571428571428,150.46666666666667,29.74894956128713,120.0,143.0,639.2,-239.70000000000005,120.0,158.0,1.0
2023-07-07,B07HGH8D2R,HP Wireless Mouse,799.0,639.2,20,4.5,6452,6285,874,0,0,174,93,0,93,2023,7,7,4,27,188,3,-0.433883739117558,-0.9009688679024191,-0.4999999999999997,-0.8660254037844388,-0.09453674981719933,-0.9955213724144752,159.79999999999995,0.19999999999999996,0.1390612569610183,1.8709677419354838,81,144.0,143.0,154.0,179.0,158.14285714285714,147.85714285714286,150.03333333333333,29.667201707320878,144.0,74.0,399.5,239.70000000000005,278.0,-104.0,1.0
2023-07-08,B07HGH8D2R,HP Wireless Mouse,799.0,559.3,30,4.4,6762,15467,1716,0,1,231,174,0,174,2023,7,8,5,27,189,3,-0.9749279121818236,-0.2225209339563146,-0.4999999999999997,-0.8660254037844388,-0.11165900712169444,-0.9937465804361781,239.70000000000005,0.30000000000000004,0.11094588478696579,1.3275862068965518,57,93.0,188.0,129.0,160.0,151.0,143.5,147.16666666666666,38.59620015839218,93.0,188.0,639.2,-79.90000000000009,174.0,57.0,1.0
2023-07-14,B07HGH8D2R,HP Wireless Mouse,799.0,639.2,20,4.2,7022,7870,804,0,0,137,128,0,128,2023,7,14,4,28,195,3,-0.433883739117558,-0.9009688679024191,-0.4999999999999997,-0.8660254037844388,-0.2135209154397959,-0.9769384927771817,159.79999999999995,0.19999999999999996,0.10216010165184244,1.0703125,9,174.0,204.0,120.0,179.0,149.0,146.71428571428572,147.63333333333333,36.67424164178457,174.0,204.0,559.3,79.90000000000009,231.0,-94.0,1.0
2023-07-16,B07HGH8D2R,HP Wireless Mouse,799.0,639.2,20,4.1,9987,11367,1816,0,1,142,142,1,146,2023,7,16,6,28,197,3,-0.7818314824680299,0.6234898018587334,-0.4999999999999997,-0.8660254037844388,-0.24702218048093527,-0.9690098257244063,159.79999999999995,0.19999999999999996,0.15976071082959445,0.9726027397260274,-4,128.0,132.0,152.0,151.0,138.14285714285714,147.28571428571428,145.93333333333334,27.8713028724803,128.0,94.0,639.2,0.0,137.0,5.0,1.0
2023-07-18,B07HGH8D2R,HP Wireless Mouse,799.0,479.4,40,4.0,14500,4087,550,0,0,128,103,0,103,2023,7,18,1,29,199,3,0.7818314824680298,0.6234898018587336,-0.4999999999999997,-0.8660254037844388,-0.2802306751992161,-0.9599326896597445,319.6,0.4,0.13457303645705898,1.2427184466019416,25,146.0,170.0,113.0,127.0,140.14285714285714,146.85714285714286,145.76666666666668,27.859340572649273,142.0,97.0,639.2,-159.80000000000007,142.0,-14.0,1.0
2023-07-19,B07HGH8D2R,HP Wireless Mouse,799.0,559.3,30,4.2,9207,9666,1250,0,0,211,137,0,137,2023,7,19,2,29,200,3,0.9749279121818236,-0.22252093395631434,-0.4999999999999997,-0.8660254037844388,-0.2967128192734901,-0.9549667548552553,239.70000000000005,0.30000000000000004,0.12931926339747568,1.5401459854014599,74,103.0,126.0,152.0,136.0,130.57142857142858,146.14285714285714,144.96666666666667,27.397427755522088,103.0,120.0,479.4,79.89999999999998,128.0,83.0,1.0
2023-07-26,B07HGH8D2R,HP Wireless Mouse,799.0,559.3,30,4.2,12945,7581,1149,0,0,63,63,1,125,2023,7,26,2,30,207,3,0.9749279121818236,-0.22252093395631434,-0.4999999999999997,-0.8660254037844388,-0.4093559588156211,-0.9123747579707274,239.70000000000005,0.30000000000000004,0.1515631183221211,0.504,-62,137.0,144.0,143.0,134.0,132.14285714285714,145.07142857142858,145.0,27.406985553739066,137.0,144.0,559.3,0.0,211.0,-148.0,1.0
2023-08-15,B07HGH8D2R,HP Wireless Mouse,799.0,479.4,40,4.1,7722,8150,982,0,0,149,129,0,129,2023,8,15,1,33,227,3,0.7818314824680298,0.6234898018587336,-0.8660254037844385,-0.5000000000000004,-0.6932812268869771,-0.7206671495538615,319.6,0.4,0.12049079754601227,1.1550387596899225,20,125.0,93.0,143.0,159.0,129.42857142857142,143.78571428571428,144.7,26.974414685383856,63.0,93.0,559.3,-79.89999999999998,63.0,86.0,1.0
2023-08-16,B07HGH8D2R,HP Wireless Mouse,799.0,639.2,20,4.1,13579,8330,904,0,0,206,116,0,116,2023,8,16,2,33,228,3,0.9749279121818236,-0.22252093395631434,-0.8660254037844385,-0.5000000000000004,-0.7055836101071774,-0.70862667826446,159.79999999999995,0.19999999999999996,0.1085234093637455,1.7758620689655173,90,129.0,174.0,188.0,154.0,134.57142857142858,142.78571428571428,143.7,21.808692019904637,129.0,174.0,479.4,159.80000000000007,149.0,57.0,1.0
2023-08-18,B07HGH8D2R,HP Wireless Mouse,799.0,479.4,40,3.9,13648,7077,1009,0,0,176,131,0,131,2023,8,18,4,33,230,3,-0.433883739117558,-0.9009688679024191,-0.8660254037844385,-0.5000000000000004,-0.7295575540864876,-0.6839194216246105,319.6,0.4,0.14257453723329094,1.3435114503816794,45,116.0,128.0,204.0,159.0,126.28571428571429,137.64285714285714,142.43333333333334,13.924969009113326,116.0,128.0,639.2,-159.80000000000007,206.0,-30.0,1.0
2023-08-23,B07HGH8D2R,HP Wireless Mouse,799.0,479.4,40,3.9,7370,8916,647,0,0,251,144,0,144,2023,8,23,2,34,235,3,0.9749279121818236,-0.22252093395631434,-0.8660254037844385,-0.5000000000000004,-0.7856498550787144,-0.6186714032625032,319.6,0.4,0.07256617317182593,1.7430555555555556,107,131.0,146.0,132.0,160.0,126.71428571428571,132.42857142857142,141.5,14.032275720807606,131.0,142.0,479.4,0.0,176.0,75.0,1.0
2023-09-02,B07HGH8D2R,HP Wireless Mouse,799.0,479.4,40,4.2,7385,4360,518,0,1,187,121,0,121,2023,9,2,5,35,245,3,-0.9749279121818236,-0.2225209339563146,-1.0,-1.8369701987210297e-16,-0.8800122039735356,-0.4749510720670502,319.6,0.4,0.11880733944954129,1.5454545454545454,66,144.0,103.0,170.0,155.0,126.42857142857143,133.28571428571428,140.96666666666667,13.58745920395172,144.0,103.0,479.4,0.0,251.0,-64.0,1.0
2023-09-03,B07HGH8D2R,HP Wireless Mouse,799.0,639.2,20,4.1,9462,5423,628,0,1,184,106,0,106,2023,9,3,6,35,246,3,-0.7818314824680299,0.6234898018587334,-1.0,-1.8369701987210297e-16,-0.888057322629493,-0.4597327394521046,159.79999999999995,0.19999999999999996,0.11580306103632676,1.7358490566037736,78,121.0,137.0,126.0,134.0,129.0,129.78571428571428,139.83333333333334,9.504384952922415,121.0,137.0,479.4,159.80000000000007,187.0,-3.0,1.0
2023-09-05,B07HGH8D2R,HP Wireless Mouse,799.0,559.3,30,4.2,8390,6594,813,0,0,74,74,1,123,2023,9,5,1,36,248,3,0.7818314824680298,0.6234898018587336,-1.0,-1.8369701987210297e-16,-0.9033558023246842,-0.4288919379124841,239.70000000000005,0.30000000000000004,0.12329390354868063,0.6016260162601627,-49,106.0,125.0,144.0,140.0,124.57142857142857,128.35714285714286,138.9,12.039617143098265,106.0,63.0,639.2,-79.90000000000009,184.0,-110.0,1.0
2023-09-14,B07HGH8D2R,HP Wireless Mouse,799.0,639.2,20,4.4,10785,10003,1080,0,0,58,58,1,109,2023,9,14,3,37,257,3,0.43388373911755823,-0.900968867902419,-1.0,-1.8369701987210297e-16,-0.9587178169872964,-0.2843591872810036,159.79999999999995,0.19999999999999996,0.10796760971708487,0.5321100917431193,-51,123.0,129.0,93.0,119.0,124.28571428571429,126.85714285714286,138.33333333333334,12.051476890327589,74.0,129.0,559.3,79.90000000000009,74.0,-16.0,1.0
2023-09-21,B07HGH8D2R,HP Wireless Mouse,799.0,639.2,20,4.3,7542,8806,1483,0,0,145,115,0,115,2023,9,21,3,38,264,3,0.43388373911755823,-0.900968867902419,-1.0,-1.8369701987210297e-16,-0.9859481499638303,-0.1670516255021195,159.79999999999995,0.19999999999999996,0.16840790370202136,1.2608695652173914,30,109.0,116.0,174.0,185.0,121.42857142857143,128.0,138.0,13.074875944053376,58.0,116.0,639.2,0.0,58.0,87.0,1.0
2023-09-22,B07HGH8D2R,HP Wireless Mouse,799.0,559.3,30,4.0,14408,7718,660,0,0,143,117,0,117,2023,9,22,4,38,265,3,-0.433883739117558,-0.9009688679024191,-1.0,-1.8369701987210297e-16,-0.9886775902323404,-0.15005539834465262,239.70000000000005,0.30000000000000004,0.08551438196423944,1.2222222222222223,26,115.0,131.0,128.0,154.0,121.28571428571429,123.78571428571429,135.66666666666666,13.14932553041283,115.0,131.0,639.2,-79.90000000000009,145.0,-2.0,1.0
2023-09-27,B07HGH8D2R,HP Wireless Mouse,799.0,319.6,60,3.9,6588,33542,5048,1,0,238,238,1,427,2023,9,27,2,39,270,3,0.9749279121818236,-0.22252093395631434,-1.0,-1.8369701987210297e-16,-0.9979171608653922,-0.06450844944931625,479.4,0.6,0.15049788325084967,0.5573770491803278,-189,117.0,144.0,146.0,129.0,119.28571428571429,123.0,134.43333333333334,12.472827609304687,117.0,144.0,559.3,-239.69999999999993,143.0,95.0,1.0
2023-10-04,B07HGH8D2R,HP Wireless Mouse,799.0,399.5,50,4.5,7357,51586,7854,1,0,610,517,0,517,2023,10,4,2,40,277,4,0.9749279121818236,-0.22252093395631434,-0.8660254037844386,0.5000000000000001,-0.9984354211555643,0.05591699010060302,399.5,0.5,0.1522506106307913,1.1798839458413926,93,427.0,121.0,103.0,120.0,159.71428571428572,143.07142857142858,144.36666666666667,118.01795666439111,238.0,121.0,319.6,79.89999999999998,238.0,372.0,1.0
2023-10-09,B07HGH8D2R,HP Wireless Mouse,799.0,279.65,65,4.4,14965,31273,6384,1,0,277,277,1,424,2023,10,9,0,41,282,4,0.0,1.0,-0.8660254037844386,0.5000000000000001,-0.989932495087353,0.141540295217043,519.35,0.65,0.2041377546126051,0.6533018867924528,-147,517.0,106.0,137.0,152.0,216.28571428571428,172.64285714285714,157.6,176.69249586566514,517.0,106.0,399.5,-119.85000000000002,610.0,-333.0,1.0
2023-10-26,B07HGH8D2R,HP Wireless Mouse,799.0,639.2,20,3.8,15299,8709,1659,0,0,117,113,0,113,2023,10,26,3,43,299,4,0.43388373911755823,-0.900968867902419,-0.8660254037844386,0.5000000000000001,-0.9070138128026362,0.42110087079608916,159.79999999999995,0.19999999999999996,0.190492593868412,1.0353982300884956,4,424.0,123.0,125.0,113.0,261.7142857142857,193.14285714285714,166.66666666666666,184.32644437312325,277.0,74.0,279.65,359.55000000000007,277.0,-160.0,1.0
2023-10-28,B07HGH8D2R,HP Wireless Mouse,799.0,639.2,20,4.2,9012,7916,896,0,1,162,110,0,110,2023,10,28,5,43,301,4,-0.9749279121818236,-0.2225209339563146,-0.8660254037844386,0.5000000000000001,-0.8919813464595487,0.45207220393230374,159.79999999999995,0.19999999999999996,0.11318847902981304,1.4727272727272727,52,113.0,109.0,129.0,152.0,260.2857142857143,192.28571428571428,166.66666666666666,185.6149367963278,113.0,58.0,639.2,0.0,117.0,45.0,1.0
2023-10-30,B07HGH8D2R,HP Wireless Mouse,799.0,479.4,40,4.5,10521,12269,1676,0,0,264,176,0,176,2023,10,30,0,44,303,4,0.0,1.0,-0.8660254037844386,0.5000000000000001,-0.8758917051442433,0.48250774176121763,319.6,0.4,0.1366044502404434,1.5,88,110.0,115.0,116.0,143.0,260.42857142857144,190.92857142857142,165.26666666666668,185.47943025472946,110.0,115.0,639.2,-159.80000000000007,162.0,102.0,1.0
2023-11-04,B07HGH8D2R,HP Wireless Mouse,799.0,399.5,50,4.4,10590,32526,6144,1,1,476,396,0,396,2023,11,4,5,44,308,4,-0.9749279121818236,-0.2225209339563146,-0.5000000000000004,0.8660254037844384,-0.8311706263658079,0.5560174366570446,399.5,0.5,0.1888950378159011,1.202020202020202,80,176.0,117.0,131.0,143.0,269.14285714285717,195.21428571428572,166.36666666666667,178.8215391308968,176.0,117.0,479.4,-79.89999999999998,264.0,212.0,1.0
2023-11-11,B07HGH8D2R,HP Wireless Mouse,799.0,399.5,50,3.8,10400,20200,3257,1,1,188,188,1,318,2023,11,11,5,45,315,4,-0.9749279121818236,-0.2225209339563146,-0.5000000000000004,0.8660254037844384,-0.7583058084785625,0.6518989958787125,399.5,0.5,0.16123762376237624,0.5911949685534591,-130,396.0,427.0,144.0,188.0,309.0,214.14285714285714,174.8,170.14111789923092,396.0,238.0,399.5,0.0,476.0,-288.0,1.0
2023-11-19,B07HGH8D2R,HP Wireless Mouse,799.0,559.3,30,3.8,12504,6275,975,0,1,70,70,1,118,2023,11,19,6,46,323,4,-0.7818314824680299,0.6234898018587334,-0.5000000000000004,0.8660254037844384,-0.661634618242279,0.749826401204568,239.70000000000005,0.30000000000000004,0.1553784860557769,0.5932203389830508,-48,318.0,517.0,121.0,204.0,293.42857142857144,226.57142857142858,179.13333333333333,162.3513239273163,188.0,517.0,399.5,159.79999999999995,188.0,-118.0,1.0
2023-11-22,B07HGH8D2R,HP Wireless Mouse,799.0,399.5,50,4.1,7945,9321,1271,0,0,139,139,1,184,2023,11,22,2,47,326,4,0.9749279121818236,-0.22252093395631434,-0.5000000000000004,0.8660254037844384,-0.622046748440868,0.7829801036770624,399.5,0.5,0.13635875978972214,0.7554347826086957,-45,118.0,424.0,106.0,132.0,236.42857142857142,226.35714285714286,176.26666666666668,139.1616052686674,70.0,277.0,559.3,-159.79999999999995,70.0,69.0,1.0
2023-11-26,B07HGH8D2R,HP Wireless Mouse,799.0,479.4,40,4.3,13282,9155,700,0,1,102,102,1,137,2023,11,26,6,47,330,4,-0.7818314824680299,0.6234898018587334,-0.5000000000000004,0.8660254037844384,-0.5667017562911184,0.8239230057575536,319.6,0.4,0.0764609503003823,0.7445255474452555,-35,184.0,113.0,123.0,170.0,202.14285714285714,231.92857142857142,178.0,112.1998641880174,139.0,113.0,399.5,79.89999999999998,139.0,-37.0,1.0
2023-12-01,B07HGH8D2R,HP Wireless Mouse,799.0,559.3,30,4.4,11791,8312,936,0,0,284,143,0,143,2023,12,1,4,48,335,4,-0.433883739117558,-0.9009688679024191,-2.4492935982947064e-16,1.0,-0.49377555015997737,0.8695893893466109,239.70000000000005,0.30000000000000004,0.1126082771896054,1.986013986013986,141,137.0,110.0,109.0,126.0,205.57142857142858,232.92857142857142,176.9,109.35242283988227,102.0,110.0,479.4,79.89999999999998,102.0,182.0,1.0
2023-12-19,B07HGH8D2R,HP Wireless Mouse,799.0,639.2,20,4.3,8622,10495,1255,0,0,176,133,0,133,2023,12,19,1,51,353,4,0.7818314824680298,0.6234898018587336,-2.4492935982947064e-16,1.0,-0.20510449986861926,0.9787400799669153,159.79999999999995,0.19999999999999996,0.11958075273939972,1.3233082706766917,43,143.0,176.0,115.0,144.0,210.28571428571428,235.35714285714286,177.46666666666667,105.17717478254548,143.0,176.0,559.3,79.90000000000009,284.0,-108.0,1.0
2023-12-29,B07HGH8D2R,HP Wireless Mouse,799.0,559.3,30,4.2,15147,8007,1385,0,0,124,124,1,132,2023,12,29,4,52,363,4,-0.433883739117558,-0.9009688679024191,-2.4492935982947064e-16,1.0,-0.034421611622745804,0.9994074007397048,239.70000000000005,0.30000000000000004,0.1729736480579493,0.9393939393939394,-8,133.0,396.0,117.0,93.0,204.14285714285714,236.64285714285714,177.1,108.70974898236841,133.0,396.0,639.2,-79.90000000000009,176.0,-52.0,1.0
2023-12-30,B07HGH8D2R,HP Wireless Mouse,799.0,399.5,50,4.5,14525,11607,1347,0,1,93,93,1,172,2023,12,30,5,52,364,4,-0.9749279121818236,-0.2225209339563146,-2.4492935982947064e-16,1.0,-0.01721335615583528,0.9998518392091162,399.5,0.5,0.1160506590850349,0.5406976744186046,-79,132.0,318.0,427.0,174.0,166.42857142857142,237.71428571428572,178.4,69.93534428993982,124.0,188.0,559.3,-159.79999999999995,124.0,-31.0,1.0
2023-12-31,B07HGH8D2R,HP Wireless Mouse,799.0,479.4,40,4.3,13068,12885,1950,0,1,159,159,1,173,2023,12,31,6,52,365,4,-0.7818314824680299,0.6234898018587334,-2.4492935982947064e-16,1.0,6.432490598706546e-16,1.0,319.6,0.4,0.15133876600698487,0.9190751445086706,-14,172.0,118.0,517.0,128.0,145.57142857142858,219.5,178.33333333333334,23.656268674900737,93.0,70.0,399.5,79.89999999999998,93.0,66.0,1.0
2024-01-07,B07HGH8D2R,HP Wireless Mouse,799.0,559.3,30,4.3,8984,11273,1446,0,1,98,98,1,147,2024,1,7,6,1,7,1,-0.7818314824680299,0.6234898018587334,0.49999999999999994,0.8660254037844387,0.1202080448993527,0.9927487224577402,239.70000000000005,0.30000000000000004,0.1282710902155593,0.6666666666666666,-49,173.0,184.0,424.0,146.0,153.42857142857142,194.92857142857142,179.83333333333334,22.051886864523734,159.0,139.0,479.4,79.89999999999998,159.0,-61.0,1.0
2024-01-13,B07HGH8D2R,HP Wireless Mouse,799.0,479.4,40,3.9,9287,11157,1840,0,1,256,156,0,156,2024,1,13,5,2,13,1,-0.9749279121818236,-0.2225209339563146,0.49999999999999994,0.8660254037844387,0.2219215130041655,0.9750645322571948,319.6,0.4,0.16491888500492963,1.641025641025641,100,147.0,137.0,113.0,103.0,148.14285714285714,175.14285714285714,179.86666666666667,17.45879502742286,98.0,102.0,559.3,-79.89999999999998,98.0,158.0,1.0
2024-01-20,B07HGH8D2R,HP Wireless Mouse,799.0,639.2,20,4.3,8444,13451,1860,0,1,263,144,0,144,2024,1,20,5,3,20,1,-0.9749279121818236,-0.2225209339563146,0.49999999999999994,0.8660254037844387,0.3375228995941133,0.9413173175128471,159.79999999999995,0.19999999999999996,0.138279681808044,1.8263888888888888,119,156.0,143.0,110.0,137.0,150.85714285714286,178.21428571428572,181.63333333333333,16.90590204069468,156.0,143.0,479.4,159.80000000000007,256.0,7.0,1.0
2024-01-23,B07HGH8D2R,HP Wireless Mouse,799.0,479.4,40,4.2,14273,10266,1691,0,0,271,151,0,151,2024,1,23,1,4,23,1,0.7818314824680298,0.6234898018587336,0.49999999999999994,0.8660254037844387,0.38566340624360707,0.9226395488404876,319.6,0.4,0.16471848821352036,1.794701986754967,120,144.0,133.0,176.0,125.0,151.0,180.64285714285714,181.86666666666667,16.83250823060467,144.0,133.0,639.2,-159.80000000000007,263.0,8.0,1.0
2024-01-29,B07HGH8D2R,HP Wireless Mouse,799.0,479.4,40,4.3,15920,6597,714,0,0,208,123,0,123,2024,1,29,0,5,29,1,0.0,1.0,0.49999999999999994,0.8660254037844387,0.47873384011578846,0.8779600847008882,319.6,0.4,0.10823101409731696,1.6910569105691058,85,151.0,132.0,396.0,129.0,153.57142857142858,178.85714285714286,182.73333333333332,14.886875011871624,151.0,124.0,479.4,0.0,271.0,-63.0,1.0
2024-01-30,B07HGH8D2R,HP Wireless Mouse,799.0,639.2,20,4.5,10638,6905,1068,0,0,56,56,1,102,2024,1,30,1,5,30,1,0.7818314824680298,0.6234898018587336,0.49999999999999994,0.8660254037844387,0.49377555015997715,0.869589389346611,159.79999999999995,0.19999999999999996,0.15467052860246197,0.5490196078431373,-46,123.0,172.0,318.0,116.0,152.28571428571428,159.35714285714286,182.53333333333333,17.259917783836695,123.0,93.0,479.4,159.80000000000007,208.0,-152.0,1.0
2024-02-12,B07HGH8D2R,HP Wireless Mouse,799.0,479.4,40,4.1,7090,7942,1332,0,0,78,78,1,142,2024,2,12,0,7,43,1,0.0,1.0,0.8660254037844386,0.5000000000000001,0.6744436188329455,0.7383263540031065,319.6,0.4,0.16771594056912617,0.5492957746478874,-64,102.0,173.0,118.0,131.0,142.28571428571428,143.92857142857142,182.06666666666666,23.192773915700638,56.0,159.0,639.2,-159.80000000000007,56.0,22.0,1.0
2024-02-17,B07HGH8D2R,HP Wireless Mouse,799.0,479.4,40,4.3,7038,8316,1463,0,1,93,93,1,142,2024,2,17,5,7,48,1,-0.9749279121818236,-0.2225209339563146,0.8660254037844386,0.5000000000000001,0.7354170229639855,0.6776147890466889,319.6,0.4,0.17592592592592593,0.6549295774647887,-49,142.0,147.0,184.0,144.0,137.85714285714286,145.64285714285714,182.43333333333334,18.91585376898348,78.0,98.0,479.4,0.0,78.0,15.0,1.0
2024-02-19,B07HGH8D2R,HP Wireless Mouse,799.0,639.2,20,4.0,9096,11165,1347,0,0,232,129,0,129,2024,2,19,0,8,50,1,0.0,1.0,0.8660254037844386,0.5000000000000001,0.7583058084785624,0.6518989958787126,159.79999999999995,0.19999999999999996,0.1206448723690103,1.7984496124031009,103,142.0,156.0,137.0,121.0,137.14285714285714,142.64285714285714,182.36666666666667,18.604914865241923,93.0,156.0,479.4,159.80000000000007,93.0,139.0,1.0
2024-02-20,B07HGH8D2R,HP Wireless Mouse,799.0,559.3,30,4.4,14388,8627,913,0,0,271,142,0,142,2024,2,20,1,8,51,1,0.7818314824680298,0.6234898018587336,0.8660254037844386,0.5000000000000001,0.7694148268839378,0.6387494220515272,239.70000000000005,0.30000000000000004,0.10583053205053901,1.908450704225352,129,129.0,144.0,143.0,106.0,133.28571428571428,142.07142857142858,182.63333333333333,16.750266522401123,129.0,144.0,639.2,-79.90000000000009,232.0,39.0,1.0
2024-02-21,B07HGH8D2R,HP Wireless Mouse,799.0,559.3,30,4.1,13063,11827,1895,0,0,165,162,0,162,2024,2,21,2,8,52,1,0.9749279121818236,-0.22252093395631434,0.8660254037844386,0.5000000000000001,0.7802958510707755,0.6254105729852463,239.70000000000005,0.30000000000000004,0.16022660015219414,1.0185185185185186,3,142.0,151.0,133.0,123.0,133.0,142.0,183.83333333333334,16.552945357248156,142.0,151.0,559.3,0.0,271.0,-106.0,1.0
2024-03-04,B07HGH8D2R,HP Wireless Mouse,799.0,559.3,30,4.0,6286,6713,705,0,0,114,111,0,111,2024,3,4,0,10,64,1,0.0,1.0,1.0,6.123233995736766e-17,0.8919813464595485,0.45207220393230435,239.70000000000005,0.30000000000000004,0.10502011023387457,1.027027027027027,3,162.0,123.0,132.0,109.0,134.57142857142858,144.07142857142858,185.13333333333333,18.902002917303697,162.0,123.0,559.3,0.0,165.0,-51.0,1.0
2024-03-07,B07HGH8D2R,HP Wireless Mouse,799.0,639.2,20,4.3,10085,16068,1878,0,0,131,131,1,177,2024,3,7,3,10,67,1,0.43388373911755823,-0.900968867902419,1.0,6.123233995736766e-17,0.9141279881853337,0.40542572835999735,159.79999999999995,0.19999999999999996,0.11687826736370426,0.7401129943502824,-46,111.0,102.0,172.0,115.0,132.85714285714286,142.57142857142858,185.2,20.59472886791425,111.0,56.0,559.3,79.90000000000009,114.0,17.0,1.0
2024-03-08,B07HGH8D2R,HP Wireless Mouse,799.0,639.2,20,4.3,9238,8231,719,0,0,190,120,0,120,2024,3,8,4,10,68,1,-0.433883739117558,-0.9009688679024191,1.0,6.123233995736766e-17,0.9209712877166346,0.38963044953078796,159.79999999999995,0.19999999999999996,0.08735269104604544,1.5833333333333333,70,177.0,142.0,173.0,117.0,143.57142857142858,142.92857142857142,187.26666666666668,21.360845355129474,131.0,78.0,639.2,0.0,131.0,59.0,1.0
2024-03-09,B07HGH8D2R,HP Wireless Mouse,799.0,559.3,30,4.4,12175,16396,1993,0,1,260,183,0,183,2024,3,9,5,10,69,1,-0.9749279121818236,-0.2225209339563146,1.0,6.123233995736766e-17,0.9275416835791966,0.37371971479046906,239.70000000000005,0.30000000000000004,0.12155403757013906,1.4207650273224044,77,120.0,142.0,147.0,427.0,140.42857142857142,139.14285714285714,187.36666666666667,23.172232972944652,120.0,93.0,639.2,-79.90000000000009,190.0,70.0,1.0
2024-03-10,B07HGH8D2R,HP Wireless Mouse,799.0,479.4,40,4.0,6917,11515,1582,0,1,281,156,0,156,2024,3,10,6,10,70,1,-0.7818314824680299,0.6234898018587334,1.0,6.123233995736766e-17,0.9338372288229252,0.35769823883312546,319.6,0.4,0.13738601823708207,1.8012820512820513,125,183.0,129.0,156.0,517.0,146.28571428571428,141.71428571428572,179.23333333333332,28.25900614974756,183.0,129.0,559.3,-79.89999999999998,260.0,21.0,1.0
2024-03-15,B07HGH8D2R,HP Wireless Mouse,799.0,479.4,40,4.0,16049,7152,1327,0,0,235,121,0,121,2024,3,15,4,11,75,1,-0.433883739117558,-0.9009688679024191,1.0,6.123233995736766e-17,0.9611297838723007,0.27609697309746883,319.6,0.4,0.18554250559284116,1.9421487603305785,114,156.0,142.0,144.0,424.0,150.14285714285714,141.71428571428572,167.2,27.333914047258194,156.0,142.0,479.4,0.0,281.0,-46.0,1.0
2024-03-17,B07HGH8D2R,HP Wireless Mouse,799.0,639.2,20,3.9,16190,7540,798,0,1,113,106,0,106,2024,3,17,6,11,77,1,-0.7818314824680299,0.6234898018587334,1.0,6.123233995736766e-17,0.9700639218515071,0.2428497220959356,159.79999999999995,0.19999999999999996,0.10583554376657825,1.0660377358490567,7,121.0,162.0,151.0,113.0,147.14285714285714,140.07142857142858,157.1,29.44728947021948,121.0,162.0,479.4,159.80000000000007,235.0,-122.0,1.0
2024-03-19,B07HGH8D2R,HP Wireless Mouse,799.0,639.2,20,3.8,7248,8177,613,0,0,215,112,0,112,2024,3,19,1,12,79,1,0.7818314824680298,0.6234898018587336,1.0,6.123233995736766e-17,0.9778483415056568,0.20931464596304847,159.79999999999995,0.19999999999999996,0.07496636908401615,1.9196428571428572,103,106.0,111.0,123.0,110.0,139.14285714285714,136.85714285714286,156.86666666666667,32.21505119985947,106.0,111.0,639.2,0.0,113.0,102.0,1.0
2024-04-11,B07HGH8D2R,HP Wireless Mouse,799.0,399.5,50,3.9,11472,9665,1516,0,0,112,112,1,148,2024,4,11,3,15,102,2,0.43388373911755823,-0.900968867902419,0.8660254037844387,-0.4999999999999998,0.9829265519799822,-0.18399835165768005,399.5,0.5,0.15685463010863943,0.7567567567567568,-36,112.0,177.0,102.0,176.0,139.28571428571428,136.07142857142858,156.93333333333334,32.0713490294916,112.0,131.0,639.2,-239.70000000000005,215.0,-103.0,1.0
2024-04-15,B07HGH8D2R,HP Wireless Mouse,799.0,479.4,40,3.9,9826,9456,1650,0,0,208,165,0,165,2024,4,15,0,16,106,2,0.0,1.0,0.8660254037844387,-0.4999999999999998,0.9679377830240642,-0.25119006388481935,319.6,0.4,0.17449238578680204,1.2606060606060605,43,148.0,120.0,142.0,396.0,135.14285714285714,139.35714285714286,156.0,28.002550904210505,112.0,120.0,399.5,79.89999999999998,112.0,96.0,1.0
2024-04-21,B07HGH8D2R,HP Wireless Mouse,799.0,639.2,20,3.8,10940,7865,807,0,1,63,63,1,98,2024,4,21,6,16,112,2,-0.7818314824680299,0.6234898018587334,0.8660254037844387,-0.4999999999999998,0.9368813462954315,-0.3496474552512284,159.79999999999995,0.19999999999999996,0.10260648442466624,0.6428571428571429,-35,165.0,183.0,142.0,318.0,141.57142857142858,141.0,148.3,29.090990259627755,165.0,183.0,479.4,159.80000000000007,208.0,-145.0,1.0
2024-05-05,B07HGH8D2R,HP Wireless Mouse,799.0,639.2,20,3.8,14001,8477,1826,0,1,103,103,1,129,2024,5,5,6,18,126,2,-0.7818314824680299,0.6234898018587334,0.49999999999999994,-0.8660254037844387,0.8263541987239096,-0.5631507242749186,159.79999999999995,0.19999999999999996,0.21540639377138138,0.7984496124031008,-26,98.0,156.0,129.0,118.0,129.42857142857142,137.85714285714286,140.96666666666667,26.54466137699052,63.0,156.0,639.2,0.0,63.0,40.0,1.0
2024-05-09,B07HGH8D2R,HP Wireless Mouse,799.0,639.2,20,4.1,8986,10700,1114,0,0,93,93,1,126,2024,5,9,3,19,130,2,0.43388373911755823,-0.900968867902419,0.49999999999999994,-0.8660254037844387,0.7856498550787147,-0.6186714032625031,159.79999999999995,0.19999999999999996,0.10411214953271028,0.7380952380952381,-33,129.0,121.0,142.0,184.0,125.57142857142857,137.85714285714286,141.33333333333334,23.866693269472687,103.0,121.0,639.2,0.0,103.0,-10.0,1.0
2024-05-18,B07HGH8D2R,HP Wireless Mouse,799.0,639.2,20,4.2,11822,8894,1810,0,1,82,82,1,118,2024,5,18,5,20,139,2,-0.9749279121818236,-0.2225209339563146,0.49999999999999994,-0.8660254037844387,0.6807734094770161,-0.7324940716135789,159.79999999999995,0.19999999999999996,0.20350798290982686,0.6949152542372882,-36,126.0,106.0,162.0,137.0,126.28571428571429,136.71428571428572,139.4,23.781745700672893,93.0,106.0,639.2,0.0,93.0,-11.0,1.0
2024-05-21,B07HGH8D2R,HP Wireless Mouse,799.0,639.2,20,4.5,9059,9714,1119,0,0,67,67,1,107,2024,5,21,1,21,142,2,0.7818314824680298,0.6234898018587336,0.49999999999999994,-0.8660254037844387,0.6420547132365637,-0.766658819300159,159.79999999999995,0.19999999999999996,0.11519456454601606,0.6261682242990654,-40,118.0,112.0,111.0,143.0,128.0,133.57142857142858,138.76666666666668,22.472205054245226,82.0,112.0,639.2,0.0,82.0,-15.0,1.0
2024-06-03,B07HGH8D2R,HP Wireless Mouse,799.0,639.2,20,4.1,12112,6550,960,0,0,76,76,1,101,2024,6,3,0,23,155,2,0.0,1.0,1.2246467991473532e-16,-1.0,0.4559066935084588,-0.8900275764346767,159.79999999999995,0.19999999999999996,0.1465648854961832,0.7524752475247525,-25,107.0,148.0,177.0,133.0,127.28571428571429,133.28571428571428,137.56666666666666,23.135213317325174,67.0,112.0,639.2,0.0,67.0,9.0,1.0
2024-06-05,B07HGH8D2R,HP Wireless Mouse,799.0,639.2,20,4.4,15584,5315,720,0,0,161,103,0,103,2024,6,5,2,23,157,2,0.9749279121818236,-0.22252093395631434,1.2246467991473532e-16,-1.0,0.42500033996955416,-0.9051931898913974,159.79999999999995,0.19999999999999996,0.1354656632173095,1.5631067961165048,58,101.0,165.0,120.0,132.0,120.57142857142857,127.85714285714286,136.5,22.940917904167655,76.0,165.0,639.2,0.0,76.0,85.0,1.0
2024-06-10,B07HGH8D2R,HP Wireless Mouse,799.0,559.3,30,4.0,11580,10355,1386,0,0,201,145,0,145,2024,6,10,0,24,162,2,0.0,1.0,1.2246467991473532e-16,-1.0,0.3456123126707335,-0.9383773917408641,239.70000000000005,0.30000000000000004,0.13384838242394978,1.3862068965517242,56,103.0,98.0,183.0,172.0,111.71428571428571,126.64285714285714,135.53333333333333,12.539461521059911,103.0,63.0,639.2,-79.90000000000009,161.0,40.0,1.0
2024-06-17,B07HGH8D2R,HP Wireless Mouse,799.0,639.2,20,4.1,9268,11519,1345,0,0,214,146,0,146,2024,6,17,0,25,169,2,0.0,1.0,1.2246467991473532e-16,-1.0,0.23030567023061221,-0.9731183372332619,159.79999999999995,0.19999999999999996,0.11676360795207917,1.4657534246575343,68,145.0,129.0,156.0,173.0,118.42857142857143,123.92857142857143,134.63333333333333,16.060896019600747,145.0,103.0,559.3,79.90000000000009,201.0,13.0,1.0
2024-06-21,B07HGH8D2R,HP Wireless Mouse,799.0,639.2,20,3.9,12286,16037,1924,0,0,128,128,1,170,2024,6,21,4,25,173,2,-0.433883739117558,-0.9009688679024191,1.2246467991473532e-16,-1.0,0.16280701293851715,-0.986657932891657,159.79999999999995,0.19999999999999996,0.11997256344702875,0.7529411764705882,-42,146.0,126.0,121.0,147.0,120.85714285714286,123.21428571428571,133.73333333333332,18.951064802350896,146.0,93.0,639.2,0.0,214.0,-86.0,1.0
2024-06-23,B07HGH8D2R,HP Wireless Mouse,799.0,399.5,50,4.2,6942,12938,1932,0,1,314,192,0,192,2024,6,23,6,25,175,2,-0.7818314824680299,0.6234898018587334,1.2246467991473532e-16,-1.0,0.12874817745258132,-0.99167731989929,399.5,0.5,0.14932756221981758,1.6354166666666667,122,170.0,118.0,106.0,156.0,127.14285714285714,126.71428571428571,134.5,26.66726189811962,128.0,82.0,639.2,-239.70000000000005,128.0,186.0,1.0
2024-06-28,B07HGH8D2R,HP Wireless Mouse,799.0,479.4,40,4.0,10671,16695,1723,0,0,167,167,1,182,2024,6,28,4,26,180,2,-0.433883739117558,-0.9009688679024191,1.2246467991473532e-16,-1.0,0.04302223300453059,-0.99907411510223,319.6,0.4,0.10320455226115603,0.9175824175824175,-15,192.0,107.0,112.0,144.0,137.71428571428572,132.85714285714286,135.7,35.60765032833261,192.0,67.0,399.5,79.89999999999998,314.0,-147.0,1.0
2024-07-05,B07HGH8D2R,HP Wireless Mouse,799.0,639.2,20,4.2,9034,11140,1297,0,0,278,142,0,142,2024,7,5,4,27,187,3,-0.433883739117558,-0.9009688679024191,-0.4999999999999997,-0.8660254037844388,-0.07738647923346322,-0.9970011699250151,159.79999999999995,0.19999999999999996,0.11642728904847396,1.9577464788732395,136,182.0,101.0,148.0,151.0,148.42857142857142,137.85714285714286,136.96666666666667,36.10566503499263,167.0,76.0,479.4,159.80000000000007,167.0,111.0,1.0
2024-07-11,B07HGH8D2R,HP Wireless Mouse,799.0,639.2,20,4.5,14782,12191,1562,0,0,224,135,0,135,2024,7,11,3,28,193,3,0.43388373911755823,-0.900968867902419,-0.4999999999999997,-0.8660254037844388,-0.17976658572556214,-0.9837092937736098,159.79999999999995,0.19999999999999996,0.12812730702977607,1.6592592592592592,89,142.0,103.0,165.0,123.0,154.28571428571428,137.42857142857142,136.66666666666666,29.926099454681196,142.0,103.0,639.2,0.0,278.0,-54.0,1.0
2024-07-27,B07HGH8D2R,HP Wireless Mouse,799.0,639.2,20,3.9,7860,10712,1349,0,1,270,138,0,138,2024,7,27,5,30,209,3,-0.9749279121818236,-0.2225209339563146,-0.4999999999999997,-0.8660254037844388,-0.4405187843504952,-0.8977433935342336,159.79999999999995,0.19999999999999996,0.12593353248693054,1.9565217391304348,132,135.0,145.0,98.0,102.0,158.85714285714286,135.28571428571428,137.06666666666666,22.244314415363878,135.0,145.0,639.2,0.0,224.0,46.0,1.0
2024-07-28,B07HGH8D2R,HP Wireless Mouse,799.0,559.3,30,4.4,7216,9911,1472,0,1,127,127,1,150,2024,7,28,6,30,210,3,-0.7818314824680299,0.6234898018587334,-0.4999999999999997,-0.8660254037844388,-0.455906693508459,-0.8900275764346766,239.70000000000005,0.30000000000000004,0.14852184441529614,0.8466666666666667,-23,138.0,146.0,129.0,142.0,157.85714285714286,138.14285714285714,138.26666666666668,23.111530826470553,138.0,146.0,639.2,-79.90000000000009,270.0,-143.0,1.0
2024-07-31,B07HGH8D2R,HP Wireless Mouse,799.0,559.3,30,3.9,12333,14462,1691,0,0,207,165,0,165,2024,7,31,2,31,213,3,0.9749279121818236,-0.22252093395631434,-0.4999999999999997,-0.8660254037844388,-0.5012418134457756,-0.8653072543632061,239.70000000000005,0.30000000000000004,0.11692711934725487,1.2545454545454546,42,150.0,170.0,126.0,142.0,158.42857142857142,139.64285714285714,138.53333333333333,22.81707798161476,127.0,128.0,559.3,0.0,127.0,80.0,1.0
2024-08-02,B07HGH8D2R,HP Wireless Mouse,799.0,399.5,50,3.9,11495,10750,1126,0,0,246,178,0,178,2024,8,2,4,31,215,3,-0.433883739117558,-0.9009688679024191,-0.8660254037844385,-0.5000000000000004,-0.5307300481619331,-0.8475409228928312,399.5,0.5,0.10474418604651163,1.3820224719101124,68,165.0,192.0,118.0,129.0,157.71428571428572,142.42857142857142,139.3,22.470085934522,165.0,192.0,559.3,-159.79999999999995,207.0,39.0,1.0
2024-08-03,B07HGH8D2R,HP Wireless Mouse,799.0,559.3,30,4.2,10036,6614,812,0,1,168,108,0,108,2024,8,3,5,31,216,3,-0.9749279121818236,-0.2225209339563146,-0.8660254037844385,-0.5000000000000004,-0.5452404385406507,-0.8382797052177745,239.70000000000005,0.30000000000000004,0.12276988206833989,1.5555555555555556,60,178.0,182.0,107.0,142.0,155.71428571428572,146.71428571428572,140.93333333333334,19.310742137598016,178.0,167.0,399.5,159.79999999999995,246.0,-78.0,1.0
2024-08-08,B07HGH8D2R,HP Wireless Mouse,799.0,639.2,20,4.2,11003,9285,928,0,0,155,135,0,135,2024,8,8,3,32,221,3,0.43388373911755823,-0.900968867902419,-0.8660254037844385,-0.5000000000000004,-0.6152845999633277,-0.7883050558305253,159.79999999999995,0.19999999999999996,0.09994614970382337,1.1481481481481481,20,108.0,142.0,101.0,162.0,145.14285714285714,146.78571428571428,139.8,22.512430428755717,108.0,142.0,559.3,79.90000000000009,168.0,-13.0,1.0
2024-08-14,B07HGH8D2R,HP Wireless Mouse,799.0,479.4,40,4.0,6839,4758,690,0,0,176,120,0,120,2024,8,14,2,33,227,3,0.9749279121818236,-0.22252093395631434,-0.8660254037844385,-0.5000000000000004,-0.6932812268869771,-0.7206671495538615,319.6,0.4,0.1450189155107188,1.4666666666666666,56,135.0,135.0,103.0,111.0,144.14285714285714,149.21428571428572,138.9,22.82855354907314,135.0,135.0,639.2,-159.80000000000007,155.0,21.0,1.0
2024-08-30,B07HGH8D2R,HP Wireless Mouse,799.0,639.2,20,3.8,13745,7430,1524,0,0,128,102,0,102,2024,8,30,4,35,243,3,-0.433883739117558,-0.9009688679024191,-0.8660254037844385,-0.5000000000000004,-0.8631421280499115,-0.5049610547215202,159.79999999999995,0.19999999999999996,0.20511440107671602,1.2549019607843137,26,120.0,138.0,145.0,177.0,142.0,150.42857142857142,139.2,24.474476501041707,120.0,138.0,479.4,159.80000000000007,176.0,-48.0,1.0
2024-09-01,B07HGH8D2R,HP Wireless Mouse,799.0,559.3,30,4.1,7872,8634,790,0,1,184,126,0,126,2024,9,1,6,35,245,3,-0.7818314824680299,0.6234898018587334,-1.0,-1.8369701987210297e-16,-0.8800122039735356,-0.4749510720670502,239.70000000000005,0.30000000000000004,0.09149872596710679,1.4603174603174602,58,102.0,150.0,146.0,120.0,136.85714285714286,147.35714285714286,136.7,28.84688643758456,102.0,127.0,639.2,-79.90000000000009,128.0,56.0,1.0
2024-09-03,B07HGH8D2R,HP Wireless Mouse,799.0,399.5,50,4.0,16761,10813,1208,0,0,84,84,1,153,2024,9,3,1,36,247,3,0.7818314824680298,0.6234898018587336,-1.0,-1.8369701987210297e-16,-0.8958392907349089,-0.4443781781046134,399.5,0.5,0.1117173772311107,0.5490196078431373,-69,126.0,165.0,170.0,183.0,133.42857142857142,145.92857142857142,136.9,28.44794745294917,126.0,165.0,559.3,-159.79999999999995,184.0,-100.0,1.0
2024-09-08,B07HGH8D2R,HP Wireless Mouse,799.0,559.3,30,4.4,7766,10679,1705,0,1,141,141,1,142,2024,9,8,6,36,252,3,-0.7818314824680299,0.6234898018587334,-1.0,-1.8369701987210297e-16,-0.9307239310379793,-0.3657225234972692,239.70000000000005,0.30000000000000004,0.15965914411461749,0.9929577464788732,-1,153.0,178.0,192.0,156.0,131.71428571428572,144.71428571428572,135.9,26.52492089661101,84.0,178.0,399.5,159.79999999999995,84.0,57.0,1.0
2024-09-19,B07HGH8D2R,HP Wireless Mouse,799.0,399.5,50,4.5,13818,10357,1620,0,0,138,138,1,169,2024,9,19,3,38,263,3,0.43388373911755823,-0.900968867902419,-1.0,-1.8369701987210297e-16,-0.9829265519799822,-0.18399835165767986,399.5,0.5,0.15641595056483537,0.8165680473372781,-31,142.0,108.0,182.0,121.0,126.57142857142857,141.14285714285714,135.43333333333334,18.25611443560095,141.0,108.0,559.3,-159.79999999999995,141.0,-3.0,1.0
2024-10-04,B07HGH8D2R,HP Wireless Mouse,799.0,399.5,50,4.2,11169,46976,7455,1,0,435,435,1,474,2024,10,4,4,40,278,4,-0.433883739117558,-0.9009688679024191,-0.8660254037844386,0.5000000000000001,-0.9973249731081555,0.07309512989807776,399.5,0.5,0.15869805858310626,0.9177215189873418,-39,169.0,135.0,142.0,106.0,135.28571428571428,140.21428571428572,137.03333333333333,22.073470394075734,138.0,135.0,399.5,0.0,138.0,297.0,1.0
2024-10-07,B07HGH8D2R,HP Wireless Mouse,799.0,399.5,50,3.8,8536,35326,4793,1,0,413,413,1,419,2024,10,7,0,41,281,4,0.0,1.0,-0.8660254037844386,0.5000000000000001,-0.9922222094179324,0.12447926388678869,399.5,0.5,0.1356791032101002,0.9856801909307876,-6,474.0,120.0,135.0,112.0,183.71428571428572,163.92857142857142,149.3,129.89317955627283,435.0,120.0,399.5,0.0,435.0,-22.0,1.0
2024-10-11,B07HGH8D2R,HP Wireless Mouse,799.0,319.6,60,4.4,13613,12710,2142,1,0,214,214,1,292,2024,10,11,4,41,285,4,-0.433883739117558,-0.9009688679024191,-0.8660254037844386,0.5000000000000001,-0.9813064702716093,0.19245158197082995,479.4,0.6,0.16852871754523996,0.7328767123287672,-78,419.0,102.0,138.0,148.0,226.42857142857142,184.21428571428572,159.53333333333333,152.62247228904099,413.0,102.0,399.5,-79.89999999999998,413.0,-199.0,1.0
2024-10-12,B07HGH8D2R,HP Wireless Mouse,799.0,399.5,50,4.2,13035,32169,7273,1,1,671,401,0,401,2024,10,12,5,41,286,4,-0.9749279121818236,-0.2225209339563146,-0.8660254037844386,0.5000000000000001,-0.9778483415056567,0.20931464596304888,399.5,0.5,0.2260872268332867,1.6733167082294265,270,292.0,126.0,150.0,165.0,253.57142857142858,195.21428571428572,164.33333333333334,143.42344896942672,214.0,126.0,319.6,79.89999999999998,214.0,457.0,1.0
2024-10-13,B07HGH8D2R,HP Wireless Mouse,799.0,399.5,50,4.5,10676,48552,7925,1,1,797,505,0,505,2024,10,13,6,41,287,4,-0.7818314824680299,0.6234898018587334,-0.8660254037844386,0.5000000000000001,-0.9741004551724206,0.22611568550828803,399.5,0.5,0.16322705552809358,1.5782178217821783,292,401.0,153.0,165.0,98.0,292.85714285714283,213.14285714285714,172.2,140.28474444432493,401.0,84.0,399.5,0.0,671.0,126.0,1.0
2024-10-18,B07HGH8D2R,HP Wireless Mouse,799.0,639.2,20,4.2,15911,14108,1961,0,0,234,137,0,137,2024,10,18,4,42,292,4,-0.433883739117558,-0.9009688679024191,-0.8660254037844386,0.5000000000000001,-0.9510565162951536,0.30901699437494723,159.79999999999995,0.19999999999999996,0.13899914941876948,1.7080291970802919,97,505.0,142.0,178.0,129.0,343.14285714285717,237.42857142857142,185.76666666666668,144.81186481250842,505.0,141.0,399.5,239.70000000000005,797.0,-563.0,1.0
2024-10-21,B07HGH8D2R,HP Wireless Mouse,799.0,639.2,20,4.1,15969,16261,1966,0,0,133,133,1,155,2024,10,21,0,43,295,4,0.0,1.0,-0.8660254037844386,0.5000000000000001,-0.9338372288229252,0.35769823883312546,159.79999999999995,0.19999999999999996,0.12090277350716438,0.8580645161290322,-22,137.0,169.0,108.0,126.0,342.42857142857144,234.5,186.03333333333333,145.97700405983727,137.0,138.0,639.2,0.0,234.0,-101.0,1.0
2024-10-24,B07HGH8D2R,HP Wireless Mouse,799.0,639.2,20,3.9,9262,11665,1749,0,0,183,148,0,148,2024,10,24,3,43,298,4,0.43388373911755823,-0.900968867902419,-0.8660254037844386,0.5000000000000001,-0.9141279881853337,0.4054257283599973,159.79999999999995,0.19999999999999996,0.14993570510072868,1.2364864864864864,35,155.0,474.0,135.0,118.0,340.42857142857144,237.85714285714286,187.0,148.8174016962367,133.0,435.0,639.2,0.0,133.0,50.0,1.0
2024-10-25,B07HGH8D2R,HP Wireless Mouse,799.0,479.4,40,4.0,15523,7719,935,0,0,260,151,0,151,2024,10,25,4,43,299,4,-0.433883739117558,-0.9009688679024191,-0.8660254037844386,0.5000000000000001,-0.9070138128026362,0.42110087079608916,319.6,0.4,0.12112968001036403,1.7218543046357615,109,148.0,419.0,120.0,107.0,293.85714285714283,238.78571428571428,188.0,151.04351312500276,148.0,413.0,639.2,-159.80000000000007,183.0,77.0,1.0
2024-10-28,B07HGH8D2R,HP Wireless Mouse,799.0,639.2,20,4.0,9661,10312,1390,0,0,64,64,1,127,2024,10,28,0,44,302,4,0.0,1.0,-0.8660254037844386,0.5000000000000001,-0.8840675099433637,0.46735921715800205,159.79999999999995,0.19999999999999996,0.13479441427463149,0.5039370078740157,-63,151.0,292.0,102.0,101.0,255.57142857142858,241.0,189.46666666666667,147.97055691686012,151.0,214.0,479.4,159.80000000000007,260.0,-196.0,1.0
2024-10-29,B07HGH8D2R,HP Wireless Mouse,799.0,639.2,20,4.4,13160,11828,1674,0,0,144,144,0,144,2024,10,29,1,44,303,4,0.7818314824680298,0.6234898018587336,-0.8660254037844386,0.5000000000000001,-0.8758917051442433,0.48250774176121763,159.79999999999995,0.19999999999999996,0.1415285762597227,1.0,0,127.0,401.0,126.0,103.0,232.0,242.78571428571428,190.33333333333334,154.2108945567726,64.0,401.0,639.2,0.0,64.0,80.0,1.0
2024-10-30,B07HGH8D2R,HP Wireless Mouse,799.0,559.3,30,3.9,9896,9635,1692,0,0,72,72,1,133,2024,10,30,2,44,304,4,0.9749279121818236,-0.22252093395631434,-0.8660254037844386,0.5000000000000001,-0.8674563547295971,0.4975132889071803,239.70000000000005,0.30000000000000004,0.17560975609756097,0.5413533834586466,-61,144.0,505.0,153.0,145.0,195.28571428571428,244.07142857142858,191.7,136.89011929976832,144.0,505.0,639.2,-79.90000000000009,144.0,-72.0,1.0
2024-11-02,B07HGH8D2R,HP Wireless Mouse,799.0,239.7,70,4.4,13977,33574,6969,1,1,818,435,0,435,2024,11,2,5,44,307,4,-0.9749279121818236,-0.2225209339563146,-0.5000000000000004,0.8660254037844384,-0.8406184056344783,0.5416278206559811,559.3,0.7,0.2075713349615774,1.8804597701149426,383,133.0,137.0,142.0,146.0,142.14285714285714,242.64285714285714,191.3,10.172324733129509,72.0,137.0,559.3,-319.59999999999997,72.0,746.0,1.0
2024-11-03,B07HGH8D2R,HP Wireless Mouse,799.0,399.5,50,3.8,14704,27613,4571,1,1,383,374,0,374,2024,11,3,6,44,308,4,-0.7818314824680299,0.6234898018587334,-0.5000000000000004,0.8660254037844384,-0.8311706263658079,0.5560174366570446,399.5,0.5,0.16553797124542788,1.0240641711229947,9,435.0,155.0,169.0,170.0,184.71428571428572,263.57142857142856,200.93333333333334,110.81021957339858,435.0,133.0,239.7,159.8,818.0,-435.0,1.0
2024-11-18,B07HGH8D2R,HP Wireless Mouse,799.0,639.2,20,3.8,10190,9328,1196,0,0,100,100,1,122,2024,11,18,0,47,323,4,0.0,1.0,-0.5000000000000004,0.8660254037844384,-0.661634618242279,0.749826401204568,159.79999999999995,0.19999999999999996,0.12821612349914235,0.819672131147541,-22,374.0,148.0,474.0,192.0,216.0,278.2142857142857,207.73333333333332,130.2356837941636,374.0,148.0,399.5,239.70000000000005,383.0,-283.0,1.0
2024-11-23,B07HGH8D2R,HP Wireless Mouse,799.0,559.3,30,4.0,12631,7247,1183,0,1,149,127,0,127,2024,11,23,5,47,328,4,-0.9749279121818236,-0.2225209339563146,-0.5000000000000004,0.8660254037844384,-0.594726686960764,0.8039279618328208,239.70000000000005,0.30000000000000004,0.16323996136332275,1.1732283464566928,22,122.0,151.0,419.0,182.0,212.28571428571428,253.07142857142858,205.4,132.8429075834993,100.0,151.0,639.2,-79.90000000000009,100.0,49.0,1.0
2024-12-04,B07HGH8D2R,HP Wireless Mouse,799.0,639.2,20,3.8,7196,6343,716,0,0,148,109,0,109,2024,12,4,2,49,339,4,0.9749279121818236,-0.22252093395631434,-2.4492935982947064e-16,1.0,-0.4327755925504317,0.9015016841318838,159.79999999999995,0.19999999999999996,0.11288034053287088,1.3577981651376148,39,127.0,127.0,292.0,142.0,208.85714285714286,232.21428571428572,203.56666666666666,134.98077464516777,127.0,64.0,559.3,79.90000000000009,149.0,-1.0,1.0
2024-12-09,B07HGH8D2R,HP Wireless Mouse,799.0,559.3,30,3.9,14522,9900,1099,0,0,207,142,0,142,2024,12,9,0,50,344,4,0.0,1.0,-2.4492935982947064e-16,1.0,-0.3536761221763721,0.935367949313148,239.70000000000005,0.30000000000000004,0.111010101010101,1.4577464788732395,65,109.0,144.0,401.0,135.0,206.28571428571428,219.14285714285714,202.46666666666667,136.95706661300153,109.0,144.0,639.2,-79.90000000000009,148.0,59.0,1.0
2024-12-18,B07HGH8D2R,HP Wireless Mouse,799.0,639.2,20,4.2,8340,10518,1141,0,0,146,116,0,116,2024,12,18,2,51,353,4,0.9749279121818236,-0.22252093395631434,-2.4492935982947064e-16,1.0,-0.20510449986861926,0.9787400799669153,159.79999999999995,0.19999999999999996,0.10848069975280472,1.2586206896551724,30,142.0,133.0,505.0,138.0,206.0,200.64285714285714,202.7,137.11066090327685,142.0,72.0,559.3,79.90000000000009,207.0,-61.0,1.0
2024-12-20,B07HGH8D2R,HP Wireless Mouse,799.0,479.4,40,4.1,16180,10215,1149,0,0,251,152,0,152,2024,12,20,4,51,355,4,-0.433883739117558,-0.9009688679024191,-2.4492935982947064e-16,1.0,-0.1712931441814778,0.9852201067560606,319.6,0.4,0.11248164464023495,1.6513157894736843,99,116.0,435.0,137.0,150.0,203.57142857142858,172.85714285714286,201.96666666666667,138.75981303780196,116.0,435.0,639.2,-159.80000000000007,146.0,105.0,1.0
2024-12-22,B07HGH8D2R,HP Wireless Mouse,799.0,639.2,20,4.3,11096,15766,1837,0,1,210,166,0,166,2024,12,22,6,51,357,4,-0.7818314824680299,0.6234898018587334,-2.4492935982947064e-16,1.0,-0.13727877211326517,0.9905324521322227,159.79999999999995,0.19999999999999996,0.11651655461118864,1.2650602409638554,44,152.0,374.0,155.0,165.0,163.14285714285714,173.92857142857142,202.03333333333333,94.14957704176317,152.0,374.0,479.4,159.80000000000007,251.0,-41.0,1.0
2025-01-01,B07HGH8D2R,HP Wireless Mouse,799.0,639.2,20,4.2,14189,15456,1971,0,0,129,129,1,144,2025,1,1,2,1,1,1,0.9749279121818236,-0.22252093395631434,0.49999999999999994,0.8660254037844387,0.017213356155834685,0.9998518392091162,159.79999999999995,0.19999999999999996,0.12752329192546583,0.8958333333333334,-15,166.0,122.0,148.0,178.0,133.42857142857142,174.71428571428572,202.06666666666666,20.622456553130483,166.0,100.0,639.2,0.0,210.0,-81.0,1.0
2025-01-05,B07HGH8D2R,HP Wireless Mouse,799.0,559.3,30,3.9,7487,10523,1581,0,1,147,147,1,151,2025,1,5,6,1,5,1,-0.7818314824680299,0.6234898018587334,0.49999999999999994,0.8660254037844387,0.08596479873744647,0.9962981749346078,239.70000000000005,0.30000000000000004,0.15024232633279483,0.9735099337748344,-4,144.0,127.0,151.0,108.0,136.57142857142858,174.42857142857142,200.93333333333334,20.263737256959484,129.0,127.0,639.2,-79.90000000000009,129.0,18.0,1.0
2025-01-06,B07HGH8D2R,HP Wireless Mouse,799.0,559.3,30,3.9,8155,6090,1164,0,0,102,100,0,100,2025,1,6,0,2,6,1,0.0,1.0,0.49999999999999994,0.8660254037844387,0.10310169744743485,0.9946708199115211,239.70000000000005,0.30000000000000004,0.19113300492610838,1.02,2,151.0,109.0,127.0,135.0,140.0,174.42857142857142,202.36666666666667,20.404247923738176,147.0,109.0,559.3,0.0,147.0,-45.0,1.0
2025-01-20,B07HGH8D2R,HP Wireless Mouse,799.0,639.2,20,4.2,11317,8614,599,0,0,212,121,0,121,2025,1,20,0,4,20,1,0.0,1.0,0.49999999999999994,0.8660254037844387,0.3375228995941133,0.9413173175128471,159.79999999999995,0.19999999999999996,0.06953796145809148,1.7520661157024793,91,100.0,142.0,144.0,120.0,138.71428571428572,172.5,201.2,22.823338097324896,100.0,142.0,559.3,79.90000000000009,102.0,110.0,1.0
2025-02-03,B07HGH8D2R,HP Wireless Mouse,799.0,559.3,30,3.8,15148,14478,1805,0,0,104,104,1,165,2025,2,3,0,6,34,1,0.0,1.0,0.8660254037844386,0.5000000000000001,0.5524353131676196,0.8335557718385699,239.70000000000005,0.30000000000000004,0.12467191601049869,0.6303030303030303,-61,121.0,116.0,133.0,102.0,135.71428571428572,170.85714285714286,201.23333333333332,23.68342800155421,121.0,116.0,639.2,-79.90000000000009,212.0,-108.0,1.0
2025-02-08,B07HGH8D2R,HP Wireless Mouse,799.0,639.2,20,3.8,10430,10388,1397,0,1,116,116,1,132,2025,2,8,5,6,39,1,-0.9749279121818236,-0.2225209339563146,0.8660254037844386,0.5000000000000001,0.6220467484408675,0.7829801036770629,159.79999999999995,0.19999999999999996,0.13448209472468234,0.8787878787878788,-16,165.0,152.0,435.0,126.0,142.71428571428572,173.14285714285714,203.33333333333334,24.122702209843787,104.0,152.0,559.3,79.90000000000009,104.0,12.0,1.0
2025-02-12,B07HGH8D2R,HP Wireless Mouse,799.0,639.2,20,4.0,16338,5295,850,0,0,119,92,0,92,2025,2,12,2,7,43,1,0.9749279121818236,-0.22252093395631434,0.8660254037844386,0.5000000000000001,0.6744436188329455,0.7383263540031065,159.79999999999995,0.19999999999999996,0.16052880075542966,1.2934782608695652,27,132.0,166.0,374.0,153.0,139.85714285714286,151.5,203.53333333333333,24.023797725232733,116.0,166.0,639.2,0.0,116.0,3.0,1.0
2025-02-15,B07HGH8D2R,HP Wireless Mouse,799.0,479.4,40,4.1,14857,8653,878,0,1,206,152,0,152,2025,2,15,5,7,46,1,-0.9749279121818236,-0.2225209339563146,0.8660254037844386,0.5000000000000001,0.7116566222817746,0.7025274741691571,319.6,0.4,0.10146769906390847,1.355263157894737,54,92.0,144.0,122.0,142.0,129.28571428571428,131.35714285714286,201.5,26.73146888166582,92.0,129.0,639.2,-159.80000000000007,119.0,87.0,1.0
2025-02-17,B07HGH8D2R,HP Wireless Mouse,799.0,399.5,50,3.8,12391,11929,1227,0,0,188,176,0,176,2025,2,17,0,8,48,1,0.0,1.0,0.8660254037844386,0.5000000000000001,0.7354170229639855,0.6776147890466889,399.5,0.5,0.10285857993125995,1.0681818181818181,12,152.0,151.0,127.0,169.0,130.42857142857142,133.5,201.83333333333334,27.62159265778171,152.0,147.0,479.4,-79.89999999999998,206.0,-18.0,1.0
2025-02-18,B07HGH8D2R,HP Wireless Mouse,799.0,639.2,20,4.5,7677,12739,1360,0,0,111,111,1,149,2025,2,18,1,8,49,1,0.7818314824680298,0.6234898018587336,0.8660254037844386,0.5000000000000001,0.7469720876965552,0.6648553979642865,159.79999999999995,0.19999999999999996,0.10675877227411885,0.7449664429530202,-38,176.0,100.0,109.0,474.0,134.0,137.0,202.06666666666666,31.994791242743037,176.0,100.0,399.5,239.70000000000005,188.0,-77.0,1.0
2025-02-21,B07HGH8D2R,HP Wireless Mouse,799.0,639.2,20,3.9,10214,9866,967,0,0,241,129,0,129,2025,2,21,4,8,52,1,-0.433883739117558,-0.9009688679024191,0.8660254037844386,0.5000000000000001,0.7802958510707755,0.6254105729852463,159.79999999999995,0.19999999999999996,0.09801337928238395,1.8682170542635659,112,149.0,121.0,142.0,419.0,141.0,139.85714285714286,191.23333333333332,28.48391358878505,111.0,121.0,639.2,0.0,111.0,130.0,1.0
2025-02-25,B07HGH8D2R,HP Wireless Mouse,799.0,639.2,20,4.2,8534,8931,900,0,0,80,80,1,122,2025,2,25,1,9,56,1,0.7818314824680298,0.6234898018587336,0.8660254037844386,0.5000000000000001,0.8214765533024142,0.5702422926917871,159.79999999999995,0.19999999999999996,0.10077258985555929,0.6557377049180327,-42,129.0,165.0,116.0,292.0,142.14285714285714,138.92857142857142,181.56666666666666,27.697343864401464,129.0,104.0,639.2,0.0,241.0,-161.0,1.0
2025-03-12,B07HGH8D2R,HP Wireless Mouse,799.0,479.4,40,3.8,16115,6618,870,0,0,205,120,0,120,2025,3,12,2,11,71,1,0.9749279121818236,-0.22252093395631434,1.0,6.123233995736766e-17,0.9398560579418954,0.3415707691678556,319.6,0.4,0.1314596554850408,1.7083333333333333,85,122.0,132.0,152.0,401.0,136.0,139.35714285714286,175.9,26.526716092775352,80.0,116.0,639.2,-159.80000000000007,80.0,125.0,1.0
2025-03-28,B07HGH8D2R,HP Wireless Mouse,799.0,639.2,20,4.2,15228,7306,636,0,0,112,112,1,119,2025,3,28,4,13,87,1,-0.433883739117558,-0.9009688679024191,1.0,6.123233995736766e-17,0.9973249731081555,0.07309512989807777,159.79999999999995,0.19999999999999996,0.0870517382972899,0.9411764705882353,-7,120.0,92.0,166.0,505.0,134.28571428571428,137.07142857142858,166.53333333333333,27.20731694302353,120.0,92.0,479.4,159.80000000000007,205.0,-93.0,1.0
2025-03-30,B07HGH8D2R,HP Wireless Mouse,799.0,639.2,20,4.1,14703,12394,1247,0,1,244,140,0,140,2025,3,30,6,13,89,1,-0.7818314824680299,0.6234898018587334,1.0,6.123233995736766e-17,0.9992500112396835,0.03872228089217446,159.79999999999995,0.19999999999999996,0.10061319993545263,1.7428571428571429,104,119.0,152.0,144.0,137.0,138.14285714285714,133.71428571428572,153.66666666666666,21.536237457122454,112.0,152.0,639.2,0.0,112.0,132.0,1.0
2025-04-08,B07HGH8D2R,HP Wireless Mouse,799.0,639.2,20,4.5,14486,7925,1164,0,0,183,124,0,124,2025,4,8,1,15,98,2,0.7818314824680298,0.6234898018587336,0.8660254037844387,-0.4999999999999998,0.9932568492674143,-0.11593459959550041,159.79999999999995,0.19999999999999996,0.1468769716088328,1.4758064516129032,59,140.0,176.0,151.0,155.0,136.42857142857142,133.42857142857142,153.76666666666668,20.71116561066569,140.0,176.0,639.2,0.0,244.0,-61.0,1.0
2025-04-12,B07HGH8D2R,HP Wireless Mouse,799.0,559.3,30,4.4,11044,13005,1637,0,1,216,163,0,163,2025,4,12,5,15,102,2,-0.9749279121818236,-0.2225209339563146,0.8660254037844387,-0.4999999999999998,0.9829265519799822,-0.18399835165768005,239.70000000000005,0.30000000000000004,0.12587466359092656,1.3251533742331287,53,124.0,149.0,100.0,148.0,129.0,131.5,152.73333333333332,11.372481406156394,124.0,111.0,639.2,-79.90000000000009,183.0,33.0,1.0
2025-04-13,B07HGH8D2R,HP Wireless Mouse,799.0,639.2,20,4.3,11382,14834,1967,0,1,165,165,1,175,2025,4,13,6,15,103,2,-0.7818314824680299,0.6234898018587334,0.8660254037844387,-0.4999999999999998,0.9796136916454901,-0.20089055513063506,159.79999999999995,0.19999999999999996,0.13260078198732642,0.9428571428571428,-10,163.0,129.0,121.0,151.0,131.0,136.0,153.23333333333332,15.83245611605181,163.0,129.0,559.3,79.90000000000009,216.0,-51.0,1.0
2025-04-15,B07HGH8D2R,HP Wireless Mouse,799.0,399.5,50,4.3,10308,11375,1609,0,0,262,159,0,159,2025,4,15,1,16,105,2,0.7818314824680298,0.6234898018587336,0.8660254037844387,-0.4999999999999998,0.9721181966290613,-0.23449138957040985,399.5,0.5,0.14145054945054944,1.6477987421383649,103,175.0,122.0,165.0,127.0,137.57142857142858,139.85714285714286,154.03333333333333,22.85357114951084,165.0,80.0,639.2,-239.70000000000005,165.0,97.0,1.0
2025-04-27,B07HGH8D2R,HP Wireless Mouse,799.0,639.2,20,3.8,13296,11618,1466,0,1,104,104,1,128,2025,4,27,6,17,117,2,-0.7818314824680299,0.6234898018587334,0.8660254037844387,-0.4999999999999998,0.9033558023246845,-0.4288919379124835,159.79999999999995,0.19999999999999996,0.12618350834911343,0.8125,-24,159.0,120.0,132.0,144.0,142.85714285714286,139.42857142857142,155.1,22.930536928069607,159.0,120.0,399.5,239.70000000000005,262.0,-158.0,1.0
2025-05-02,B07HGH8D2R,HP Wireless Mouse,799.0,639.2,20,4.2,9255,11029,1529,0,0,215,124,0,124,2025,5,2,4,18,122,2,-0.433883739117558,-0.9009688679024191,0.49999999999999994,-0.8660254037844387,0.8631421280499114,-0.5049610547215204,159.79999999999995,0.19999999999999996,0.13863450902167015,1.7338709677419355,91,128.0,119.0,92.0,133.0,144.0,139.14285714285714,154.56666666666666,21.77154105707816,104.0,112.0,639.2,0.0,104.0,111.0,1.0
2025-05-05,B07HGH8D2R,HP Wireless Mouse,799.0,639.2,20,3.9,14119,8920,876,0,0,132,132,0,132,2025,5,5,0,19,125,2,0.0,1.0,0.49999999999999994,-0.8660254037844387,0.8359254794186372,-0.548842958284719,159.79999999999995,0.19999999999999996,0.09820627802690583,1.0,0,124.0,140.0,152.0,435.0,144.71428571428572,141.42857142857142,154.26666666666668,20.878332354496177,124.0,140.0,639.2,0.0,215.0,-83.0,1.0
2025-05-07,B07HGH8D2R,HP Wireless Mouse,799.0,559.3,30,4.1,11869,8791,1237,0,0,192,138,0,138,2025,5,7,2,19,127,2,0.9749279121818236,-0.22252093395631434,0.49999999999999994,-0.8660254037844387,0.8165380514459161,-0.5772916165517272,239.70000000000005,0.30000000000000004,0.14071209191218292,1.391304347826087,54,132.0,124.0,176.0,374.0,143.57142857142858,140.0,144.16666666666666,21.392032339613912,132.0,124.0,639.2,-79.90000000000009,132.0,60.0,1.0
2025-05-24,B07HGH8D2R,HP Wireless Mouse,799.0,559.3,30,4.4,7860,9152,1199,0,1,100,100,1,128,2025,5,24,5,21,144,2,-0.9749279121818236,-0.2225209339563146,0.49999999999999994,-0.8660254037844387,0.6152845999633276,-0.7883050558305255,239.70000000000005,0.30000000000000004,0.1310096153846154,0.78125,-28,138.0,163.0,149.0,122.0,145.57142857142858,137.28571428571428,136.3,19.856628975879925,138.0,163.0,559.3,0.0,192.0,-92.0,1.0
2025-05-27,B07HGH8D2R,HP Wireless Mouse,799.0,639.2,20,4.2,14327,11368,1738,0,0,90,90,1,133,2025,5,27,1,22,147,2,0.7818314824680298,0.6234898018587336,0.49999999999999994,-0.8660254037844387,0.5737722679043246,-0.8190148866680801,159.79999999999995,0.19999999999999996,0.15288529204785362,0.6766917293233082,-43,128.0,175.0,129.0,127.0,140.57142857142858,135.78571428571428,136.5,19.129881885480135,100.0,165.0,559.3,79.90000000000009,100.0,-10.0,1.0
2025-05-31,B07HGH8D2R,HP Wireless Mouse,799.0,639.2,20,4.2,9345,11041,1268,0,1,82,82,1,137,2025,5,31,5,22,151,2,-0.9749279121818236,-0.2225209339563146,0.49999999999999994,-0.8660254037844387,0.5160623910158528,-0.8565509959010036,159.79999999999995,0.19999999999999996,0.11484466986685989,0.5985401459854015,-55,133.0,159.0,122.0,109.0,134.57142857142858,136.07142857142858,136.7,11.65986196112206,90.0,159.0,639.2,0.0,90.0,-8.0,1.0
2025-06-10,B07HGH8D2R,HP Wireless Mouse,799.0,559.3,30,4.0,8771,10005,1651,0,0,90,90,1,139,2025,6,10,1,24,161,2,0.7818314824680298,0.6234898018587336,1.2246467991473532e-16,-1.0,0.36171373072976765,-0.9322892131745133,239.70000000000005,0.30000000000000004,0.16501749125437282,0.6474820143884892,-49,137.0,128.0,120.0,142.0,131.42857142857142,137.14285714285714,137.63333333333333,5.094347941829382,82.0,104.0,639.2,-79.90000000000009,82.0,8.0,1.0
2025-06-12,B07HGH8D2R,HP Wireless Mouse,799.0,559.3,30,3.9,10142,7774,1193,0,0,96,96,1,113,2025,6,12,3,24,163,2,0.43388373911755823,-0.900968867902419,1.2246467991473532e-16,-1.0,0.3294084822245304,-0.9441875088341993,239.70000000000005,0.30000000000000004,0.15346025212245948,0.8495575221238938,-17,139.0,124.0,119.0,116.0,133.0,138.5,137.53333333333333,5.537749241949024,90.0,124.0,559.3,0.0,90.0,6.0,1.0
2025-06-15,B07HGH8D2R,HP Wireless Mouse,799.0,559.3,30,4.1,8981,9099,917,0,1,253,127,0,127,2025,6,15,6,24,166,2,-0.7818314824680299,0.6234898018587334,1.2246467991473532e-16,-1.0,0.28023067519921585,-0.9599326896597447,239.70000000000005,0.30000000000000004,0.10078030552808001,1.9921259842519685,126,113.0,132.0,140.0,152.0,131.42857142857142,138.07142857142858,137.43333333333334,8.997354108426611,96.0,132.0,559.3,0.0,96.0,157.0,1.0
2025-06-16,B07HGH8D2R,HP Wireless Mouse,799.0,639.2,20,3.8,16105,4256,502,0,0,117,74,0,74,2025,6,16,0,25,167,2,0.0,1.0,1.2246467991473532e-16,-1.0,0.26366549272800704,-0.9646141756912435,159.79999999999995,0.19999999999999996,0.11795112781954888,1.5810810810810811,43,127.0,138.0,124.0,166.0,130.71428571428572,137.14285714285714,136.6,9.141741003302862,127.0,138.0,559.3,79.90000000000009,253.0,-136.0,1.0
2025-06-21,B07HGH8D2R,HP Wireless Mouse,799.0,639.2,20,4.3,11555,14032,1905,0,1,191,161,0,161,2025,6,21,5,25,172,2,-0.9749279121818236,-0.2225209339563146,1.2246467991473532e-16,-1.0,0.1797665857255624,-0.9837092937736097,159.79999999999995,0.19999999999999996,0.13576111744583808,1.186335403726708,30,74.0,128.0,163.0,144.0,121.57142857142857,133.57142857142858,133.53333333333333,22.655809724787016,74.0,100.0,639.2,0.0,117.0,74.0,1.0
2025-07-06,B07HGH8D2R,HP Wireless Mouse,799.0,559.3,30,4.5,15197,9061,1020,0,1,213,140,0,140,2025,7,6,6,27,187,3,-0.7818314824680299,0.6234898018587334,-0.4999999999999997,-0.8660254037844388,-0.07738647923346322,-0.9970011699250151,239.70000000000005,0.30000000000000004,0.1125703564727955,1.5214285714285714,73,161.0,133.0,175.0,151.0,126.28571428571429,133.42857142857142,134.1,27.19506257708315,161.0,90.0,639.2,-79.90000000000009,191.0,22.0,1.0
2025-07-09,B07HGH8D2R,HP Wireless Mouse,799.0,559.3,30,3.9,10191,11301,1074,0,0,262,143,0,143,2025,7,9,2,28,190,3,0.9749279121818236,-0.22252093395631434,-0.4999999999999997,-0.8660254037844388,-0.12874817745258066,-0.99167731989929,239.70000000000005,0.30000000000000004,0.09503583753650119,1.832167832167832,119,140.0,137.0,159.0,100.0,127.28571428571429,130.92857142857142,133.73333333333332,27.608659787069257,140.0,82.0,559.3,0.0,213.0,49.0,1.0
2025-07-12,B07HGH8D2R,HP Wireless Mouse,799.0,479.4,40,3.8,12607,10050,1627,0,1,244,147,0,147,2025,7,12,5,28,193,3,-0.9749279121818236,-0.2225209339563146,-0.4999999999999997,-0.8660254037844388,-0.17976658572556214,-0.9837092937736098,319.6,0.4,0.1618905472636816,1.6598639455782314,97,143.0,139.0,128.0,121.0,128.14285714285714,129.78571428571428,135.16666666666666,28.050125201317083,143.0,90.0,559.3,-79.89999999999998,262.0,-18.0,1.0
2025-07-14,B07HGH8D2R,HP Wireless Mouse,799.0,399.5,50,4.1,11309,7917,600,0,0,215,158,0,158,2025,7,14,0,29,195,3,0.0,1.0,-0.4999999999999997,-0.8660254037844388,-0.2135209154397959,-0.9769384927771817,399.5,0.5,0.07578628268283441,1.360759493670886,57,147.0,113.0,124.0,165.0,129.28571428571428,131.14285714285714,136.03333333333333,28.72115530240387,147.0,96.0,479.4,-79.89999999999998,244.0,-29.0,1.0
2025-07-22,B07HGH8D2R,HP Wireless Mouse,799.0,479.4,40,3.9,14480,11084,1679,0,0,176,154,0,154,2025,7,22,1,30,203,3,0.7818314824680298,0.6234898018587336,-0.4999999999999997,-0.8660254037844388,-0.3456123126707333,-0.9383773917408642,319.6,0.4,0.15147961024900758,1.1428571428571428,22,158.0,127.0,132.0,132.0,135.71428571428572,133.57142857142858,135.8,29.494147926407415,158.0,127.0,399.5,79.89999999999998,215.0,-39.0,1.0
2025-07-25,B07HGH8D2R,HP Wireless Mouse,799.0,479.4,40,4.4,13635,7383,1308,0,0,202,131,0,131,2025,7,25,4,30,206,3,-0.433883739117558,-0.9009688679024191,-0.4999999999999997,-0.8660254037844388,-0.39359027665646645,-0.9192859697186105,319.6,0.4,0.17716375457131248,1.5419847328244274,71,154.0,74.0,138.0,92.0,139.57142857142858,135.14285714285714,136.53333333333333,29.92689505476786,154.0,74.0,479.4,0.0,176.0,26.0,1.0
2025-08-02,B07HGH8D2R,HP Wireless Mouse,799.0,479.4,40,4.0,12557,4355,697,0,1,146,113,0,113,2025,8,2,5,31,214,3,-0.9749279121818236,-0.2225209339563146,-0.8660254037844385,-0.5000000000000004,-0.5160623910158526,-0.8565509959010037,319.6,0.4,0.1600459242250287,1.2920353982300885,33,131.0,161.0,128.0,152.0,147.71428571428572,134.64285714285714,137.83333333333334,10.672617387726595,131.0,161.0,479.4,0.0,202.0,-56.0,1.0
2025-08-16,B07HGH8D2R,HP Wireless Mouse,799.0,559.3,30,3.9,8899,7908,863,0,1,215,116,0,116,2025,8,16,5,33,228,3,-0.9749279121818236,-0.2225209339563146,-0.8660254037844385,-0.5000000000000004,-0.7055836101071774,-0.70862667826446,239.70000000000005,0.30000000000000004,0.10912999494183105,1.853448275862069,99,113.0,140.0,133.0,176.0,140.85714285714286,133.57142857142858,136.53333333333333,15.181442305533155,113.0,140.0,479.4,79.89999999999998,146.0,69.0,1.0
2025-08-23,B07HGH8D2R,HP Wireless Mouse,799.0,639.2,20,4.3,8969,13618,1783,0,1,267,147,0,147,2025,8,23,5,34,235,3,-0.9749279121818236,-0.2225209339563146,-0.8660254037844385,-0.5000000000000004,-0.7856498550787144,-0.6186714032625032,159.79999999999995,0.19999999999999996,0.13092965193126743,1.816326530612245,120,116.0,143.0,137.0,149.0,137.42857142857142,132.35714285714286,134.53333333333333,17.877892706331153,116.0,143.0,559.3,79.90000000000009,215.0,52.0,1.0
2025-08-31,B07HGH8D2R,HP Wireless Mouse,799.0,559.3,30,4.3,16079,6208,747,0,1,119,118,0,118,2025,8,31,6,35,243,3,-0.7818314824680299,0.6234898018587334,-0.8660254037844385,-0.5000000000000004,-0.8631421280499115,-0.5049610547215202,239.70000000000005,0.30000000000000004,0.12032860824742268,1.0084745762711864,1,147.0,147.0,139.0,129.0,138.0,133.07142857142858,134.46666666666667,18.147543451756064,147.0,147.0,639.2,-79.90000000000009,267.0,-148.0,1.0
2025-09-02,B07HGH8D2R,HP Wireless Mouse,799.0,479.4,40,4.5,17603,6028,631,0,0,180,121,0,121,2025,9,2,1,36,245,3,0.7818314824680298,0.6234898018587336,-1.0,-1.8369701987210297e-16,-0.8800122039735356,-0.4749510720670502,319.6,0.4,0.10467816854678169,1.487603305785124,59,118.0,158.0,113.0,122.0,133.85714285714286,131.57142857142858,134.1,19.03880748566546,118.0,158.0,559.3,-79.89999999999998,119.0,61.0,1.0
2025-09-03,B07HGH8D2R,HP Wireless Mouse,799.0,479.4,40,4.0,10747,12325,1562,0,0,91,91,1,153,2025,9,3,2,36,246,3,0.9749279121818236,-0.22252093395631434,-1.0,-1.8369701987210297e-16,-0.888057322629493,-0.4597327394521046,319.6,0.4,0.1267342799188641,0.5947712418300654,-62,121.0,154.0,127.0,120.0,128.57142857142858,132.14285714285714,134.06666666666666,16.13337268787138,121.0,154.0,479.4,0.0,180.0,-89.0,1.0
2025-09-04,B07HGH8D2R,HP Wireless Mouse,799.0,559.3,30,4.5,9172,10596,1610,0,0,115,115,1,149,2025,9,4,3,36,247,3,0.43388373911755823,-0.900968867902419,-1.0,-1.8369701987210297e-16,-0.8958392907349089,-0.4443781781046134,239.70000000000005,0.30000000000000004,0.15194412986032466,0.7718120805369127,-34,153.0,131.0,74.0,119.0,128.42857142857142,134.0,135.16666666666666,15.873007936507205,91.0,131.0,479.4,79.89999999999998,91.0,24.0,1.0
2025-09-19,B07HGH8D2R,HP Wireless Mouse,799.0,399.5,50,4.1,14815,6191,767,0,0,258,150,0,150,2025,9,19,4,38,262,3,-0.433883739117558,-0.9009688679024191,-1.0,-1.8369701987210297e-16,-0.9796136916454901,-0.20089055513063528,399.5,0.5,0.12388951704086577,1.72,108,149.0,113.0,161.0,140.0,131.0,139.35714285714286,136.16666666666666,17.71063710504811,115.0,113.0,559.3,-159.79999999999995,115.0,143.0,1.0
2025-09-24,B07HGH8D2R,HP Wireless Mouse,799.0,479.4,40,4.4,11533,34275,4775,1,0,279,279,1,399,2025,9,24,2,39,267,3,0.9749279121818236,-0.22252093395631434,-1.0,-1.8369701987210297e-16,-0.9932568492674143,-0.11593459959550066,319.6,0.4,0.13931436907366884,0.6992481203007519,-120,150.0,116.0,140.0,124.0,136.28571428571428,138.57142857142858,136.5,16.948100048033016,150.0,116.0,399.5,79.89999999999998,258.0,21.0,1.0
2025-09-30,B07HGH8D2R,HP Wireless Mouse,799.0,479.4,40,4.2,11532,24435,5558,1,0,218,218,1,330,2025,9,30,1,40,273,3,0.7818314824680298,0.6234898018587336,-1.0,-1.8369701987210297e-16,-0.9999166586547379,-0.012910296075008843,319.6,0.4,0.22746060978105176,0.6606060606060606,-112,399.0,147.0,143.0,163.0,176.71428571428572,157.07142857142858,145.66666666666666,99.07020118029845,279.0,147.0,479.4,0.0,279.0,-61.0,1.0
2025-10-02,B07HGH8D2R,HP Wireless Mouse,799.0,479.4,40,4.3,14096,46629,7484,1,0,353,353,1,460,2025,10,2,3,40,275,4,0.43388373911755823,-0.900968867902419,-0.8660254037844386,0.5000000000000001,-0.9997685019798909,0.021516097436222233,319.6,0.4,0.1605009757876,0.7673913043478261,-107,330.0,118.0,147.0,175.0,202.85714285714286,170.42857142857142,151.23333333333332,113.0773018358514,218.0,118.0,479.4,0.0,218.0,135.0,1.0
2025-10-05,B07HGH8D2R,HP Wireless Mouse,799.0,239.7,70,3.9,12659,14733,3095,1,1,375,306,0,306,2025,10,5,6,40,278,4,-0.7818314824680299,0.6234898018587334,-0.8660254037844386,0.5000000000000001,-0.9973249731081555,0.07309512989807776,559.3,0.7,0.21007262607751306,1.2254901960784315,69,460.0,121.0,158.0,159.0,251.71428571428572,192.78571428571428,160.73333333333332,140.79028646147725,353.0,121.0,479.4,-239.7,353.0,22.0,1.0
2025-10-09,B07HGH8D2R,HP Wireless Mouse,799.0,319.6,60,4.2,14467,33849,5512,1,0,776,434,0,434,2025,10,9,3,41,282,4,0.43388373911755823,-0.900968867902419,-0.8660254037844386,0.5000000000000001,-0.989932495087353,0.141540295217043,479.4,0.6,0.16284085201926202,1.7880184331797235,342,306.0,153.0,154.0,128.0,278.14285714285717,203.35714285714286,165.63333333333333,129.03672419306164,306.0,91.0,239.7,79.90000000000003,375.0,401.0,1.0
2025-10-10,B07HGH8D2R,HP Wireless Mouse,799.0,399.5,50,3.8,13259,16485,2684,1,0,346,298,0,298,2025,10,10,4,41,283,4,-0.433883739117558,-0.9009688679024191,-0.8660254037844386,0.5000000000000001,-0.9873494423939864,0.15855938510313475,399.5,0.5,0.16281468001213223,1.1610738255033557,48,434.0,149.0,131.0,124.0,318.2857142857143,223.35714285714286,175.83333333333334,127.3141970162984,434.0,115.0,319.6,79.89999999999998,776.0,-430.0,1.0
2025-10-15,B07HGH8D2R,HP Wireless Mouse,799.0,399.5,50,4.2,17504,46160,7226,1,0,800,470,0,470,2025,10,15,2,42,288,4,0.9749279121818236,-0.22252093395631434,-0.8660254037844386,0.5000000000000001,-0.970063921851507,0.2428497220959358,399.5,0.5,0.1565424610051993,1.702127659574468,330,298.0,150.0,113.0,132.0,339.57142857142856,235.28571428571428,181.63333333333333,104.75026991668868,298.0,150.0,399.5,0.0,346.0,454.0,1.0
2025-10-16,B07HGH8D2R,HP Wireless Mouse,799.0,479.4,40,4.5,10371,7192,816,0,0,86,86,1,124,2025,10,16,3,42,289,4,0.43388373911755823,-0.900968867902419,-0.8660254037844386,0.5000000000000001,-0.965739937654855,0.25951179706979943,319.6,0.4,0.11345939933259176,0.6935483870967742,-38,470.0,399.0,116.0,138.0,385.2857142857143,260.7857142857143,192.9,73.35010630693175,470.0,279.0,399.5,79.89999999999998,800.0,-714.0,1.0
2025-10-23,B07HGH8D2R,HP Wireless Mouse,799.0,559.3,30,4.1,15249,5948,743,0,0,157,132,0,132,2025,10,23,3,43,296,4,0.43388373911755823,-0.900968867902419,-0.8660254037844386,0.5000000000000001,-0.9275416835791965,0.3737197147904692,239.70000000000005,0.30000000000000004,0.12491593813046402,1.1893939393939394,25,124.0,330.0,147.0,128.0,346.0,261.35714285714283,192.43333333333334,122.17473825086246,86.0,218.0,479.4,79.89999999999998,86.0,71.0,1.0
2025-10-28,B07HGH8D2R,HP Wireless Mouse,799.0,639.2,20,4.1,17789,9098,895,0,0,203,112,0,112,2025,10,28,1,44,301,4,0.7818314824680298,0.6234898018587336,-0.8660254037844386,0.5000000000000001,-0.8919813464595487,0.45207220393230374,159.79999999999995,0.19999999999999996,0.09837326885029676,1.8125,91,132.0,460.0,118.0,133.0,317.7142857142857,260.2857142857143,192.56666666666666,146.9123483415815,132.0,353.0,559.3,79.90000000000009,157.0,46.0,1.0
2025-10-30,B07HGH8D2R,HP Wireless Mouse,799.0,399.5,50,3.8,8771,7322,938,0,0,97,97,1,139,2025,10,30,3,44,303,4,0.43388373911755823,-0.900968867902419,-0.8660254037844386,0.5000000000000001,-0.8758917051442433,0.48250774176121763,399.5,0.5,0.12810707456978968,0.697841726618705,-42,112.0,306.0,121.0,137.0,268.0,259.85714285714283,191.86666666666667,149.5950088293949,112.0,306.0,639.2,-239.70000000000005,203.0,-106.0,1.0
2025-10-31,B07HGH8D2R,HP Wireless Mouse,799.0,639.2,20,4.1,10300,8553,739,0,0,214,114,0,114,2025,10,31,4,44,304,4,-0.433883739117558,-0.9009688679024191,-0.8660254037844386,0.5000000000000001,-0.8674563547295971,0.4975132889071803,159.79999999999995,0.19999999999999996,0.08640243189524144,1.8771929824561404,100,139.0,434.0,153.0,139.0,244.14285714285714,261.14285714285717,191.93333333333334,155.71601134911037,97.0,434.0,399.5,239.70000000000005,97.0,117.0,1.0
2025-11-05,B07HGH8D2R,HP Wireless Mouse,799.0,319.6,60,3.9,10385,19165,2994,1,0,195,195,1,329,2025,11,5,2,45,309,4,0.9749279121818236,-0.22252093395631434,-0.5000000000000004,0.8660254037844384,-0.8214765533024145,0.5702422926917867,479.4,0.6,0.1562222801982781,0.5927051671732523,-134,114.0,298.0,149.0,113.0,198.42857142857142,258.35714285714283,191.1,136.47204493089097,114.0,298.0,639.2,-319.6,214.0,-19.0,1.0
2025-11-07,B07HGH8D2R,HP Wireless Mouse,799.0,399.5,50,4.0,16227,29098,4529,1,0,387,384,0,384,2025,11,7,4,45,311,4,-0.433883739117558,-0.9009688679024191,-0.5000000000000004,0.8660254037844384,-0.801361088174677,0.5981809144059158,399.5,0.5,0.15564643618118085,1.0078125,3,329.0,470.0,150.0,127.0,202.85714285714286,271.2142857142857,198.3,140.67981206914374,195.0,470.0,319.6,79.89999999999998,195.0,192.0,1.0
2025-11-09,B07HGH8D2R,HP Wireless Mouse,799.0,479.4,40,4.3,12996,23012,3264,1,1,397,324,0,324,2025,11,9,6,45,313,4,-0.7818314824680299,0.6234898018587334,-0.5000000000000004,0.8660254037844384,-0.780295851070776,0.6254105729852457,319.6,0.4,0.1418390405006084,1.2253086419753085,73,384.0,124.0,399.0,74.0,190.57142857142858,287.92857142857144,206.86666666666667,114.84461552152017,384.0,86.0,399.5,79.89999999999998,387.0,10.0,1.0
2025-12-04,B07HGH8D2R,HP Wireless Mouse,799.0,639.2,20,4.2,12054,7047,979,0,0,60,60,1,121,2025,12,4,3,49,338,4,0.43388373911755823,-0.900968867902419,-2.4492935982947064e-16,1.0,-0.4482293417404106,0.893918596519257,159.79999999999995,0.19999999999999996,0.13892436497800484,0.49586776859504134,-61,324.0,132.0,330.0,161.0,219.14285714285714,282.57142857142856,215.2,120.27250804101605,324.0,132.0,479.4,159.80000000000007,397.0,-337.0,1.0
2025-12-07,B07HGH8D2R,HP Wireless Mouse,799.0,479.4,40,4.0,17143,7535,1036,0,1,147,138,0,138,2025,12,7,6,49,341,4,-0.7818314824680299,0.6234898018587334,-2.4492935982947064e-16,1.0,-0.4014879892059737,0.9158642882672868,319.6,0.4,0.13749170537491706,1.065217391304348,9,121.0,112.0,460.0,140.0,217.57142857142858,267.64285714285717,213.86666666666667,121.66464447112725,60.0,112.0,639.2,-159.80000000000007,60.0,87.0,1.0
2025-12-10,B07HGH8D2R,HP Wireless Mouse,799.0,639.2,20,4.3,15836,11239,1302,0,0,192,142,0,142,2025,12,10,2,50,344,4,0.9749279121818236,-0.22252093395631434,-2.4492935982947064e-16,1.0,-0.3536761221763721,0.935367949313148,159.79999999999995,0.19999999999999996,0.11584660556989056,1.352112676056338,50,138.0,139.0,306.0,143.0,221.28571428571428,244.64285714285714,213.8,118.2535613074923,138.0,97.0,479.4,159.80000000000007,147.0,45.0,1.0
2025-12-15,B07HGH8D2R,HP Wireless Mouse,799.0,559.3,30,3.8,15929,6582,754,0,0,99,99,1,101,2025,12,15,0,51,349,4,0.0,1.0,-2.4492935982947064e-16,1.0,-0.27195815753410524,0.9623090774541487,239.70000000000005,0.30000000000000004,0.11455484655120024,0.9801980198019802,-2,142.0,114.0,434.0,147.0,221.71428571428572,232.92857142857142,213.76666666666668,117.91057951644899,142.0,114.0,639.2,-79.90000000000009,192.0,-93.0,1.0
2025-12-17,B07HGH8D2R,HP Wireless Mouse,799.0,479.4,40,4.0,14002,5877,841,0,0,62,62,1,125,2025,12,17,2,51,351,4,0.9749279121818236,-0.22252093395631434,-2.4492935982947064e-16,1.0,-0.23867276600594997,0.9711000518829505,319.6,0.4,0.14310022120129318,0.496,-63,101.0,329.0,298.0,158.0,219.85714285714286,209.14285714285714,212.23333333333332,119.97420357647557,99.0,195.0,559.3,-79.89999999999998,99.0,-37.0,1.0
2025-12-28,B07HGH8D2R,HP Wireless Mouse,799.0,559.3,30,3.8,13105,6180,591,0,1,238,120,0,120,2025,12,28,6,52,362,4,-0.7818314824680299,0.6234898018587334,-2.4492935982947064e-16,1.0,-0.05161966722325418,0.9986668162884759,239.70000000000005,0.30000000000000004,0.09563106796116505,1.9833333333333334,118,125.0,384.0,470.0,154.0,190.71428571428572,196.78571428571428,211.13333333333333,113.65402806428894,62.0,384.0,479.4,79.89999999999998,62.0,176.0,1.0
2025-12-29,B07HGH8D2R,HP Wireless Mouse,799.0,639.2,20,4.5,16841,13910,1635,0,0,237,141,0,141,2025,12,29,0,1,363,4,0.0,1.0,-2.4492935982947064e-16,1.0,-0.034421611622745804,0.9994074007397048,159.79999999999995,0.19999999999999996,0.1175413371675054,1.6808510638297873,96,120.0,324.0,124.0,131.0,153.0,171.78571428571428,210.0,76.5811116834089,120.0,324.0,559.3,79.90000000000009,238.0,-1.0,1.0
2025-12-31,B07HGH8D2R,HP Wireless Mouse,799.0,639.2,20,3.8,14993,10310,1029,0,0,258,144,0,144,2025,12,31,2,1,365,4,0.9749279121818236,-0.22252093395631434,-2.4492935982947064e-16,1.0,6.432490598706546e-16,1.0,159.79999999999995,0.19999999999999996,0.09980601357904946,1.7916666666666667,114,141.0,121.0,132.0,113.0,126.85714285714286,173.0,210.33333333333334,14.758371312905942,141.0,60.0,639.2,0.0,237.0,21.0,1.0
2023-01-02,B07X9Y3Q4S,Mi Power Bank 10000mAh,1299.0,1039.2,20,4.5,11952,7346,885,0,0,216,112,0,112,2023,1,2,0,1,2,1,0.0,1.0,0.49999999999999994,0.8660254037844387,0.03442161162274574,0.9994074007397048,259.79999999999995,0.19999999999999996,0.12047372719847536,1.9285714285714286,104,0.0,0.0,0.0,0.0,0.0,0.0,0.0,0.0,0.0,0.0,0.0,0.0,0.0,0.0,1.0
2023-01-04,B07X9Y3Q4S,Mi Power Bank 10000mAh,1299.0,1039.2,20,4.5,6537,12529,1654,0,0,87,87,1,135,2023,1,4,2,1,4,1,0.9749279121818236,-0.22252093395631434,0.49999999999999994,0.8660254037844387,0.06880242680231986,0.9976303053065857,259.79999999999995,0.19999999999999996,0.1320137281506904,0.6444444444444445,-48,112.0,0.0,0.0,0.0,0.0,0.0,0.0,0.0,112.0,0.0,1039.2,0.0,216.0,-129.0,1.0
2023-01-12,B07X9Y3Q4S,Mi Power Bank 10000mAh,1299.0,779.4,40,4.2,11943,6308,897,0,0,275,138,0,138,2023,1,12,3,2,12,1,0.43388373911755823,-0.900968867902419,0.49999999999999994,0.8660254037844387,0.2051044998686192,0.9787400799669153,519.6,0.4,0.1422003804692454,1.9927536231884058,137,135.0,0.0,0.0,0.0,0.0,0.0,0.0,0.0,87.0,0.0,1039.2,-259.80000000000007,87.0,188.0,1.0
2023-01-18,B07X9Y3Q4S,Mi Power Bank 10000mAh,1299.0,1039.2,20,4.2,8355,10351,1636,0,0,119,119,1,137,2023,1,18,2,3,18,1,0.9749279121818236,-0.22252093395631434,0.49999999999999994,0.8660254037844387,0.30492122465628907,0.9523775757303974,259.79999999999995,0.19999999999999996,0.15805236209061926,0.8686131386861314,-18,138.0,0.0,0.0,0.0,0.0,0.0,0.0,0.0,138.0,0.0,779.4,259.80000000000007,275.0,-156.0,1.0
2023-01-25,B07X9Y3Q4S,Mi Power Bank 10000mAh,1299.0,1039.2,20,3.9,13887,10293,1516,0,0,200,123,0,123,2023,1,25,2,4,25,1,0.9749279121818236,-0.22252093395631434,0.49999999999999994,0.8660254037844387,0.4171936026123168,0.9088176373395029,259.79999999999995,0.19999999999999996,0.14728456232390946,1.6260162601626016,77,137.0,0.0,0.0,0.0,0.0,0.0,0.0,0.0,119.0,0.0,1039.2,0.0,119.0,81.0,1.0
2023-01-31,B07X9Y3Q4S,Mi Power Bank 10000mAh,1299.0,779.4,40,4.2,5315,13245,1800,0,0,235,178,0,178,2023,1,31,1,5,31,1,0.7818314824680298,0.6234898018587336,0.49999999999999994,0.8660254037844387,0.5086709438521044,0.8609610158889943,519.6,0.4,0.13590033975084936,1.3202247191011236,57,123.0,0.0,0.0,0.0,0.0,0.0,0.0,0.0,123.0,0.0,1039.2,-259.80000000000007,200.0,35.0,1.0
2023-02-07,B07X9Y3Q4S,Mi Power Bank 10000mAh,1299.0,909.3,30,4.2,6259,8159,649,0,0,106,106,1,117,2023,2,7,1,6,38,1,0.7818314824680298,0.6234898018587336,0.8660254037844386,0.5000000000000001,0.6084768701151261,0.7935716089521474,389.70000000000005,0.30000000000000004,0.07954406177227602,0.905982905982906,-11,178.0,0.0,0.0,0.0,0.0,0.0,0.0,0.0,178.0,0.0,779.4,129.89999999999998,235.0,-129.0,1.0
2023-02-09,B07X9Y3Q4S,Mi Power Bank 10000mAh,1299.0,909.3,30,4.3,9582,9655,1135,0,0,213,138,0,138,2023,2,9,3,6,40,1,0.43388373911755823,-0.900968867902419,0.8660254037844386,0.5000000000000001,0.6354323008901774,0.7721565844991642,389.70000000000005,0.30000000000000004,0.11755567063697565,1.5434782608695652,75,117.0,112.0,0.0,0.0,134.28571428571428,0.0,0.0,21.815241504616946,106.0,112.0,909.3,0.0,106.0,107.0,1.0
2023-02-10,B07X9Y3Q4S,Mi Power Bank 10000mAh,1299.0,909.3,30,3.9,14052,17593,1997,0,0,226,196,0,196,2023,2,10,4,6,41,1,-0.433883739117558,-0.9009688679024191,0.8660254037844386,0.5000000000000001,0.6486295610349814,0.7611042586607747,389.70000000000005,0.30000000000000004,0.11351105553345081,1.153061224489796,30,138.0,135.0,0.0,0.0,138.0,0.0,0.0,19.476481543988722,138.0,87.0,909.3,0.0,213.0,13.0,1.0
2023-02-24,B07X9Y3Q4S,Mi Power Bank 10000mAh,1299.0,1039.2,20,4.5,6329,9399,1068,0,0,182,122,0,122,2023,2,24,4,8,55,1,-0.433883739117558,-0.9009688679024191,0.8660254037844386,0.5000000000000001,0.8115390590073611,0.5842981736283684,259.79999999999995,0.19999999999999996,0.11362910947973189,1.4918032786885247,60,196.0,138.0,0.0,0.0,146.71428571428572,0.0,0.0,29.15312610861418,196.0,138.0,909.3,129.9000000000001,226.0,-44.0,1.0
2023-03-01,B07X9Y3Q4S,Mi Power Bank 10000mAh,1299.0,1039.2,20,4.1,9925,8854,1253,0,0,213,132,0,132,2023,3,1,2,9,60,1,0.9749279121818236,-0.22252093395631434,1.0,6.123233995736766e-17,0.8587639582758029,0.5123714121284237,259.79999999999995,0.19999999999999996,0.14151795798509148,1.6136363636363635,81,122.0,137.0,0.0,0.0,144.42857142857142,0.0,0.0,30.544269199841413,122.0,119.0,1039.2,0.0,182.0,31.0,1.0
2023-03-10,B07X9Y3Q4S,Mi Power Bank 10000mAh,1299.0,909.3,30,4.1,9129,11137,1326,0,0,269,147,0,147,2023,3,10,4,10,69,1,-0.433883739117558,-0.9009688679024191,1.0,6.123233995736766e-17,0.9275416835791966,0.37371971479046906,389.70000000000005,0.30000000000000004,0.11906258417886324,1.8299319727891157,122,132.0,123.0,0.0,0.0,143.71428571428572,0.0,0.0,30.804297783016608,132.0,123.0,1039.2,-129.9000000000001,213.0,56.0,1.0
2023-03-15,B07X9Y3Q4S,Mi Power Bank 10000mAh,1299.0,1039.2,20,3.9,12100,12521,1305,0,0,104,104,1,150,2023,3,15,2,11,74,1,0.9749279121818236,-0.22252093395631434,1.0,6.123233995736766e-17,0.9562348265919056,0.29260033563334836,259.79999999999995,0.19999999999999996,0.10422490216436386,0.6933333333333334,-46,147.0,178.0,0.0,0.0,147.14285714285714,0.0,0.0,29.418976706816135,147.0,178.0,909.3,129.9000000000001,269.0,-165.0,1.0
2023-03-16,B07X9Y3Q4S,Mi Power Bank 10000mAh,1299.0,1039.2,20,4.3,9483,11523,1483,0,0,205,146,0,146,2023,3,16,3,11,75,1,0.43388373911755823,-0.900968867902419,1.0,6.123233995736766e-17,0.9611297838723007,0.27609697309746883,259.79999999999995,0.19999999999999996,0.12869912349214616,1.404109589041096,59,150.0,117.0,0.0,0.0,143.14285714285714,0.0,0.0,26.257878636252975,104.0,106.0,1039.2,0.0,104.0,101.0,1.0
2023-03-19,B07X9Y3Q4S,Mi Power Bank 10000mAh,1299.0,1039.2,20,4.2,15142,9484,780,0,1,224,141,0,141,2023,3,19,6,11,78,1,-0.7818314824680299,0.6234898018587334,1.0,6.123233995736766e-17,0.9741004551724205,0.22611568550828828,259.79999999999995,0.19999999999999996,0.08224377899620414,1.5886524822695036,83,146.0,138.0,112.0,0.0,147.28571428571428,140.78571428571428,0.0,23.598829672353705,146.0,138.0,1039.2,0.0,205.0,19.0,1.0
2023-03-22,B07X9Y3Q4S,Mi Power Bank 10000mAh,1299.0,649.5,50,3.8,6516,7887,1218,0,0,296,165,0,165,2023,3,22,2,12,81,1,0.9749279121818236,-0.22252093395631434,1.0,6.123233995736766e-17,0.9844738167520922,0.1755314904214282,649.5,0.5,0.15443134271586154,1.793939393939394,131,141.0,196.0,135.0,0.0,147.71428571428572,142.85714285714286,0.0,23.428716608144835,141.0,196.0,1039.2,-389.70000000000005,224.0,72.0,1.0
2023-03-30,B07X9Y3Q4S,Mi Power Bank 10000mAh,1299.0,909.3,30,4.0,11733,12419,1933,0,0,217,157,0,157,2023,3,30,3,13,89,1,0.43388373911755823,-0.900968867902419,1.0,6.123233995736766e-17,0.9992500112396835,0.03872228089217446,389.70000000000005,0.30000000000000004,0.1556486029470972,1.3821656050955413,60,165.0,122.0,138.0,0.0,143.28571428571428,145.0,0.0,13.683497185957084,165.0,122.0,649.5,259.79999999999995,296.0,-79.0,1.0
2023-04-05,B07X9Y3Q4S,Mi Power Bank 10000mAh,1299.0,909.3,30,4.2,9509,10430,1100,0,0,172,138,0,138,2023,4,5,2,14,95,2,0.9749279121818236,-0.22252093395631434,0.8660254037844387,-0.4999999999999998,0.9979171608653922,-0.06450844944931623,389.70000000000005,0.30000000000000004,0.10546500479386385,1.2463768115942029,34,157.0,132.0,137.0,0.0,148.28571428571428,146.35714285714286,0.0,10.6726173877246,157.0,132.0,909.3,0.0,217.0,-45.0,1.0
2023-04-06,B07X9Y3Q4S,Mi Power Bank 10000mAh,1299.0,909.3,30,4.2,9955,6872,642,0,0,261,136,0,136,2023,4,6,3,14,96,2,0.43388373911755823,-0.900968867902419,0.8660254037844387,-0.4999999999999998,0.9966589017541702,-0.08167639533042241,389.70000000000005,0.30000000000000004,0.09342258440046566,1.9191176470588236,125,138.0,147.0,123.0,0.0,149.14285714285714,146.42857142857142,0.0,9.299257522845034,138.0,147.0,909.3,0.0,172.0,89.0,1.0
2023-04-12,B07X9Y3Q4S,Mi Power Bank 10000mAh,1299.0,1039.2,20,3.9,11469,7753,1314,0,0,202,126,0,126,2023,4,12,2,15,102,2,0.9749279121818236,-0.22252093395631434,0.8660254037844387,-0.4999999999999998,0.9829265519799822,-0.18399835165768005,259.79999999999995,0.19999999999999996,0.16948278085902233,1.6031746031746033,76,136.0,150.0,178.0,0.0,147.57142857142858,147.35714285714286,0.0,10.564991605252095,136.0,104.0,909.3,129.9000000000001,261.0,-59.0,1.0
2023-04-18,B07X9Y3Q4S,Mi Power Bank 10000mAh,1299.0,1039.2,20,3.9,7311,11831,1703,0,0,226,133,0,133,2023,4,18,1,16,108,2,0.7818314824680298,0.6234898018587336,0.8660254037844387,-0.4999999999999998,0.9587178169872964,-0.2843591872810034,259.79999999999995,0.19999999999999996,0.14394387625729016,1.699248120300752,93,126.0,146.0,117.0,0.0,144.14285714285714,143.64285714285714,0.0,13.208943579112997,126.0,146.0,1039.2,0.0,202.0,24.0,1.0
2023-04-21,B07X9Y3Q4S,Mi Power Bank 10000mAh,1299.0,1039.2,20,4.1,9854,9200,785,0,0,178,133,0,133,2023,4,21,4,16,111,2,-0.433883739117558,-0.9009688679024191,0.8660254037844387,-0.4999999999999998,0.9427611433904207,-0.3334687789181868,259.79999999999995,0.19999999999999996,0.08532608695652173,1.3383458646616542,45,133.0,141.0,138.0,0.0,142.28571428571428,144.78571428571428,0.0,13.804761083460619,133.0,141.0,1039.2,0.0,226.0,-48.0,1.0
2023-04-25,B07X9Y3Q4S,Mi Power Bank 10000mAh,1299.0,909.3,30,4.0,13312,6455,595,0,0,223,118,0,118,2023,4,25,1,17,115,2,0.7818314824680298,0.6234898018587336,0.8660254037844387,-0.4999999999999998,0.9175836260593937,-0.39754281428255595,389.70000000000005,0.30000000000000004,0.09217660728117738,1.8898305084745763,105,133.0,165.0,196.0,0.0,141.14285714285714,144.42857142857142,0.0,14.252819269985062,133.0,165.0,1039.2,-129.9000000000001,178.0,45.0,1.0
2023-04-27,B07X9Y3Q4S,Mi Power Bank 10000mAh,1299.0,1039.2,20,4.4,6656,10248,1199,0,0,193,128,0,128,2023,4,27,3,17,117,2,0.43388373911755823,-0.900968867902419,0.8660254037844387,-0.4999999999999998,0.9033558023246845,-0.4288919379124835,259.79999999999995,0.19999999999999996,0.1169984387197502,1.5078125,65,118.0,157.0,122.0,0.0,134.42857142857142,138.85714285714286,0.0,12.039617143098129,118.0,157.0,909.3,129.9000000000001,223.0,-30.0,1.0
2023-04-28,B07X9Y3Q4S,Mi Power Bank 10000mAh,1299.0,909.3,30,4.0,6155,10962,1433,0,0,301,152,0,152,2023,4,28,4,17,118,2,-0.433883739117558,-0.9009688679024191,0.8660254037844387,-0.4999999999999998,0.895839290734909,-0.4443781781046132,389.70000000000005,0.30000000000000004,0.1307243203794928,1.980263157894737,149,128.0,138.0,132.0,0.0,130.28571428571428,139.28571428571428,0.0,6.848705126136177,128.0,138.0,1039.2,-129.9000000000001,193.0,108.0,1.0
2023-05-01,B07X9Y3Q4S,Mi Power Bank 10000mAh,1299.0,909.3,30,3.9,14356,6887,574,0,0,224,119,0,119,2023,5,1,0,18,121,2,0.0,1.0,0.49999999999999994,-0.8660254037844387,0.8717063187093218,-0.4900286664290592,389.70000000000005,0.30000000000000004,0.08334543342529403,1.8823529411764706,105,152.0,136.0,147.0,0.0,132.28571428571428,140.71428571428572,0.0,10.531132982958841,152.0,136.0,909.3,0.0,301.0,-77.0,1.0
2023-05-03,B07X9Y3Q4S,Mi Power Bank 10000mAh,1299.0,909.3,30,4.2,11502,8682,1320,0,0,253,129,0,129,2023,5,3,2,18,123,2,0.9749279121818236,-0.22252093395631434,0.49999999999999994,-0.8660254037844387,0.854322169749827,-0.5197438121555155,389.70000000000005,0.30000000000000004,0.1520387007601935,1.9612403100775193,124,119.0,126.0,150.0,0.0,129.85714285714286,138.71428571428572,0.0,11.451762185046421,119.0,126.0,909.3,0.0,224.0,29.0,1.0
2023-05-05,B07X9Y3Q4S,Mi Power Bank 10000mAh,1299.0,1039.2,20,4.1,10787,4720,510,0,0,103,101,0,101,2023,5,5,4,18,125,2,-0.433883739117558,-0.9009688679024191,0.49999999999999994,-0.8660254037844387,0.8359254794186372,-0.548842958284719,259.79999999999995,0.19999999999999996,0.10805084745762712,1.0198019801980198,2,129.0,133.0,146.0,0.0,130.28571428571428,137.21428571428572,0.0,11.338934190276905,129.0,133.0,909.3,129.9000000000001,253.0,-150.0,1.0
2023-05-14,B07X9Y3Q4S,Mi Power Bank 10000mAh,1299.0,1039.2,20,4.4,10791,12235,1682,0,1,261,149,0,149,2023,5,14,6,19,134,2,-0.7818314824680299,0.6234898018587334,0.49999999999999994,-0.8660254037844387,0.7412220108485958,-0.6712599575675313,259.79999999999995,0.19999999999999996,0.13747445852063753,1.7516778523489933,112,101.0,133.0,141.0,0.0,125.71428571428571,134.0,0.0,15.681350767863222,101.0,133.0,1039.2,0.0,103.0,158.0,1.0
2023-05-21,B07X9Y3Q4S,Mi Power Bank 10000mAh,1299.0,649.5,50,4.4,14550,12458,1903,0,1,152,152,1,183,2023,5,21,6,20,141,2,-0.7818314824680299,0.6234898018587334,0.49999999999999994,-0.8660254037844387,0.6551563572090853,-0.7554933140726803,649.5,0.5,0.15275325092310163,0.8306010928961749,-31,149.0,118.0,165.0,0.0,128.0,134.57142857142858,0.0,17.925772879665065,149.0,118.0,1039.2,-389.70000000000005,261.0,-109.0,1.0
2023-05-24,B07X9Y3Q4S,Mi Power Bank 10000mAh,1299.0,1039.2,20,4.3,12741,9595,715,0,0,77,77,1,130,2023,5,24,2,21,144,2,0.9749279121818236,-0.22252093395631434,0.49999999999999994,-0.8660254037844387,0.6152845999633276,-0.7883050558305255,259.79999999999995,0.19999999999999996,0.07451797811360084,0.5923076923076923,-53,183.0,128.0,157.0,112.0,137.28571428571428,135.85714285714286,139.3,26.612743098712993,152.0,128.0,649.5,389.70000000000005,152.0,-75.0,1.0
2023-05-30,B07X9Y3Q4S,Mi Power Bank 10000mAh,1299.0,649.5,50,4.1,10597,7870,1034,0,0,183,155,0,155,2023,5,30,1,22,150,2,0.7818314824680298,0.6234898018587336,0.49999999999999994,-0.8660254037844387,0.5307300481619334,-0.8475409228928311,649.5,0.5,0.13138500635324016,1.1806451612903226,28,130.0,152.0,138.0,135.0,137.57142857142858,133.92857142857142,139.9,26.50696224804058,77.0,152.0,1039.2,-389.70000000000005,77.0,106.0,1.0
2023-06-01,B07X9Y3Q4S,Mi Power Bank 10000mAh,1299.0,649.5,50,4.2,12462,8240,1199,0,0,236,148,0,148,2023,6,1,3,22,152,2,0.43388373911755823,-0.900968867902419,1.2246467991473532e-16,-1.0,0.5012418134457758,-0.865307254363206,649.5,0.5,0.1455097087378641,1.5945945945945945,88,155.0,119.0,136.0,138.0,138.0,135.14285714285714,140.56666666666666,26.801741236966944,155.0,119.0,649.5,0.0,183.0,53.0,1.0
2023-06-02,B07X9Y3Q4S,Mi Power Bank 10000mAh,1299.0,779.4,40,4.2,14895,9074,1493,0,0,96,96,1,151,2023,6,2,4,22,153,2,-0.433883739117558,-0.9009688679024191,1.2246467991473532e-16,-1.0,0.48627270710868997,-0.8738071036110808,519.6,0.4,0.1645360370288737,0.6357615894039735,-55,148.0,129.0,126.0,137.0,142.14285714285714,136.0,140.9,25.589246253251076,148.0,129.0,649.5,129.89999999999998,236.0,-140.0,1.0
2023-06-11,B07X9Y3Q4S,Mi Power Bank 10000mAh,1299.0,779.4,40,4.0,11138,9759,877,0,1,78,78,1,128,2023,6,11,6,23,162,2,-0.7818314824680299,0.6234898018587334,1.2246467991473532e-16,-1.0,0.3456123126707335,-0.9383773917408641,519.6,0.4,0.08986576493493185,0.609375,-50,151.0,101.0,133.0,123.0,145.28571428571428,137.78571428571428,141.36666666666667,25.051375782009032,96.0,101.0,779.4,0.0,96.0,-18.0,1.0
2023-06-20,B07X9Y3Q4S,Mi Power Bank 10000mAh,1299.0,779.4,40,4.2,5531,9145,909,0,0,282,161,0,161,2023,6,20,1,25,171,2,0.7818314824680298,0.6234898018587336,1.2246467991473532e-16,-1.0,0.19667288979357647,-0.980469160361632,519.6,0.4,0.09939857845817386,1.7515527950310559,121,128.0,149.0,133.0,178.0,149.14285714285714,137.42857142857142,141.53333333333333,18.252201432782208,78.0,149.0,779.4,0.0,78.0,204.0,1.0
2023-07-10,B07X9Y3Q4S,Mi Power Bank 10000mAh,1299.0,649.5,50,4.4,15089,13415,1592,0,0,157,157,1,190,2023,7,10,0,28,191,3,0.0,1.0,-0.4999999999999997,-0.8660254037844388,-0.14579919691987442,-0.9893142039703664,649.5,0.5,0.11867312709653373,0.8263157894736842,-33,161.0,183.0,118.0,117.0,150.85714285714286,139.42857142857142,140.96666666666667,18.792095602748955,161.0,152.0,779.4,-129.89999999999998,282.0,-125.0,1.0
2023-07-13,B07X9Y3Q4S,Mi Power Bank 10000mAh,1299.0,1039.2,20,4.0,6033,10234,1224,0,0,264,133,0,133,2023,7,13,3,28,194,3,0.43388373911755823,-0.900968867902419,-0.4999999999999997,-0.8660254037844388,-0.19667288979357622,-0.9804691603616321,259.79999999999995,0.19999999999999996,0.11960132890365449,1.9849624060150375,131,190.0,130.0,128.0,138.0,151.85714285714286,144.57142857142858,143.4,20.86007807135094,157.0,77.0,649.5,389.70000000000005,157.0,107.0,1.0
2023-07-27,B07X9Y3Q4S,Mi Power Bank 10000mAh,1299.0,909.3,30,4.3,15390,14948,1897,0,0,374,191,0,191,2023,7,27,3,30,208,3,0.43388373911755823,-0.900968867902419,-0.4999999999999997,-0.8660254037844388,-0.42500033996955394,-0.9051931898913975,389.70000000000005,0.30000000000000004,0.1269066095798769,1.9581151832460733,183,133.0,155.0,152.0,196.0,152.28571428571428,144.92857142857142,143.23333333333332,20.36102719833721,133.0,155.0,1039.2,-129.9000000000001,264.0,110.0,1.0
2023-08-02,B07X9Y3Q4S,Mi Power Bank 10000mAh,1299.0,649.5,50,4.0,10082,7558,1126,0,0,171,137,0,137,2023,8,2,2,31,214,3,0.9749279121818236,-0.22252093395631434,-0.8660254037844385,-0.5000000000000004,-0.5160623910158526,-0.8565509959010037,649.5,0.5,0.1489812119608362,1.2481751824817517,34,191.0,148.0,119.0,122.0,157.42857142857142,147.71428571428572,143.06666666666666,25.145292089886585,191.0,148.0,909.3,-259.79999999999995,374.0,-203.0,1.0
2023-08-12,B07X9Y3Q4S,Mi Power Bank 10000mAh,1299.0,1039.2,20,3.9,12194,7041,1189,0,1,129,94,0,94,2023,8,12,5,32,224,3,-0.9749279121818236,-0.2225209339563146,-0.8660254037844385,-0.5000000000000004,-0.655156357209085,-0.7554933140726804,259.79999999999995,0.19999999999999996,0.16886805851441555,1.372340425531915,35,137.0,151.0,129.0,132.0,155.85714285714286,149.0,143.56666666666666,26.156124658344478,137.0,96.0,649.5,389.70000000000005,171.0,-42.0,1.0
2023-08-24,B07X9Y3Q4S,Mi Power Bank 10000mAh,1299.0,909.3,30,3.9,14669,9078,849,0,0,128,128,1,131,2023,8,24,3,34,236,3,0.43388373911755823,-0.900968867902419,-0.8660254037844385,-0.5000000000000004,-0.7961828637826154,-0.6050560696488494,389.70000000000005,0.30000000000000004,0.09352280237937871,0.9770992366412213,-3,94.0,128.0,101.0,147.0,147.71428571428572,146.5,142.3,35.22174652925985,94.0,78.0,1039.2,-129.9000000000001,129.0,-1.0,1.0
2023-08-26,B07X9Y3Q4S,Mi Power Bank 10000mAh,1299.0,1039.2,20,4.2,15516,5713,668,0,1,170,114,0,114,2023,8,26,5,34,238,3,-0.9749279121818236,-0.2225209339563146,-0.8660254037844385,-0.5000000000000004,-0.8165380514459157,-0.5772916165517278,259.79999999999995,0.19999999999999996,0.11692630841939436,1.4912280701754386,56,131.0,161.0,149.0,150.0,148.14285714285714,148.64285714285714,141.76666666666668,34.95915984606692,128.0,161.0,909.3,129.9000000000001,128.0,42.0,1.0
2023-09-04,B07X9Y3Q4S,Mi Power Bank 10000mAh,1299.0,909.3,30,4.4,8258,12895,1533,0,0,243,150,0,150,2023,9,4,0,36,247,3,0.0,1.0,-1.0,-1.8369701987210297e-16,-0.8958392907349089,-0.4443781781046134,389.70000000000005,0.30000000000000004,0.1188832880961613,1.62,93,114.0,190.0,183.0,146.0,141.42857142857142,146.14285714285714,140.56666666666666,36.55524195359286,114.0,157.0,1039.2,-129.9000000000001,170.0,73.0,1.0
2023-09-07,B07X9Y3Q4S,Mi Power Bank 10000mAh,1299.0,1039.2,20,4.3,7770,8578,1370,0,0,231,117,0,117,2023,9,7,3,36,250,3,0.43388373911755823,-0.900968867902419,-1.0,-1.8369701987210297e-16,-0.9175836260593934,-0.3975428142825566,259.79999999999995,0.19999999999999996,0.15971088831895547,1.9743589743589745,114,150.0,133.0,130.0,141.0,135.71428571428572,143.78571428571428,140.7,30.28593890303052,150.0,133.0,909.3,129.9000000000001,243.0,-12.0,1.0
2023-09-20,B07X9Y3Q4S,Mi Power Bank 10000mAh,1299.0,649.5,50,4.2,12128,17595,1949,0,0,421,217,0,217,2023,9,20,2,38,263,3,0.9749279121818236,-0.22252093395631434,-1.0,-1.8369701987210297e-16,-0.9829265519799822,-0.18399835165767986,649.5,0.5,0.11077010514350667,1.9400921658986174,204,117.0,191.0,155.0,165.0,133.42857142857142,142.85714285714286,139.9,31.117289635919725,117.0,191.0,1039.2,-389.70000000000005,231.0,190.0,1.0
2023-09-25,B07X9Y3Q4S,Mi Power Bank 10000mAh,1299.0,519.6,60,4.2,14336,52306,7413,1,0,878,537,0,537,2023,9,25,0,39,268,3,0.0,1.0,-1.0,-1.8369701987210297e-16,-0.9951053111006974,-0.09882013873287211,779.4,0.6,0.14172370282567964,1.6350093109869646,341,217.0,137.0,148.0,157.0,137.14285714285714,147.28571428571428,141.63333333333333,39.545031594493956,217.0,137.0,649.5,-129.89999999999998,421.0,457.0,1.0
2023-09-26,B07X9Y3Q4S,Mi Power Bank 10000mAh,1299.0,519.6,60,3.9,8128,39431,6627,1,0,600,450,0,450,2023,9,26,1,39,269,3,0.7818314824680298,0.6234898018587336,-1.0,-1.8369701987210297e-16,-0.99665890175417,-0.08167639533042288,779.4,0.6,0.16806573508153483,1.3333333333333333,150,537.0,94.0,151.0,138.0,194.28571428571428,175.07142857142858,154.3,156.21109039343125,537.0,94.0,519.6,0.0,878.0,-278.0,1.0
2023-10-07,B07X9Y3Q4S,Mi Power Bank 10000mAh,1299.0,454.65,65,4.2,9916,25445,5348,1,1,374,370,0,370,2023,10,7,5,40,280,4,-0.9749279121818236,-0.2225209339563146,-0.8660254037844386,0.5000000000000001,-0.994217906893952,0.10738134666416306,844.35,0.65,0.21017881705639616,1.0108108108108107,4,450.0,131.0,128.0,136.0,245.14285714285714,196.42857142857142,164.7,174.9470668244431,450.0,128.0,519.6,-64.95000000000005,600.0,-226.0,1.0
2023-10-10,B07X9Y3Q4S,Mi Power Bank 10000mAh,1299.0,519.6,60,3.8,7804,30682,4501,1,0,637,393,0,393,2023,10,10,1,41,283,4,0.7818314824680298,0.6234898018587336,-0.8660254037844386,0.5000000000000001,-0.9873494423939864,0.15855938510313475,779.4,0.6,0.14669838993546705,1.6208651399491094,244,370.0,114.0,161.0,126.0,279.2857142857143,213.71428571428572,172.5,172.25921773663686,370.0,114.0,454.65,64.95000000000005,374.0,263.0,1.0
2023-10-13,B07X9Y3Q4S,Mi Power Bank 10000mAh,1299.0,779.4,40,4.1,8452,15956,2141,1,0,335,292,0,292,2023,10,13,4,41,286,4,-0.433883739117558,-0.9009688679024191,-0.8660254037844386,0.5000000000000001,-0.9778483415056567,0.20931464596304888,519.6,0.4,0.13418149912258712,1.1472602739726028,43,393.0,150.0,190.0,133.0,319.14285714285717,230.28571428571428,181.4,159.4421823853697,393.0,150.0,519.6,259.79999999999995,637.0,-302.0,1.0
2023-10-14,B07X9Y3Q4S,Mi Power Bank 10000mAh,1299.0,649.5,50,4.4,11484,11943,2595,1,1,354,281,0,281,2023,10,14,5,41,287,4,-0.9749279121818236,-0.2225209339563146,-0.8660254037844386,0.5000000000000001,-0.9741004551724206,0.22611568550828803,649.5,0.5,0.21728208992715398,1.2597864768683273,73,292.0,117.0,133.0,133.0,339.42857142857144,237.57142857142858,186.7,142.46503330391525,292.0,117.0,779.4,-129.89999999999998,335.0,19.0,1.0
2023-10-29,B07X9Y3Q4S,Mi Power Bank 10000mAh,1299.0,909.3,30,4.4,12035,13815,1632,0,1,236,153,0,153,2023,10,29,6,43,302,4,-0.7818314824680299,0.6234898018587334,-0.8660254037844386,0.5000000000000001,-0.8840675099433637,0.46735921715800205,389.70000000000005,0.30000000000000004,0.11813246471226928,1.542483660130719,83,281.0,217.0,191.0,118.0,362.85714285714283,248.14285714285714,191.63333333333333,109.44927070174029,281.0,217.0,649.5,259.79999999999995,354.0,-118.0,1.0
2023-11-07,B07X9Y3Q4S,Mi Power Bank 10000mAh,1299.0,649.5,50,4.1,7071,21768,3635,1,0,582,325,0,325,2023,11,7,1,45,311,4,0.7818314824680298,0.6234898018587336,-0.5000000000000004,0.8660254037844384,-0.801361088174677,0.5981809144059158,649.5,0.5,0.16698823961778758,1.7907692307692307,257,153.0,537.0,137.0,128.0,353.7142857142857,245.42857142857142,192.8,125.203453474354,153.0,537.0,909.3,-259.79999999999995,236.0,346.0,1.0
2023-11-15,B07X9Y3Q4S,Mi Power Bank 10000mAh,1299.0,649.5,50,4.4,13684,32602,6857,1,0,334,334,1,393,2023,11,15,2,46,319,4,0.9749279121818236,-0.22252093395631434,-0.5000000000000004,0.8660254037844384,-0.711656622281775,0.7025274741691566,649.5,0.5,0.21032451996810012,0.8498727735368957,-59,325.0,450.0,94.0,152.0,323.42857142857144,258.85714285714283,199.36666666666667,95.62575863377859,325.0,450.0,649.5,0.0,582.0,-248.0,1.0
2023-11-28,B07X9Y3Q4S,Mi Power Bank 10000mAh,1299.0,909.3,30,4.2,11402,5880,544,0,0,158,114,0,114,2023,11,28,1,48,332,4,0.7818314824680298,0.6234898018587336,-0.5000000000000004,0.8660254037844384,-0.5380051715382992,0.8429415373547832,389.70000000000005,0.30000000000000004,0.09251700680272108,1.3859649122807018,44,393.0,370.0,131.0,119.0,315.2857142857143,280.2142857142857,207.4,84.87385597798296,334.0,370.0,649.5,259.79999999999995,334.0,-176.0,1.0
2023-12-04,B07X9Y3Q4S,Mi Power Bank 10000mAh,1299.0,779.4,40,4.0,12057,9332,1813,0,0,210,168,0,168,2023,12,4,0,49,338,4,0.0,1.0,-2.4492935982947064e-16,1.0,-0.4482293417404106,0.893918596519257,519.6,0.4,0.1942777539648521,1.25,42,114.0,393.0,114.0,129.0,278.7142857142857,279.0,207.23333333333332,109.07293322316366,114.0,393.0,909.3,-129.89999999999998,158.0,52.0,1.0
2023-12-05,B07X9Y3Q4S,Mi Power Bank 10000mAh,1299.0,1039.2,20,4.1,11100,13985,1764,0,0,286,156,0,156,2023,12,5,1,49,339,4,0.7818314824680298,0.6234898018587336,-2.4492935982947064e-16,1.0,-0.4327755925504317,0.9015016841318838,259.79999999999995,0.19999999999999996,0.12613514479799787,1.8333333333333333,130,168.0,292.0,150.0,101.0,246.57142857142858,282.85714285714283,208.53333333333333,102.7502751705269,168.0,292.0,779.4,259.80000000000007,210.0,76.0,1.0
2023-12-07,B07X9Y3Q4S,Mi Power Bank 10000mAh,1299.0,1039.2,20,4.4,10543,16532,1975,0,0,281,169,0,169,2023,12,7,3,49,341,4,0.43388373911755823,-0.900968867902419,-2.4492935982947064e-16,1.0,-0.4014879892059737,0.9158642882672868,259.79999999999995,0.19999999999999996,0.11946527945802081,1.6627218934911243,112,156.0,281.0,117.0,149.0,227.14285714285714,283.2857142857143,210.36666666666667,105.5484542306335,156.0,281.0,1039.2,0.0,286.0,-5.0,1.0
2023-12-11,B07X9Y3Q4S,Mi Power Bank 10000mAh,1299.0,909.3,30,3.9,12125,5600,726,0,0,194,108,0,108,2023,12,11,0,50,345,4,0.0,1.0,-2.4492935982947064e-16,1.0,-0.33752289959411347,0.941317317512847,389.70000000000005,0.30000000000000004,0.12964285714285714,1.7962962962962963,86,169.0,153.0,217.0,183.0,211.14285714285714,287.0,211.03333333333333,104.50746157002122,169.0,153.0,1039.2,-129.9000000000001,281.0,-87.0,1.0
2023-12-15,B07X9Y3Q4S,Mi Power Bank 10000mAh,1299.0,909.3,30,4.4,7717,8210,1064,0,0,162,123,0,123,2023,12,15,4,50,349,4,-0.433883739117558,-0.9009688679024191,-2.4492935982947064e-16,1.0,-0.27195815753410524,0.9623090774541487,389.70000000000005,0.30000000000000004,0.12959805115712544,1.3170731707317074,39,108.0,325.0,537.0,130.0,204.71428571428572,279.2142857142857,208.53333333333333,109.92378311920507,108.0,325.0,909.3,0.0,194.0,-32.0,1.0
2023-12-20,B07X9Y3Q4S,Mi Power Bank 10000mAh,1299.0,1039.2,20,4.4,14894,6167,1115,0,0,210,108,0,108,2023,12,20,2,51,354,4,0.9749279121818236,-0.22252093395631434,-2.4492935982947064e-16,1.0,-0.1882267098432439,0.9821256058680006,259.79999999999995,0.19999999999999996,0.18080103778174153,1.9444444444444444,102,123.0,393.0,450.0,155.0,175.85714285714286,249.64285714285714,208.3,99.06130857778322,123.0,334.0,909.3,129.9000000000001,162.0,48.0,1.0
2023-12-23,B07X9Y3Q4S,Mi Power Bank 10000mAh,1299.0,649.5,50,4.2,11170,9692,1362,0,1,142,142,1,172,2023,12,23,5,51,357,4,-0.9749279121818236,-0.2225209339563146,-2.4492935982947064e-16,1.0,-0.13727877211326517,0.9905324521322227,649.5,0.5,0.14052827073875362,0.8255813953488372,-30,108.0,114.0,370.0,148.0,135.14285714285714,225.21428571428572,206.73333333333332,28.0738821174197,108.0,114.0,1039.2,-389.70000000000005,210.0,-68.0,1.0
2024-01-08,B07X9Y3Q4S,Mi Power Bank 10000mAh,1299.0,1039.2,20,4.0,13586,10116,826,0,0,173,137,0,137,2024,1,8,0,2,8,1,0.0,1.0,0.49999999999999994,0.8660254037844387,0.13727877211326478,0.9905324521322229,259.79999999999995,0.19999999999999996,0.08165282720442862,1.2627737226277371,36,172.0,168.0,393.0,151.0,143.42857142857142,211.07142857142858,207.53333333333333,29.324944687966656,142.0,168.0,649.5,389.70000000000005,142.0,31.0,1.0
2024-01-22,B07X9Y3Q4S,Mi Power Bank 10000mAh,1299.0,779.4,40,3.9,10331,9421,1325,0,0,124,124,1,133,2024,1,22,0,4,22,1,0.0,1.0,0.49999999999999994,0.8660254037844387,0.3697245428906731,0.9291414114031743,519.6,0.4,0.14064324381700458,0.9323308270676691,-9,137.0,156.0,292.0,128.0,139.0,192.78571428571428,207.06666666666666,27.264140062236603,137.0,156.0,1039.2,-259.80000000000007,173.0,-49.0,1.0
2024-01-24,B07X9Y3Q4S,Mi Power Bank 10000mAh,1299.0,909.3,30,3.9,8019,7899,1158,0,0,156,125,0,125,2024,1,24,2,4,24,1,0.9749279121818236,-0.22252093395631434,0.49999999999999994,0.8660254037844387,0.401487989205973,0.9158642882672872,389.70000000000005,0.30000000000000004,0.14660083554880365,1.248,31,133.0,169.0,281.0,161.0,135.71428571428572,181.42857142857142,207.23333333333332,26.24064459138436,124.0,169.0,779.4,129.89999999999998,124.0,32.0,1.0
2024-01-26,B07X9Y3Q4S,Mi Power Bank 10000mAh,1299.0,454.65,65,4.5,10765,30551,6559,1,0,486,408,0,408,2024,1,26,4,4,26,1,-0.433883739117558,-0.9009688679024191,0.49999999999999994,0.8660254037844387,0.4327755925504312,0.901501684131884,844.35,0.65,0.21469019017380772,1.1911764705882353,78,125.0,108.0,153.0,190.0,129.42857142857142,170.28571428571428,206.03333333333333,21.839239477424577,125.0,108.0,909.3,-454.65,156.0,330.0,1.0
2024-02-01,B07X9Y3Q4S,Mi Power Bank 10000mAh,1299.0,909.3,30,3.9,12429,14156,1868,0,0,105,105,1,169,2024,2,1,3,5,32,1,0.43388373911755823,-0.900968867902419,0.8660254037844386,0.5000000000000001,0.5234156073655503,0.8520775211013093,389.70000000000005,0.30000000000000004,0.1319581802769144,0.621301775147929,-64,408.0,123.0,325.0,133.0,172.28571428571428,188.5,213.3,105.78864823428847,408.0,123.0,454.65,454.65,486.0,-381.0,1.0
2024-02-07,B07X9Y3Q4S,Mi Power Bank 10000mAh,1299.0,649.5,50,4.1,8299,10254,1117,0,0,244,164,0,164,2024,2,7,2,6,38,1,0.9749279121818236,-0.22252093395631434,0.8660254037844386,0.5000000000000001,0.6084768701151261,0.7935716089521474,649.5,0.5,0.1089330992783304,1.4878048780487805,80,169.0,108.0,393.0,191.0,178.85714285714286,177.35714285714286,214.5,103.62340239448545,105.0,108.0,909.3,-259.79999999999995,105.0,139.0,1.0
2024-02-13,B07X9Y3Q4S,Mi Power Bank 10000mAh,1299.0,779.4,40,4.1,14010,7659,794,0,0,194,145,0,145,2024,2,13,1,7,44,1,0.7818314824680298,0.6234898018587336,0.8660254037844386,0.5000000000000001,0.6870527672236669,0.7266075247685656,519.6,0.4,0.10366888627758193,1.3379310344827586,49,164.0,172.0,114.0,137.0,186.85714285714286,161.0,213.6,99.3133568919246,164.0,142.0,649.5,129.89999999999998,244.0,-50.0,1.0
2024-02-15,B07X9Y3Q4S,Mi Power Bank 10000mAh,1299.0,909.3,30,3.9,14556,12427,1374,0,0,74,74,1,145,2024,2,15,3,7,46,1,0.43388373911755823,-0.900968867902419,0.8660254037844386,0.5000000000000001,0.7116566222817746,0.7025274741691571,389.70000000000005,0.30000000000000004,0.11056570370966444,0.5103448275862069,-71,145.0,137.0,168.0,94.0,183.0,163.21428571428572,213.86666666666667,100.50373127401753,145.0,137.0,779.4,129.89999999999998,194.0,-120.0,1.0
2024-02-23,B07X9Y3Q4S,Mi Power Bank 10000mAh,1299.0,779.4,40,4.4,10983,10401,1519,0,0,293,176,0,176,2024,2,23,4,8,54,1,-0.433883739117558,-0.9009688679024191,0.8660254037844386,0.5000000000000001,0.8013610881746766,0.5981809144059165,519.6,0.4,0.1460436496490722,1.6647727272727273,117,145.0,133.0,156.0,131.0,184.14285714285714,161.57142857142858,215.56666666666666,99.93736133436843,74.0,124.0,909.3,-129.89999999999998,74.0,219.0,1.0
2024-02-24,B07X9Y3Q4S,Mi Power Bank 10000mAh,1299.0,1039.2,20,4.3,12040,9134,862,0,1,95,95,1,127,2024,2,24,5,8,55,1,-0.9749279121818236,-0.2225209339563146,0.8660254037844386,0.5000000000000001,0.8115390590073611,0.5842981736283684,259.79999999999995,0.19999999999999996,0.09437267352747974,0.7480314960629921,-32,176.0,125.0,169.0,114.0,190.28571428571428,163.0,217.06666666666666,97.5631663517096,176.0,125.0,779.4,259.80000000000007,293.0,-198.0,1.0
2024-03-01,B07X9Y3Q4S,Mi Power Bank 10000mAh,1299.0,779.4,40,4.1,11269,4237,638,0,0,113,113,1,115,2024,3,1,4,9,61,1,-0.433883739117558,-0.9009688679024191,1.0,6.123233995736766e-17,0.8674563547295969,0.49751328890718066,519.6,0.4,0.15057823932027378,0.9826086956521739,-2,127.0,408.0,108.0,150.0,190.57142857142858,160.0,217.5,97.34279145175044,95.0,408.0,1039.2,-259.80000000000007,95.0,18.0,1.0
2024-03-20,B07X9Y3Q4S,Mi Power Bank 10000mAh,1299.0,1039.2,20,4.5,11136,13077,1648,0,0,94,94,1,152,2024,3,20,2,12,80,1,0.9749279121818236,-0.22252093395631434,1.0,6.123233995736766e-17,0.9813064702716093,0.19245158197082998,259.79999999999995,0.19999999999999996,0.12602278810124645,0.618421052631579,-58,115.0,169.0,123.0,117.0,148.71428571428572,160.5,216.33333333333334,22.45524649693285,113.0,105.0,779.4,259.80000000000007,113.0,-19.0,1.0
2024-03-21,B07X9Y3Q4S,Mi Power Bank 10000mAh,1299.0,909.3,30,3.9,14167,14171,1799,0,0,229,157,0,157,2024,3,21,3,12,81,1,0.43388373911755823,-0.900968867902419,1.0,6.123233995736766e-17,0.9844738167520922,0.1755314904214282,389.70000000000005,0.30000000000000004,0.1269494037118058,1.4585987261146496,72,152.0,164.0,108.0,217.0,146.28571428571428,162.57142857142858,217.5,20.750215145182175,94.0,164.0,1039.2,-129.9000000000001,94.0,135.0,1.0
2024-03-22,B07X9Y3Q4S,Mi Power Bank 10000mAh,1299.0,649.5,50,4.0,14214,12578,1714,0,0,332,175,0,175,2024,3,22,4,12,82,1,-0.433883739117558,-0.9009688679024191,1.0,6.123233995736766e-17,0.9873494423939864,0.15855938510313475,649.5,0.5,0.13626967721418348,1.8971428571428572,157,157.0,145.0,172.0,537.0,145.28571428571428,166.07142857142858,215.5,19.905730211122975,157.0,145.0,909.3,-259.79999999999995,229.0,103.0,1.0
2024-03-27,B07X9Y3Q4S,Mi Power Bank 10000mAh,1299.0,909.3,30,4.5,10461,10413,1472,0,0,136,136,1,142,2024,3,27,2,13,87,1,0.9749279121818236,-0.22252093395631434,1.0,6.123233995736766e-17,0.9973249731081555,0.07309512989807777,389.70000000000005,0.30000000000000004,0.14136175933928743,0.9577464788732394,-6,175.0,145.0,137.0,450.0,149.57142857142858,166.28571428571428,203.43333333333334,22.846277179275866,175.0,74.0,649.5,259.79999999999995,332.0,-196.0,1.0
2024-03-30,B07X9Y3Q4S,Mi Power Bank 10000mAh,1299.0,779.4,40,4.0,11992,14417,1596,0,1,313,182,0,182,2024,3,30,5,13,90,1,-0.9749279121818236,-0.2225209339563146,1.0,6.123233995736766e-17,0.9997685019798909,0.021516097436222254,519.6,0.4,0.11070264271346328,1.7197802197802199,131,142.0,176.0,133.0,370.0,149.14285714285714,166.64285714285714,193.16666666666666,22.974105506187698,136.0,176.0,909.3,-129.89999999999998,136.0,177.0,1.0
2024-04-06,B07X9Y3Q4S,Mi Power Bank 10000mAh,1299.0,1039.2,20,3.9,11845,12664,1668,0,1,303,162,0,162,2024,4,6,5,14,97,2,-0.9749279121818236,-0.2225209339563146,0.8660254037844387,-0.4999999999999998,0.9951053111006976,-0.09882013873287143,259.79999999999995,0.19999999999999996,0.1317119393556538,1.8703703703703705,141,182.0,127.0,125.0,393.0,150.0,170.14285714285714,186.9,24.221202832778292,182.0,95.0,779.4,259.80000000000007,313.0,-10.0,1.0
2024-04-13,B07X9Y3Q4S,Mi Power Bank 10000mAh,1299.0,1039.2,20,3.9,9189,9988,1219,0,1,129,129,1,137,2024,4,13,5,15,104,2,-0.9749279121818236,-0.2225209339563146,0.8660254037844387,-0.4999999999999998,0.9760105506323683,-0.21772323039653177,259.79999999999995,0.19999999999999996,0.12204645574689628,0.9416058394160584,-8,162.0,115.0,408.0,292.0,155.0,172.78571428571428,179.2,22.21110833194183,162.0,113.0,1039.2,0.0,303.0,-174.0,1.0
2024-04-20,B07X9Y3Q4S,Mi Power Bank 10000mAh,1299.0,1039.2,20,3.9,13417,7858,1435,0,1,161,109,0,109,2024,4,20,5,16,111,2,-0.9749279121818236,-0.2225209339563146,0.8660254037844387,-0.4999999999999998,0.9427611433904207,-0.3334687789181868,259.79999999999995,0.19999999999999996,0.18261644184270806,1.4770642201834863,52,137.0,152.0,169.0,281.0,158.14285714285714,153.42857142857142,174.03333333333333,16.40557396566121,129.0,94.0,1039.2,0.0,129.0,32.0,1.0
2024-04-25,B07X9Y3Q4S,Mi Power Bank 10000mAh,1299.0,1039.2,20,4.0,16105,8411,1586,0,0,207,122,0,122,2024,4,25,3,17,116,2,0.43388373911755823,-0.900968867902419,0.8660254037844387,-0.4999999999999998,0.9106046300942162,-0.4132786077829042,259.79999999999995,0.19999999999999996,0.18856259659969088,1.6967213114754098,85,109.0,157.0,164.0,153.0,152.0,149.14285714285714,168.3,24.92655879445164,109.0,157.0,1039.2,0.0,161.0,46.0,1.0
2024-04-27,B07X9Y3Q4S,Mi Power Bank 10000mAh,1299.0,1039.2,20,4.1,14183,12445,1811,0,1,169,133,0,133,2024,4,27,5,17,118,2,-0.9749279121818236,-0.2225209339563146,0.8660254037844387,-0.4999999999999998,0.895839290734909,-0.4443781781046132,259.79999999999995,0.19999999999999996,0.14552028927280033,1.2706766917293233,36,122.0,175.0,145.0,325.0,147.0,146.14285714285714,167.26666666666668,27.16615541441076,122.0,175.0,1039.2,0.0,207.0,-38.0,1.0
2024-04-28,B07X9Y3Q4S,Mi Power Bank 10000mAh,1299.0,779.4,40,3.9,9312,9508,1108,0,1,180,135,0,135,2024,4,28,6,17,119,2,-0.7818314824680299,0.6234898018587334,0.8660254037844387,-0.4999999999999998,0.8880573226294932,-0.45973273945210397,519.6,0.4,0.11653344551956248,1.3333333333333333,45,133.0,142.0,145.0,393.0,141.0,145.28571428571428,160.86666666666667,24.454038521273265,133.0,136.0,1039.2,-259.80000000000007,169.0,11.0,1.0
2024-05-01,B07X9Y3Q4S,Mi Power Bank 10000mAh,1299.0,649.5,50,4.4,9812,8303,963,0,0,105,105,1,161,2024,5,1,2,18,122,2,0.9749279121818236,-0.22252093395631434,0.49999999999999994,-0.8660254037844387,0.8631421280499114,-0.5049610547215204,649.5,0.5,0.11598217511742744,0.6521739130434783,-56,135.0,182.0,176.0,114.0,140.0,144.57142857142858,152.26666666666668,24.549270186027588,135.0,182.0,779.4,-129.89999999999998,180.0,-75.0,1.0
2024-05-13,B07X9Y3Q4S,Mi Power Bank 10000mAh,1299.0,1039.2,20,4.1,10074,6397,768,0,0,200,101,0,101,2024,5,13,0,20,134,2,0.0,1.0,0.49999999999999994,-0.8660254037844387,0.7412220108485958,-0.6712599575675313,259.79999999999995,0.19999999999999996,0.12005627637955292,1.9801980198019802,99,161.0,162.0,127.0,168.0,137.0,143.5,153.83333333333334,19.27865832122614,105.0,162.0,649.5,389.70000000000005,105.0,95.0,1.0
2024-05-19,B07X9Y3Q4S,Mi Power Bank 10000mAh,1299.0,1039.2,20,4.0,7473,10778,1082,0,1,88,88,1,118,2024,5,19,6,20,140,2,-0.7818314824680299,0.6234898018587334,0.49999999999999994,-0.8660254037844387,0.6680638642135335,-0.7441039398713607,259.79999999999995,0.19999999999999996,0.1003896826869549,0.7457627118644068,-30,101.0,137.0,115.0,156.0,128.28571428571428,141.64285714285714,151.6,19.872210795597802,101.0,129.0,1039.2,0.0,200.0,-112.0,1.0
2024-05-23,B07X9Y3Q4S,Mi Power Bank 10000mAh,1299.0,779.4,40,4.3,13787,13399,1911,0,0,296,167,0,167,2024,5,23,3,21,144,2,0.43388373911755823,-0.900968867902419,0.49999999999999994,-0.8660254037844387,0.6152845999633276,-0.7883050558305255,519.6,0.4,0.14262258377490858,1.7724550898203593,129,118.0,109.0,152.0,169.0,125.57142857142857,141.85714285714286,150.33333333333334,19.78094321021182,88.0,109.0,1039.2,-259.80000000000007,88.0,208.0,1.0
2024-05-24,B07X9Y3Q4S,Mi Power Bank 10000mAh,1299.0,649.5,50,4.1,9333,10903,1278,0,0,91,91,1,178,2024,5,24,4,21,145,2,-0.433883739117558,-0.9009688679024191,0.49999999999999994,-0.8660254037844387,0.6016240632249226,-0.7987793728863649,649.5,0.5,0.11721544529028707,0.5112359550561798,-87,167.0,122.0,157.0,108.0,133.85714285714286,142.92857142857142,150.26666666666668,23.48353019620568,167.0,122.0,779.4,-129.89999999999998,296.0,-205.0,1.0
2024-05-28,B07X9Y3Q4S,Mi Power Bank 10000mAh,1299.0,779.4,40,4.5,10331,12844,1971,0,0,205,171,0,171,2024,5,28,1,22,149,2,0.7818314824680298,0.6234898018587336,0.49999999999999994,-0.8660254037844387,0.545240438540651,-0.8382797052177744,519.6,0.4,0.15345686701962005,1.1988304093567252,34,178.0,133.0,175.0,123.0,141.85714285714286,144.42857142857142,152.6,27.895212082771003,91.0,133.0,649.5,129.89999999999998,91.0,114.0,1.0
2024-06-09,B07X9Y3Q4S,Mi Power Bank 10000mAh,1299.0,649.5,50,4.3,10857,12137,1661,0,1,367,191,0,191,2024,6,9,6,23,161,2,-0.7818314824680299,0.6234898018587334,1.2246467991473532e-16,-1.0,0.36171373072976765,-0.9322892131745133,649.5,0.5,0.13685424734283597,1.9214659685863875,176,171.0,135.0,142.0,108.0,147.28571428571428,144.14285714285714,154.2,29.533677306390636,171.0,135.0,779.4,-129.89999999999998,205.0,162.0,1.0
2024-06-16,B07X9Y3Q4S,Mi Power Bank 10000mAh,1299.0,909.3,30,3.9,8005,11720,1068,0,1,158,150,0,150,2024,6,16,6,24,168,2,-0.7818314824680299,0.6234898018587334,1.2246467991473532e-16,-1.0,0.24702218048093552,-0.9690098257244062,389.70000000000005,0.30000000000000004,0.09112627986348124,1.0533333333333332,8,191.0,161.0,182.0,172.0,155.28571428571428,147.64285714285714,156.96666666666667,33.02884742016716,191.0,105.0,649.5,259.79999999999995,367.0,-209.0,1.0
2024-06-20,B07X9Y3Q4S,Mi Power Bank 10000mAh,1299.0,649.5,50,4.0,12482,15363,1985,0,0,179,179,1,186,2024,6,20,3,25,172,2,0.43388373911755823,-0.900968867902419,1.2246467991473532e-16,-1.0,0.1797665857255624,-0.9837092937736097,649.5,0.5,0.12920653518193062,0.9623655913978495,-7,150.0,101.0,162.0,137.0,153.71428571428572,145.35714285714286,156.23333333333332,32.9732936668149,150.0,101.0,909.3,-259.79999999999995,158.0,21.0,1.0
2024-06-27,B07X9Y3Q4S,Mi Power Bank 10000mAh,1299.0,779.4,40,4.2,15473,6828,687,0,0,115,115,1,128,2024,6,27,3,26,179,2,0.43388373911755823,-0.900968867902419,1.2246467991473532e-16,-1.0,0.06021327736579302,-0.9981855344718586,519.6,0.4,0.10061511423550087,0.8984375,-13,186.0,118.0,137.0,133.0,165.85714285714286,147.07142857142858,157.86666666666667,25.016185236951074,179.0,88.0,649.5,129.89999999999998,179.0,-64.0,1.0
2024-06-30,B07X9Y3Q4S,Mi Power Bank 10000mAh,1299.0,909.3,30,4.4,9295,8408,926,0,1,232,126,0,126,2024,6,30,6,26,182,2,-0.7818314824680299,0.6234898018587334,1.2246467991473532e-16,-1.0,0.008606996888688698,-0.9999629591162655,389.70000000000005,0.30000000000000004,0.11013320647002854,1.8412698412698412,106,128.0,167.0,109.0,125.0,167.28571428571428,146.42857142857142,157.7,21.921939434533485,115.0,167.0,779.4,129.89999999999998,115.0,117.0,1.0
2024-07-02,B07X9Y3Q4S,Mi Power Bank 10000mAh,1299.0,649.5,50,4.5,14477,8494,1151,0,0,293,172,0,172,2024,7,2,1,27,184,3,0.7818314824680298,0.6234898018587336,-0.4999999999999997,-0.8660254037844388,-0.02581844022713239,-0.9996666485105112,649.5,0.5,0.13550741700023547,1.7034883720930232,121,126.0,178.0,122.0,408.0,161.42857142857142,147.64285714285714,157.73333333333332,26.91874899803056,126.0,91.0,909.3,-259.79999999999995,232.0,61.0,1.0
2024-07-10,B07X9Y3Q4S,Mi Power Bank 10000mAh,1299.0,909.3,30,4.4,11943,11108,1007,0,0,76,76,1,147,2024,7,10,2,28,192,3,0.9749279121818236,-0.22252093395631434,-0.4999999999999997,-0.8660254037844388,-0.16280701293851646,-0.9866579328916572,389.70000000000005,0.30000000000000004,0.09065538350738207,0.5170068027210885,-71,172.0,171.0,133.0,169.0,160.57142857142858,151.21428571428572,149.86666666666667,26.393541778605062,172.0,171.0,649.5,259.79999999999995,293.0,-217.0,1.0
2024-07-12,B07X9Y3Q4S,Mi Power Bank 10000mAh,1299.0,779.4,40,4.4,7366,6400,754,0,0,105,105,1,125,2024,7,12,4,28,194,3,-0.433883739117558,-0.9009688679024191,-0.4999999999999997,-0.8660254037844388,-0.19667288979357622,-0.9804691603616321,519.6,0.4,0.1178125,0.84,-20,147.0,191.0,135.0,164.0,157.14285714285714,152.21428571428572,149.13333333333333,26.371882573606918,76.0,191.0,909.3,-129.89999999999998,76.0,29.0,1.0
2024-07-13,B07X9Y3Q4S,Mi Power Bank 10000mAh,1299.0,909.3,30,4.2,12153,4913,532,0,1,165,96,0,96,2024,7,13,5,28,195,3,-0.9749279121818236,-0.2225209339563146,-0.4999999999999997,-0.8660254037844388,-0.2135209154397959,-0.9769384927771817,389.70000000000005,0.30000000000000004,0.10828414410746998,1.71875,69,125.0,150.0,161.0,145.0,147.71428571428572,151.5,147.83333333333334,23.93542901024922,105.0,150.0,779.4,129.89999999999998,105.0,60.0,1.0
2024-07-14,B07X9Y3Q4S,Mi Power Bank 10000mAh,1299.0,1039.2,20,4.4,15715,13787,1684,0,1,200,169,0,169,2024,7,14,6,28,196,3,-0.7818314824680299,0.6234898018587334,-0.4999999999999997,-0.8660254037844388,-0.23030567023061196,-0.973118337233262,259.79999999999995,0.19999999999999996,0.12214404874156815,1.183431952662722,31,96.0,186.0,101.0,145.0,140.0,146.85714285714286,146.2,30.795021242617263,96.0,179.0,909.3,129.9000000000001,165.0,35.0,1.0
2024-07-17,B07X9Y3Q4S,Mi Power Bank 10000mAh,1299.0,649.5,50,4.2,16316,6024,723,0,0,248,145,0,145,2024,7,17,2,29,199,3,0.9749279121818236,-0.22252093395631434,-0.4999999999999997,-0.8660254037844388,-0.2802306751992161,-0.9599326896597445,649.5,0.5,0.1200199203187251,1.710344827586207,103,169.0,128.0,118.0,176.0,137.57142857142858,151.71428571428572,147.0,26.999118151382184,169.0,115.0,1039.2,-389.70000000000005,200.0,48.0,1.0
2024-07-20,B07X9Y3Q4S,Mi Power Bank 10000mAh,1299.0,1039.2,20,4.1,7286,12105,1872,0,1,240,133,0,133,2024,7,20,5,29,202,3,-0.9749279121818236,-0.2225209339563146,-0.4999999999999997,-0.8660254037844388,-0.3294084822245302,-0.9441875088341994,259.79999999999995,0.19999999999999996,0.1546468401486989,1.8045112781954886,107,145.0,126.0,167.0,127.0,140.0,153.64285714285714,145.96666666666667,26.758176320517716,145.0,126.0,649.5,389.70000000000005,248.0,-8.0,1.0
2024-07-25,B07X9Y3Q4S,Mi Power Bank 10000mAh,1299.0,1039.2,20,4.3,8939,9371,1579,0,0,190,108,0,108,2024,7,25,3,30,207,3,0.43388373911755823,-0.900968867902419,-0.4999999999999997,-0.8660254037844388,-0.4093559588156211,-0.9123747579707274,259.79999999999995,0.19999999999999996,0.16849855938533775,1.7592592592592593,82,133.0,172.0,178.0,115.0,141.0,151.21428571428572,146.16666666666666,26.274195198583126,133.0,172.0,1039.2,0.0,240.0,-50.0,1.0
2024-07-30,B07X9Y3Q4S,Mi Power Bank 10000mAh,1299.0,1039.2,20,4.3,12707,8692,1198,0,0,238,124,0,124,2024,7,30,1,31,212,3,0.7818314824680298,0.6234898018587336,-0.4999999999999997,-0.8660254037844388,-0.4862727071086902,-0.8738071036110807,259.79999999999995,0.19999999999999996,0.13782788771283938,1.9193548387096775,114,108.0,147.0,171.0,152.0,131.85714285714286,146.21428571428572,145.93333333333334,24.78190584161697,108.0,76.0,1039.2,0.0,190.0,48.0,1.0
2024-08-04,B07X9Y3Q4S,Mi Power Bank 10000mAh,1299.0,1039.2,20,4.3,9130,5694,846,0,1,161,106,0,106,2024,8,4,6,31,217,3,-0.7818314824680299,0.6234898018587334,-0.8660254037844385,-0.5000000000000004,-0.5595892624101763,-0.828770087174504,259.79999999999995,0.19999999999999996,0.14857744994731295,1.5188679245283019,55,124.0,125.0,191.0,157.0,128.57142857142858,142.85714285714286,145.0,23.950345459282186,124.0,105.0,1039.2,0.0,238.0,-77.0,1.0
2024-08-13,B07X9Y3Q4S,Mi Power Bank 10000mAh,1299.0,909.3,30,4.3,10102,9888,1287,0,0,241,144,0,144,2024,8,13,1,33,226,3,0.7818314824680298,0.6234898018587336,-0.8660254037844385,-0.5000000000000004,-0.6807734094770159,-0.7324940716135792,389.70000000000005,0.30000000000000004,0.13015776699029127,1.6736111111111112,97,106.0,96.0,150.0,175.0,125.85714285714286,136.78571428571428,143.3,25.45210254201869,106.0,96.0,1039.2,-129.9000000000001,161.0,80.0,1.0
2024-08-15,B07X9Y3Q4S,Mi Power Bank 10000mAh,1299.0,1039.2,20,3.9,16155,6140,875,0,0,104,104,1,107,2024,8,15,3,33,228,3,0.43388373911755823,-0.900968867902419,-0.8660254037844385,-0.5000000000000004,-0.7055836101071774,-0.70862667826446,259.79999999999995,0.19999999999999996,0.14250814332247558,0.9719626168224299,-3,144.0,169.0,186.0,142.0,132.71428571428572,136.35714285714286,142.26666666666668,22.343636571471695,144.0,169.0,909.3,129.9000000000001,241.0,-137.0,1.0
2024-08-18,B07X9Y3Q4S,Mi Power Bank 10000mAh,1299.0,1039.2,20,4.1,9718,10402,1351,0,1,124,124,1,132,2024,8,18,6,33,231,3,-0.7818314824680299,0.6234898018587334,-0.8660254037844385,-0.5000000000000004,-0.7412220108485957,-0.6712599575675315,259.79999999999995,0.19999999999999996,0.12987886944818305,0.9393939393939394,-8,107.0,145.0,128.0,182.0,123.85714285714286,130.71428571428572,141.1,17.27646348290357,104.0,145.0,1039.2,0.0,104.0,20.0,1.0
2024-08-23,B07X9Y3Q4S,Mi Power Bank 10000mAh,1299.0,909.3,30,3.9,16299,8546,1398,0,0,126,126,1,137,2024,8,23,4,34,236,3,-0.433883739117558,-0.9009688679024191,-0.8660254037844385,-0.5000000000000004,-0.7961828637826154,-0.6050560696488494,389.70000000000005,0.30000000000000004,0.16358530306576177,0.9197080291970803,-11,132.0,133.0,126.0,162.0,122.0,131.0,139.43333333333334,15.198684153567687,124.0,133.0,1039.2,-129.9000000000001,124.0,2.0,1.0
2024-08-24,B07X9Y3Q4S,Mi Power Bank 10000mAh,1299.0,649.5,50,4.0,11981,13098,1850,0,1,241,170,0,170,2024,8,24,5,34,237,3,-0.9749279121818236,-0.2225209339563146,-0.8660254037844385,-0.5000000000000004,-0.8064799463209447,-0.5912614448635782,649.5,0.5,0.14124293785310735,1.4176470588235295,71,137.0,108.0,172.0,137.0,122.57142857142857,131.78571428571428,138.6,15.746503769163827,126.0,108.0,909.3,-259.79999999999995,126.0,115.0,1.0
2024-08-29,B07X9Y3Q4S,Mi Power Bank 10000mAh,1299.0,909.3,30,4.2,14761,7189,886,0,0,160,131,0,131,2024,8,29,3,35,242,3,0.43388373911755823,-0.900968867902419,-0.8660254037844385,-0.5000000000000004,-0.8543221697498269,-0.5197438121555157,389.70000000000005,0.30000000000000004,0.12324384476283211,1.2213740458015268,29,170.0,124.0,147.0,109.0,131.42857142857142,131.64285714285714,139.7,22.269988346478613,170.0,124.0,649.5,259.79999999999995,241.0,-81.0,1.0
2024-09-04,B07X9Y3Q4S,Mi Power Bank 10000mAh,1299.0,649.5,50,4.4,14281,7727,1173,0,0,148,148,1,157,2024,9,4,2,36,248,3,0.9749279121818236,-0.22252093395631434,-1.0,-1.8369701987210297e-16,-0.9033558023246842,-0.4288919379124841,649.5,0.5,0.15180535783615892,0.9426751592356688,-9,131.0,106.0,125.0,122.0,132.42857142857142,130.5,140.43333333333334,22.03676581576707,131.0,106.0,909.3,-259.79999999999995,160.0,-12.0,1.0
2024-09-06,B07X9Y3Q4S,Mi Power Bank 10000mAh,1299.0,909.3,30,4.3,7970,12710,1962,0,0,190,155,0,155,2024,9,6,4,36,250,3,-0.433883739117558,-0.9009688679024191,-1.0,-1.8369701987210297e-16,-0.9175836260593934,-0.3975428142825566,389.70000000000005,0.30000000000000004,0.15436664044059795,1.2258064516129032,35,157.0,144.0,96.0,133.0,139.71428571428572,132.78571428571428,141.6,20.196652244980513,148.0,144.0,649.5,259.79999999999995,148.0,42.0,1.0
2024-09-11,B07X9Y3Q4S,Mi Power Bank 10000mAh,1299.0,909.3,30,3.8,14852,7637,1110,0,0,77,77,1,112,2024,9,11,2,37,255,3,0.9749279121818236,-0.22252093395631434,-1.0,-1.8369701987210297e-16,-0.9483615800121716,-0.31719128858910595,389.70000000000005,0.30000000000000004,0.14534503077124525,0.6875,-35,155.0,107.0,169.0,135.0,141.28571428571428,137.0,142.33333333333334,20.99773230386264,155.0,104.0,909.3,0.0,190.0,-113.0,1.0
2024-09-12,B07X9Y3Q4S,Mi Power Bank 10000mAh,1299.0,649.5,50,4.1,13428,7115,1053,0,0,199,156,0,156,2024,9,12,3,37,256,3,0.43388373911755823,-0.900968867902419,-1.0,-1.8369701987210297e-16,-0.9536809966304455,-0.300819807635668,649.5,0.5,0.14799718903724526,1.2756410256410255,43,112.0,132.0,145.0,161.0,142.0,132.92857142857142,141.56666666666666,19.680785892165186,77.0,124.0,909.3,-259.79999999999995,77.0,122.0,1.0
2024-09-14,B07X9Y3Q4S,Mi Power Bank 10000mAh,1299.0,1039.2,20,3.8,8782,13571,1396,0,1,94,94,1,158,2024,9,14,5,37,258,3,-0.9749279121818236,-0.2225209339563146,-1.0,-1.8369701987210297e-16,-0.9634705485641486,-0.26781430516217486,259.79999999999995,0.19999999999999996,0.1028664063075676,0.5949367088607594,-64,156.0,137.0,133.0,101.0,145.42857142857142,133.71428571428572,141.4,19.73877016480417,156.0,126.0,649.5,389.70000000000005,199.0,-105.0,1.0
2024-09-16,B07X9Y3Q4S,Mi Power Bank 10000mAh,1299.0,1039.2,20,4.4,10334,8654,1192,0,0,155,120,0,120,2024,9,16,0,38,260,3,0.0,1.0,-1.0,-1.8369701987210297e-16,-0.9721181966290612,-0.23449138957041052,259.79999999999995,0.19999999999999996,0.1377397735151375,1.2916666666666667,35,158.0,170.0,108.0,118.0,148.42857142857142,135.5,143.3,19.839834868742322,94.0,170.0,1039.2,0.0,94.0,61.0,1.0
2024-09-17,B07X9Y3Q4S,Mi Power Bank 10000mAh,1299.0,779.4,40,3.9,7979,8558,984,0,0,107,107,1,152,2024,9,17,1,38,261,3,0.7818314824680298,0.6234898018587336,-1.0,-1.8369701987210297e-16,-0.9760105506323682,-0.21772323039653224,519.6,0.4,0.11498013554568824,0.7039473684210527,-45,120.0,131.0,124.0,167.0,141.28571428571428,136.35714285714286,143.36666666666667,19.779739513906907,120.0,131.0,1039.2,-259.80000000000007,155.0,-48.0,1.0
2024-09-20,B07X9Y3Q4S,Mi Power Bank 10000mAh,1299.0,649.5,50,3.9,8474,14055,1347,0,0,117,117,1,166,2024,9,20,4,38,264,3,-0.433883739117558,-0.9009688679024191,-1.0,-1.8369701987210297e-16,-0.9859481499638303,-0.1670516255021195,649.5,0.5,0.09583778014941302,0.7048192771084337,-49,152.0,157.0,106.0,178.0,144.28571428571428,138.35714285714286,142.86666666666667,19.5509103429485,107.0,148.0,779.4,-129.89999999999998,107.0,10.0,1.0
2024-09-21,B07X9Y3Q4S,Mi Power Bank 10000mAh,1299.0,1039.2,20,3.9,9615,10287,1082,0,1,83,83,1,107,2024,9,21,5,38,265,3,-0.9749279121818236,-0.2225209339563146,-1.0,-1.8369701987210297e-16,-0.9886775902323404,-0.15005539834465262,259.79999999999995,0.19999999999999996,0.10518129678234665,0.7757009345794392,-24,166.0,155.0,144.0,171.0,145.57142857142858,142.64285714285714,142.46666666666667,20.783464123006453,117.0,155.0,649.5,389.70000000000005,117.0,-34.0,1.0
2024-10-09,B07X9Y3Q4S,Mi Power Bank 10000mAh,1299.0,649.5,50,4.3,12194,28018,3996,1,0,206,206,1,379,2024,10,9,2,41,283,4,0.9749279121818236,-0.22252093395631434,-0.8660254037844386,0.5000000000000001,-0.9873494423939864,0.15855938510313475,649.5,0.5,0.14262259975729888,0.5435356200527705,-173,107.0,112.0,107.0,191.0,138.71428571428572,140.0,140.33333333333334,24.70299769740527,83.0,77.0,1039.2,-389.70000000000005,83.0,123.0,1.0
2024-11-06,B07X9Y3Q4S,Mi Power Bank 10000mAh,1299.0,649.5,50,4.5,11010,47072,6943,1,0,452,452,1,477,2024,11,6,2,45,311,4,0.9749279121818236,-0.22252093395631434,-0.5000000000000004,0.8660254037844384,-0.801361088174677,0.5981809144059158,649.5,0.5,0.14749745071380013,0.9475890985324947,-25,379.0,156.0,132.0,150.0,176.85714285714286,159.42857142857142,146.6,91.7431715377741,206.0,156.0,649.5,0.0,206.0,246.0,1.0
2024-11-11,B07X9Y3Q4S,Mi Power Bank 10000mAh,1299.0,649.5,50,4.4,11824,31373,5151,1,0,673,393,0,393,2024,11,11,0,46,316,4,0.0,1.0,-0.5000000000000004,0.8660254037844384,-0.7469720876965551,0.6648553979642866,649.5,0.5,0.16418576482963057,1.7124681933842238,280,477.0,158.0,137.0,186.0,222.71428571428572,184.07142857142858,157.5,144.5864381442396,452.0,94.0,649.5,0.0,452.0,221.0,1.0
2024-11-19,B07X9Y3Q4S,Mi Power Bank 10000mAh,1299.0,1039.2,20,4.3,12175,10947,1108,0,0,69,69,1,121,2024,11,19,1,47,324,4,0.7818314824680298,0.6234898018587336,-0.5000000000000004,0.8660254037844384,-0.6486295610349818,0.7611042586607742,259.79999999999995,0.19999999999999996,0.101214944733717,0.5702479338842975,-52,393.0,120.0,170.0,128.0,256.2857142857143,202.35714285714286,164.4,154.0299908954033,393.0,120.0,649.5,389.70000000000005,673.0,-604.0,1.0
2024-11-26,B07X9Y3Q4S,Mi Power Bank 10000mAh,1299.0,1039.2,20,4.4,13652,8859,928,0,0,261,131,0,131,2024,11,26,1,48,331,4,0.7818314824680298,0.6234898018587336,-0.5000000000000004,0.8660254037844384,-0.5524353131676203,0.8335557718385695,259.79999999999995,0.19999999999999996,0.10475222937126087,1.9923664122137406,130,121.0,152.0,131.0,126.0,256.42857142857144,198.85714285714286,164.16666666666666,153.88291776851747,69.0,107.0,1039.2,0.0,69.0,192.0,1.0
2024-12-01,B07X9Y3Q4S,Mi Power Bank 10000mAh,1299.0,779.4,40,4.3,8088,14468,1605,0,1,128,128,1,182,2024,12,1,6,48,336,4,-0.7818314824680299,0.6234898018587334,-2.4492935982947064e-16,1.0,-0.4787338401157883,0.8779600847008883,519.6,0.4,0.11093447608515344,0.7032967032967034,-54,131.0,166.0,157.0,172.0,253.42857142857142,198.85714285714286,164.33333333333334,156.4415302307936,131.0,117.0,1039.2,-259.80000000000007,261.0,-133.0,1.0
2024-12-02,B07X9Y3Q4S,Mi Power Bank 10000mAh,1299.0,1039.2,20,4.4,14470,11903,1778,0,0,205,146,0,146,2024,12,2,0,49,337,4,0.0,1.0,-2.4492935982947064e-16,1.0,-0.4635502709028512,0.8860706215341378,259.79999999999995,0.19999999999999996,0.14937410736789045,1.404109589041096,59,182.0,107.0,155.0,147.0,255.71428571428572,200.64285714285714,164.66666666666666,155.0620459533474,128.0,83.0,779.4,259.80000000000007,128.0,77.0,1.0
2024-12-08,B07X9Y3Q4S,Mi Power Bank 10000mAh,1299.0,649.5,50,4.3,7629,6185,831,0,1,82,82,1,152,2024,12,8,6,49,343,4,-0.7818314824680299,0.6234898018587334,-2.4492935982947064e-16,1.0,-0.3697245428906732,0.9291414114031743,649.5,0.5,0.134357316087308,0.5394736842105263,-70,146.0,379.0,112.0,125.0,261.2857142857143,200.0,164.63333333333333,149.42636345450566,146.0,206.0,1039.2,-389.70000000000005,205.0,-123.0,1.0
2024-12-10,B07X9Y3Q4S,Mi Power Bank 10000mAh,1299.0,909.3,30,3.9,10684,5726,651,0,0,126,118,0,118,2024,12,10,1,50,345,4,0.7818314824680298,0.6234898018587336,-2.4492935982947064e-16,1.0,-0.33752289959411347,0.941317317512847,389.70000000000005,0.30000000000000004,0.1136919315403423,1.0677966101694916,8,152.0,477.0,156.0,96.0,228.85714285714286,202.85714285714286,165.53333333333333,144.16128533859606,82.0,452.0,649.5,259.79999999999995,82.0,44.0,1.0
2024-12-12,B07X9Y3Q4S,Mi Power Bank 10000mAh,1299.0,909.3,30,3.9,12493,8861,854,0,0,139,127,0,127,2024,12,12,3,50,347,4,0.43388373911755823,-0.900968867902419,-2.4492935982947064e-16,1.0,-0.3049212246562894,0.9523775757303973,389.70000000000005,0.30000000000000004,0.09637738404243314,1.094488188976378,12,118.0,393.0,158.0,169.0,177.57142857142858,200.14285714285714,166.26666666666668,97.46598918401725,118.0,393.0,909.3,0.0,126.0,13.0,1.0
2024-12-24,B07X9Y3Q4S,Mi Power Bank 10000mAh,1299.0,779.4,40,4.0,11901,9390,1517,0,0,201,152,0,152,2024,12,24,1,52,359,4,0.7818314824680298,0.6234898018587336,-2.4492935982947064e-16,1.0,-0.10310169744743544,0.9946708199115211,519.6,0.4,0.1615548455804047,1.3223684210526316,49,127.0,121.0,120.0,145.0,139.57142857142858,197.92857142857142,164.86666666666667,22.500793636794896,127.0,69.0,909.3,-129.89999999999998,139.0,62.0,1.0
2024-12-25,B07X9Y3Q4S,Mi Power Bank 10000mAh,1299.0,779.4,40,4.2,13412,12341,1965,0,0,277,170,0,170,2024,12,25,2,52,360,4,0.9749279121818236,-0.22252093395631434,-2.4492935982947064e-16,1.0,-0.0859647987374467,0.9962981749346077,519.6,0.4,0.159225346406288,1.6294117647058823,107,152.0,131.0,152.0,133.0,144.0,200.21428571428572,165.1,21.252450839058127,152.0,131.0,779.4,0.0,201.0,76.0,1.0
2024-12-26,B07X9Y3Q4S,Mi Power Bank 10000mAh,1299.0,909.3,30,4.0,10119,6474,780,0,0,112,112,1,125,2024,12,26,3,52,361,4,0.43388373911755823,-0.900968867902419,-2.4492935982947064e-16,1.0,-0.06880242680232064,0.9976303053065857,389.70000000000005,0.30000000000000004,0.12048192771084337,0.896,-13,170.0,182.0,166.0,108.0,149.57142857142858,201.5,166.33333333333334,22.359614955367572,170.0,128.0,779.4,129.89999999999998,277.0,-165.0,1.0
2025-01-09,B07X9Y3Q4S,Mi Power Bank 10000mAh,1299.0,1039.2,20,4.2,15306,9787,1344,0,0,95,95,1,122,2025,1,9,3,2,9,1,0.43388373911755823,-0.900968867902419,0.49999999999999994,0.8660254037844387,0.15430882066428117,0.9880226656636976,259.79999999999995,0.19999999999999996,0.1373250229896802,0.7786885245901639,-27,125.0,146.0,107.0,124.0,141.42857142857142,198.57142857142858,166.9,18.65348173806425,112.0,146.0,909.3,129.9000000000001,112.0,-17.0,1.0
2025-01-14,B07X9Y3Q4S,Mi Power Bank 10000mAh,1299.0,1039.2,20,3.9,9272,6895,938,0,0,99,98,0,98,2025,1,14,1,3,14,1,0.7818314824680298,0.6234898018587336,0.49999999999999994,0.8660254037844387,0.2386727660059501,0.9711000518829505,259.79999999999995,0.19999999999999996,0.13604060913705585,1.010204081632653,1,122.0,152.0,379.0,106.0,138.0,199.64285714285714,166.83333333333334,19.84103491924204,95.0,82.0,1039.2,0.0,95.0,4.0,1.0
2025-01-15,B07X9Y3Q4S,Mi Power Bank 10000mAh,1299.0,779.4,40,4.4,13030,5019,567,0,0,239,125,0,125,2025,1,15,2,3,15,1,0.9749279121818236,-0.22252093395631434,0.49999999999999994,0.8660254037844387,0.255353295116187,0.9668478136052775,519.6,0.4,0.11297071129707113,1.912,114,98.0,118.0,477.0,144.0,130.28571428571428,179.57142857142858,166.56666666666666,23.627062772126585,98.0,118.0,1039.2,-259.80000000000007,99.0,140.0,1.0
2025-01-22,B07X9Y3Q4S,Mi Power Bank 10000mAh,1299.0,909.3,30,4.2,15767,5179,601,0,0,151,110,0,110,2025,1,22,2,4,22,1,0.9749279121818236,-0.22252093395631434,0.49999999999999994,0.8660254037844387,0.3697245428906731,0.9291414114031743,389.70000000000005,0.30000000000000004,0.11604556864259509,1.3727272727272728,41,125.0,127.0,393.0,107.0,131.28571428571428,154.42857142857142,165.93333333333334,23.16401149566593,125.0,127.0,779.4,129.89999999999998,239.0,-88.0,1.0
2025-01-28,B07X9Y3Q4S,Mi Power Bank 10000mAh,1299.0,649.5,50,4.1,13543,12036,1931,0,0,294,182,0,182,2025,1,28,1,5,28,1,0.7818314824680298,0.6234898018587336,0.49999999999999994,0.8660254037844387,0.4635502709028509,0.886070621534138,649.5,0.5,0.16043536058491192,1.6153846153846154,112,110.0,152.0,121.0,132.0,128.85714285714286,134.21428571428572,166.03333333333333,24.53859933131416,110.0,152.0,909.3,-259.79999999999995,151.0,143.0,1.0
2025-02-01,B07X9Y3Q4S,Mi Power Bank 10000mAh,1299.0,1039.2,20,3.8,9359,5741,526,0,1,83,83,1,103,2025,2,1,5,5,32,1,-0.9749279121818236,-0.2225209339563146,0.8660254037844386,0.5000000000000001,0.5234156073655503,0.8520775211013093,259.79999999999995,0.19999999999999996,0.09162166869883295,0.8058252427184466,-20,182.0,170.0,131.0,137.0,133.14285714285714,138.57142857142858,167.7,31.018427702621747,182.0,170.0,649.5,389.70000000000005,294.0,-211.0,1.0
2025-02-02,B07X9Y3Q4S,Mi Power Bank 10000mAh,1299.0,779.4,40,4.0,16008,11576,1290,0,1,87,87,1,153,2025,2,2,6,5,33,1,-0.7818314824680299,0.6234898018587334,0.8660254037844386,0.5000000000000001,0.5380051715382996,0.8429415373547828,519.6,0.4,0.11143745680718728,0.5686274509803921,-66,103.0,125.0,182.0,170.0,123.57142857142857,136.57142857142858,166.56666666666666,27.933594725448923,83.0,112.0,1039.2,-259.80000000000007,83.0,4.0,1.0
2025-02-11,B07X9Y3Q4S,Mi Power Bank 10000mAh,1299.0,1039.2,20,4.1,12959,6914,832,0,0,117,117,1,120,2025,2,11,1,7,42,1,0.7818314824680298,0.6234898018587336,0.8660254037844386,0.5000000000000001,0.6616346182422783,0.7498264012045686,259.79999999999995,0.19999999999999996,0.12033555105582876,0.975,-3,153.0,122.0,146.0,131.0,127.57142857142857,134.5,166.0,30.093505073669334,87.0,95.0,779.4,259.80000000000007,87.0,30.0,1.0
2025-02-20,B07X9Y3Q4S,Mi Power Bank 10000mAh,1299.0,909.3,30,3.9,9761,13384,1814,0,0,305,160,0,160,2025,2,20,3,8,51,1,0.43388373911755823,-0.900968867902419,0.8660254037844386,0.5000000000000001,0.7694148268839378,0.6387494220515272,389.70000000000005,0.30000000000000004,0.13553496712492527,1.90625,145,120.0,98.0,152.0,157.0,127.28571428571429,132.64285714285714,165.63333333333333,30.16462766063384,117.0,98.0,1039.2,-129.9000000000001,117.0,188.0,1.0
2025-02-26,B07X9Y3Q4S,Mi Power Bank 10000mAh,1299.0,779.4,40,4.0,9874,10994,945,0,0,311,161,0,161,2025,2,26,2,9,57,1,0.9749279121818236,-0.22252093395631434,0.8660254037844386,0.5000000000000001,0.8311706263658079,0.5560174366570446,519.6,0.4,0.08595597598690195,1.9316770186335404,150,160.0,125.0,118.0,155.0,136.14285714285714,133.21428571428572,165.73333333333332,29.22001923013466,160.0,125.0,909.3,-129.89999999999998,305.0,6.0,1.0
2025-03-08,B07X9Y3Q4S,Mi Power Bank 10000mAh,1299.0,1039.2,20,3.8,15796,6768,1317,0,1,138,98,0,98,2025,3,8,5,10,67,1,-0.9749279121818236,-0.2225209339563146,1.0,6.123233995736766e-17,0.9141279881853337,0.40542572835999735,259.79999999999995,0.19999999999999996,0.1945921985815603,1.4081632653061225,40,161.0,110.0,127.0,112.0,141.28571428571428,136.28571428571428,165.93333333333334,30.087174929494648,161.0,110.0,779.4,259.80000000000007,311.0,-173.0,1.0
2025-03-09,B07X9Y3Q4S,Mi Power Bank 10000mAh,1299.0,909.3,30,4.1,15708,12774,1936,0,1,195,156,0,156,2025,3,9,6,10,68,1,-0.7818314824680299,0.6234898018587334,1.0,6.123233995736766e-17,0.9209712877166346,0.38963044953078796,389.70000000000005,0.30000000000000004,0.15155785188664475,1.25,39,98.0,182.0,152.0,156.0,139.57142857142858,134.21428571428572,165.46666666666667,32.41839571836177,98.0,182.0,1039.2,-129.9000000000001,138.0,57.0,1.0
2025-03-16,B07X9Y3Q4S,Mi Power Bank 10000mAh,1299.0,909.3,30,3.9,9736,6902,1055,0,1,219,129,0,129,2025,3,16,6,11,75,1,-0.7818314824680299,0.6234898018587334,1.0,6.123233995736766e-17,0.9611297838723007,0.27609697309746883,389.70000000000005,0.30000000000000004,0.1528542451463344,1.697674418604651,90,156.0,103.0,170.0,158.0,135.85714285714286,134.5,165.46666666666667,27.925069808497152,156.0,83.0,909.3,0.0,195.0,24.0,1.0
2025-03-25,B07X9Y3Q4S,Mi Power Bank 10000mAh,1299.0,1039.2,20,4.1,12993,10114,1269,0,0,184,125,0,125,2025,3,25,1,13,84,1,0.7818314824680298,0.6234898018587336,1.0,6.123233995736766e-17,0.9922222094179323,0.12447926388678915,259.79999999999995,0.19999999999999996,0.12546964603519872,1.472,59,129.0,153.0,125.0,120.0,139.57142857142858,131.57142857142858,164.5,24.32322033816582,129.0,87.0,909.3,129.9000000000001,219.0,-35.0,1.0
2025-04-01,B07X9Y3Q4S,Mi Power Bank 10000mAh,1299.0,909.3,30,4.2,13845,6234,801,0,0,174,125,0,125,2025,4,1,1,14,91,2,0.7818314824680298,0.6234898018587336,0.8660254037844387,-0.4999999999999998,0.9999907397361901,0.004303538296244289,389.70000000000005,0.30000000000000004,0.12848893166506256,1.392,49,125.0,120.0,122.0,152.0,135.57142857142858,131.57142857142858,164.66666666666666,24.047571899999166,125.0,117.0,1039.2,-129.9000000000001,184.0,-10.0,1.0
2025-04-09,B07X9Y3Q4S,Mi Power Bank 10000mAh,1299.0,1039.2,20,3.9,10857,12863,1894,0,0,236,142,0,142,2025,4,9,2,15,99,2,0.9749279121818236,-0.22252093395631434,0.8660254037844387,-0.4999999999999998,0.9911140639934547,-0.1330147065341959,259.79999999999995,0.19999999999999996,0.14724403327373087,1.6619718309859155,94,125.0,160.0,98.0,166.0,136.28571428571428,131.78571428571428,163.76666666666668,23.577632661161665,125.0,160.0,909.3,129.9000000000001,174.0,62.0,1.0
2025-04-10,B07X9Y3Q4S,Mi Power Bank 10000mAh,1299.0,649.5,50,4.0,10680,9359,1509,0,0,322,170,0,170,2025,4,10,3,15,100,2,0.43388373911755823,-0.900968867902419,0.8660254037844387,-0.4999999999999998,0.9886775902323405,-0.1500553983446526,649.5,0.5,0.16123517469815152,1.8941176470588235,152,142.0,161.0,125.0,107.0,133.71428571428572,134.92857142857142,162.96666666666667,21.445390225050154,142.0,161.0,1039.2,-389.70000000000005,236.0,86.0,1.0
2025-04-17,B07X9Y3Q4S,Mi Power Bank 10000mAh,1299.0,909.3,30,3.9,17019,11230,1189,0,0,177,149,0,149,2025,4,17,3,16,107,2,0.43388373911755823,-0.900968867902419,0.8660254037844387,-0.4999999999999998,0.9634705485641488,-0.2678143051621742,389.70000000000005,0.30000000000000004,0.10587711487088157,1.1879194630872483,28,170.0,98.0,110.0,379.0,135.0,138.14285714285714,165.06666666666666,23.52303835250133,170.0,98.0,649.5,259.79999999999995,322.0,-145.0,1.0
2025-04-21,B07X9Y3Q4S,Mi Power Bank 10000mAh,1299.0,909.3,30,4.3,7879,11940,1371,0,0,118,118,1,158,2025,4,21,0,17,111,2,0.0,1.0,0.8660254037844387,-0.4999999999999998,0.9427611433904207,-0.3334687789181868,389.70000000000005,0.30000000000000004,0.11482412060301507,0.7468354430379747,-40,149.0,156.0,182.0,477.0,142.28571428571428,140.92857142857142,157.4,17.201882510489323,149.0,156.0,909.3,0.0,177.0,-59.0,1.0
2025-04-22,B07X9Y3Q4S,Mi Power Bank 10000mAh,1299.0,909.3,30,4.1,10917,5805,582,0,0,234,119,0,119,2025,4,22,1,17,112,2,0.7818314824680298,0.6234898018587336,0.8660254037844387,-0.4999999999999998,0.9368813462954315,-0.3496474552512284,389.70000000000005,0.30000000000000004,0.10025839793281653,1.9663865546218486,115,158.0,129.0,103.0,393.0,142.57142857142858,139.21428571428572,146.76666666666668,17.4819634943837,118.0,129.0,909.3,0.0,118.0,116.0,1.0
2025-04-23,B07X9Y3Q4S,Mi Power Bank 10000mAh,1299.0,909.3,30,4.3,17493,14031,1661,0,0,210,165,0,165,2025,4,23,2,17,113,2,0.9749279121818236,-0.22252093395631434,0.8660254037844387,-0.4999999999999998,0.9307239310379795,-0.36572252349726897,389.70000000000005,0.30000000000000004,0.11838072838714275,1.2727272727272727,45,119.0,125.0,153.0,121.0,141.14285714285714,140.35714285714286,137.63333333333333,19.10871155109034,119.0,125.0,909.3,0.0,234.0,-24.0,1.0
2025-04-25,B07X9Y3Q4S,Mi Power Bank 10000mAh,1299.0,779.4,40,4.3,10023,10586,1152,0,0,306,157,0,157,2025,4,25,4,17,115,2,-0.433883739117558,-0.9009688679024191,0.8660254037844387,-0.4999999999999998,0.9175836260593937,-0.39754281428255595,519.6,0.4,0.10882297373890043,1.9490445859872612,149,165.0,125.0,120.0,131.0,146.85714285714286,141.21428571428572,139.1,19.4544645384063,165.0,125.0,909.3,-129.89999999999998,210.0,96.0,1.0
2025-04-28,B07X9Y3Q4S,Mi Power Bank 10000mAh,1299.0,649.5,50,3.8,8158,8458,825,0,0,269,168,0,168,2025,4,28,0,18,118,2,0.0,1.0,0.8660254037844387,-0.4999999999999998,0.895839290734909,-0.4443781781046132,649.5,0.5,0.0975407897848191,1.6011904761904763,101,157.0,142.0,160.0,182.0,151.42857142857142,143.85714285714286,139.96666666666667,17.07685707672716,157.0,142.0,779.4,-129.89999999999998,306.0,-37.0,1.0
2025-05-01,B07X9Y3Q4S,Mi Power Bank 10000mAh,1299.0,909.3,30,3.8,10532,13643,1496,0,0,163,156,0,156,2025,5,1,3,18,121,2,0.43388373911755823,-0.900968867902419,0.49999999999999994,-0.8660254037844387,0.8717063187093218,-0.4900286664290592,389.70000000000005,0.30000000000000004,0.1096533020596643,1.044871794871795,7,168.0,170.0,161.0,146.0,155.14285714285714,144.42857142857142,139.5,17.506461392186317,168.0,170.0,649.5,259.79999999999995,269.0,-106.0,1.0
2025-05-06,B07X9Y3Q4S,Mi Power Bank 10000mAh,1299.0,779.4,40,4.3,12366,8682,961,0,0,249,146,0,146,2025,5,6,1,19,126,2,0.7818314824680298,0.6234898018587336,0.49999999999999994,-0.8660254037844387,0.8263541987239096,-0.5631507242749186,519.6,0.4,0.11068878138677724,1.7054794520547945,103,156.0,149.0,98.0,152.0,153.14285714285714,144.07142857142858,139.83333333333334,16.283207827168958,156.0,149.0,909.3,-129.89999999999998,163.0,86.0,1.0
2025-05-19,B07X9Y3Q4S,Mi Power Bank 10000mAh,1299.0,1039.2,20,4.4,12418,8998,930,0,0,88,88,1,114,2025,5,19,0,21,139,2,0.0,1.0,0.49999999999999994,-0.8660254037844387,0.6807734094770161,-0.7324940716135789,259.79999999999995,0.19999999999999996,0.10335630140031118,0.7719298245614035,-26,146.0,158.0,156.0,118.0,152.71428571428572,147.5,139.63333333333333,16.44905555256434,146.0,118.0,779.4,259.80000000000007,249.0,-161.0,1.0
2025-05-23,B07X9Y3Q4S,Mi Power Bank 10000mAh,1299.0,1039.2,20,4.4,10815,13909,1860,0,0,134,134,1,146,2025,5,23,4,21,143,2,-0.433883739117558,-0.9009688679024191,0.49999999999999994,-0.8660254037844387,0.6287628145958344,-0.7775971469736269,259.79999999999995,0.19999999999999996,0.13372636422460277,0.9178082191780822,-12,114.0,119.0,129.0,127.0,146.42857142857142,144.5,139.5,21.67069559610318,88.0,119.0,1039.2,0.0,88.0,46.0,1.0
2025-05-28,B07X9Y3Q4S,Mi Power Bank 10000mAh,1299.0,779.4,40,4.2,10896,10286,1532,0,0,119,119,1,167,2025,5,28,2,22,148,2,0.9749279121818236,-0.22252093395631434,0.49999999999999994,-0.8660254037844387,0.5595892624101765,-0.8287700871745038,519.6,0.4,0.1489403072136885,0.7125748502994012,-48,146.0,165.0,125.0,152.0,150.28571428571428,145.71428571428572,140.13333333333333,18.080507788905727,134.0,165.0,1039.2,-259.80000000000007,134.0,-15.0,1.0
2025-06-03,B07X9Y3Q4S,Mi Power Bank 10000mAh,1299.0,1039.2,20,3.9,15729,11211,1491,0,0,268,136,0,136,2025,6,3,1,23,154,2,0.7818314824680298,0.6234898018587336,1.2246467991473532e-16,-1.0,0.4711595076738638,-0.8820480249558537,259.79999999999995,0.19999999999999996,0.13299438051913298,1.9705882352941178,132,167.0,157.0,125.0,170.0,150.57142857142858,148.71428571428572,140.63333333333333,18.365340026409342,119.0,157.0,779.4,259.80000000000007,119.0,149.0,1.0
2025-06-08,B07X9Y3Q4S,Mi Power Bank 10000mAh,1299.0,649.5,50,4.4,10556,12260,1877,0,1,193,168,0,168,2025,6,8,6,23,159,2,-0.7818314824680299,0.6234898018587334,1.2246467991473532e-16,-1.0,0.39359027665646673,-0.9192859697186104,649.5,0.5,0.1530995106035889,1.1488095238095237,25,136.0,168.0,142.0,125.0,147.57142857142858,149.5,139.5,18.849024226352743,136.0,168.0,1039.2,-389.70000000000005,268.0,-75.0,1.0
2025-06-09,B07X9Y3Q4S,Mi Power Bank 10000mAh,1299.0,779.4,40,4.0,15282,8667,944,0,0,140,140,1,142,2025,6,9,0,24,160,2,0.0,1.0,1.2246467991473532e-16,-1.0,0.3777079652039649,-0.9259247771938498,519.6,0.4,0.10891888773508711,0.9859154929577465,-2,168.0,156.0,170.0,122.0,147.57142857142858,151.35714285714286,140.93333333333334,18.849024226352743,168.0,156.0,649.5,129.89999999999998,193.0,-53.0,1.0
2025-06-18,B07X9Y3Q4S,Mi Power Bank 10000mAh,1299.0,779.4,40,4.3,10428,11154,1369,0,0,124,124,1,155,2025,6,18,2,25,169,2,0.9749279121818236,-0.22252093395631434,1.2246467991473532e-16,-1.0,0.23030567023061221,-0.9731183372332619,519.6,0.4,0.1227362381208535,0.8,-31,142.0,146.0,149.0,98.0,145.57142857142858,149.35714285714286,141.6,18.545953223069954,140.0,146.0,779.4,0.0,140.0,-16.0,1.0
2025-06-19,B07X9Y3Q4S,Mi Power Bank 10000mAh,1299.0,1039.2,20,4.2,14679,8880,1150,0,0,101,101,1,109,2025,6,19,3,25,170,2,0.43388373911755823,-0.900968867902419,1.2246467991473532e-16,-1.0,0.21352091543979612,-0.9769384927771817,259.79999999999995,0.19999999999999996,0.12950450450450451,0.926605504587156,-8,155.0,114.0,158.0,125.0,146.85714285714286,149.78571428571428,143.5,18.889402420654868,124.0,88.0,779.4,259.80000000000007,124.0,-23.0,1.0
2025-06-24,B07X9Y3Q4S,Mi Power Bank 10000mAh,1299.0,909.3,30,4.0,9536,11735,1454,0,0,156,131,0,131,2025,6,24,1,26,175,2,0.7818314824680298,0.6234898018587336,1.2246467991473532e-16,-1.0,0.12874817745258132,-0.99167731989929,389.70000000000005,0.30000000000000004,0.12390285470813805,1.1908396946564885,25,109.0,146.0,119.0,110.0,146.14285714285714,146.28571428571428,142.96666666666667,20.375054776436187,101.0,134.0,1039.2,-129.9000000000001,101.0,55.0,1.0
2025-06-26,B07X9Y3Q4S,Mi Power Bank 10000mAh,1299.0,1039.2,20,4.1,17500,10768,1611,0,0,216,135,0,135,2025,6,26,3,26,177,2,0.43388373911755823,-0.900968867902419,1.2246467991473532e-16,-1.0,0.09453674981719912,-0.9955213724144752,259.79999999999995,0.19999999999999996,0.14960995542347696,1.6,81,131.0,167.0,165.0,182.0,144.0,147.14285714285714,143.66666666666666,21.166010488514775,131.0,119.0,909.3,129.9000000000001,156.0,60.0,1.0
2025-06-30,B07X9Y3Q4S,Mi Power Bank 10000mAh,1299.0,779.4,40,3.9,10962,7503,828,0,0,226,146,0,146,2025,6,30,0,27,181,2,0.0,1.0,1.2246467991473532e-16,-1.0,0.02581844022713308,-0.9996666485105112,519.6,0.4,0.11035585765693723,1.547945205479452,80,135.0,136.0,157.0,103.0,139.42857142857142,145.0,142.1,18.68026715420038,135.0,136.0,1039.2,-259.80000000000007,216.0,10.0,1.0
2025-07-08,B07X9Y3Q4S,Mi Power Bank 10000mAh,1299.0,1039.2,20,4.0,10159,8630,996,0,0,119,104,0,104,2025,7,8,1,28,189,3,0.7818314824680298,0.6234898018587336,-0.4999999999999997,-0.8660254037844388,-0.11165900712169444,-0.9937465804361781,259.79999999999995,0.19999999999999996,0.11541135573580533,1.1442307692307692,15,146.0,168.0,168.0,153.0,140.85714285714286,144.21428571428572,143.53333333333333,18.756586144856975,146.0,168.0,779.4,259.80000000000007,226.0,-107.0,1.0
2025-07-11,B07X9Y3Q4S,Mi Power Bank 10000mAh,1299.0,1039.2,20,3.8,10769,11437,1084,0,0,200,127,0,127,2025,7,11,4,28,192,3,-0.433883739117558,-0.9009688679024191,-0.4999999999999997,-0.8660254037844388,-0.16280701293851646,-0.9866579328916572,259.79999999999995,0.19999999999999996,0.0947800996764886,1.5748031496062993,73,104.0,142.0,156.0,120.0,131.71428571428572,139.64285714285714,141.9,18.918371016149273,104.0,140.0,1039.2,0.0,119.0,81.0,1.0
2025-07-28,B07X9Y3Q4S,Mi Power Bank 10000mAh,1299.0,909.3,30,4.5,15844,16314,1744,0,0,203,182,0,182,2025,7,28,0,31,209,3,0.0,1.0,-0.4999999999999997,-0.8660254037844388,-0.4405187843504952,-0.8977433935342336,389.70000000000005,0.30000000000000004,0.10690204732131911,1.1153846153846154,21,127.0,155.0,146.0,160.0,129.57142857142858,137.57142857142858,142.13333333333333,18.40160448490735,127.0,124.0,1039.2,-129.9000000000001,200.0,3.0,1.0
2025-07-31,B07X9Y3Q4S,Mi Power Bank 10000mAh,1299.0,779.4,40,3.8,14136,10261,1458,0,0,76,76,1,152,2025,7,31,3,31,212,3,0.43388373911755823,-0.900968867902419,-0.4999999999999997,-0.8660254037844388,-0.4862727071086902,-0.8738071036110807,519.6,0.4,0.14209141409219375,0.5,-76,182.0,109.0,114.0,161.0,133.42857142857142,140.14285714285714,142.86666666666667,25.91561397341307,182.0,101.0,909.3,-129.89999999999998,203.0,-127.0,1.0
2025-08-01,B07X9Y3Q4S,Mi Power Bank 10000mAh,1299.0,1039.2,20,4.4,16207,11391,1860,0,0,90,90,1,141,2025,8,1,4,31,213,3,-0.433883739117558,-0.9009688679024191,-0.8660254037844385,-0.5000000000000004,-0.5012418134457756,-0.8653072543632061,259.79999999999995,0.19999999999999996,0.16328680537266263,0.6382978723404256,-51,152.0,131.0,146.0,98.0,139.57142857142858,142.85714285714286,142.56666666666666,24.199567095693343,76.0,131.0,779.4,259.80000000000007,76.0,14.0,1.0
2025-08-09,B07X9Y3Q4S,Mi Power Bank 10000mAh,1299.0,1039.2,20,3.8,8489,6818,873,0,1,118,108,0,108,2025,8,9,5,32,221,3,-0.9749279121818236,-0.2225209339563146,-0.8660254037844385,-0.5000000000000004,-0.6152845999633277,-0.7883050558305253,259.79999999999995,0.19999999999999996,0.12804341449105308,1.0925925925925926,10,141.0,135.0,167.0,156.0,141.0,142.5,144.0,23.902580055994996,90.0,135.0,1039.2,0.0,90.0,28.0,1.0
2025-08-13,B07X9Y3Q4S,Mi Power Bank 10000mAh,1299.0,909.3,30,4.1,9443,11979,1379,0,0,113,113,1,136,2025,8,13,2,33,225,3,0.9749279121818236,-0.22252093395631434,-0.8660254037844385,-0.5000000000000004,-0.6680638642135333,-0.7441039398713608,389.70000000000005,0.30000000000000004,0.11511812338258619,0.8308823529411765,-23,108.0,146.0,136.0,129.0,137.14285714285714,138.28571428571428,142.4,27.008816902561765,108.0,146.0,1039.2,-129.9000000000001,118.0,-5.0,1.0
2025-08-26,B07X9Y3Q4S,Mi Power Bank 10000mAh,1299.0,779.4,40,4.3,16547,7802,776,0,0,97,97,1,121,2025,8,26,1,35,238,3,0.7818314824680298,0.6234898018587336,-0.8660254037844385,-0.5000000000000004,-0.8165380514459157,-0.5772916165517278,519.6,0.4,0.09946167649320686,0.8016528925619835,-24,136.0,104.0,168.0,125.0,135.71428571428572,138.28571428571428,142.63333333333333,26.72523330558614,113.0,104.0,909.3,-129.89999999999998,113.0,-16.0,1.0
2025-08-27,B07X9Y3Q4S,Mi Power Bank 10000mAh,1299.0,779.4,40,4.5,13854,9085,950,0,0,226,161,0,161,2025,8,27,2,35,239,3,0.9749279121818236,-0.22252093395631434,-0.8660254037844385,-0.5000000000000004,-0.8263541987239094,-0.5631507242749187,519.6,0.4,0.10456796917996698,1.4037267080745341,65,121.0,127.0,142.0,125.0,138.14285714285714,134.92857142857142,142.5,23.996031417912416,97.0,127.0,779.4,0.0,97.0,129.0,1.0
2025-08-29,B07X9Y3Q4S,Mi Power Bank 10000mAh,1299.0,909.3,30,4.0,14381,6533,579,0,0,102,102,1,114,2025,8,29,4,35,241,3,-0.433883739117558,-0.9009688679024191,-0.8660254037844385,-0.5000000000000004,-0.8452490573530634,-0.5343725582809785,389.70000000000005,0.30000000000000004,0.08862697076381448,0.8947368421052632,-12,161.0,182.0,155.0,142.0,143.0,136.28571428571428,143.7,24.792471975714385,161.0,182.0,779.4,129.89999999999998,226.0,-124.0,1.0
2025-09-11,B07X9Y3Q4S,Mi Power Bank 10000mAh,1299.0,909.3,30,4.0,9006,9271,880,0,0,251,129,0,129,2025,9,11,3,37,254,3,0.43388373911755823,-0.900968867902419,-1.0,-1.8369701987210297e-16,-0.9427611433904206,-0.33346877891818705,389.70000000000005,0.30000000000000004,0.09491964189407831,1.945736434108527,122,114.0,152.0,109.0,170.0,133.28571428571428,133.35714285714286,142.76666666666668,19.779739513906918,102.0,76.0,909.3,0.0,102.0,149.0,1.0
2025-09-21,B07X9Y3Q4S,Mi Power Bank 10000mAh,1299.0,779.4,40,4.4,17172,8222,736,0,1,86,86,1,143,2025,9,21,6,38,264,3,-0.7818314824680299,0.6234898018587334,-1.0,-1.8369701987210297e-16,-0.9859481499638303,-0.1670516255021195,519.6,0.4,0.08951593286305035,0.6013986013986014,-57,129.0,141.0,131.0,149.0,130.0,134.78571428571428,141.4,17.98147194567921,129.0,90.0,909.3,-129.89999999999998,251.0,-165.0,1.0
2025-09-26,B07X9Y3Q4S,Mi Power Bank 10000mAh,1299.0,389.7,70,4.2,11590,15725,2414,1,0,233,233,1,315,2025,9,26,4,39,269,3,-0.433883739117558,-0.9009688679024191,-1.0,-1.8369701987210297e-16,-0.99665890175417,-0.08167639533042288,909.3,0.7,0.1535135135135135,0.7396825396825397,-82,143.0,108.0,135.0,158.0,130.28571428571428,135.64285714285714,141.2,18.199947671298684,86.0,108.0,779.4,-389.7,86.0,147.0,1.0
2025-09-28,B07X9Y3Q4S,Mi Power Bank 10000mAh,1299.0,649.5,50,4.0,9475,18425,3436,1,1,301,301,1,310,2025,9,28,6,39,271,3,-0.7818314824680299,0.6234898018587334,-1.0,-1.8369701987210297e-16,-0.9988797155850335,-0.04732138832243232,649.5,0.5,0.18648575305291723,0.9709677419354839,-9,315.0,136.0,146.0,119.0,159.85714285714286,148.5,146.43333333333334,70.10570250564102,233.0,113.0,389.7,259.8,233.0,68.0,1.0
2025-09-29,B07X9Y3Q4S,Mi Power Bank 10000mAh,1299.0,649.5,50,4.5,12728,24795,3388,1,0,698,364,0,364,2025,9,29,0,40,272,3,0.0,1.0,-1.0,-1.8369701987210297e-16,-0.9995462806873573,-0.03012030484690836,649.5,0.5,0.13664045170397257,1.9175824175824177,334,310.0,121.0,104.0,165.0,184.71428571428572,160.21428571428572,152.8,88.63542235042387,301.0,97.0,649.5,0.0,301.0,397.0,1.0
2025-10-03,B07X9Y3Q4S,Mi Power Bank 10000mAh,1299.0,779.4,40,3.9,11969,50637,7084,1,0,427,427,1,491,2025,10,3,4,40,276,4,-0.433883739117558,-0.9009688679024191,-0.8660254037844386,0.5000000000000001,-0.9992500112396835,0.03872228089217399,519.6,0.4,0.13989770326046172,0.869653767820774,-64,364.0,161.0,127.0,157.0,219.42857142857142,178.78571428571428,159.43333333333334,105.50332876716406,364.0,161.0,649.5,129.89999999999998,698.0,-271.0,1.0
2025-10-04,B07X9Y3Q4S,Mi Power Bank 10000mAh,1299.0,649.5,50,4.2,13976,34747,7962,1,1,537,405,0,405,2025,10,4,5,40,277,4,-0.9749279121818236,-0.2225209339563146,-0.8660254037844386,0.5000000000000001,-0.9984354211555643,0.05591699010060302,649.5,0.5,0.22914208420870866,1.325925925925926,132,491.0,114.0,182.0,168.0,266.57142857142856,204.78571428571428,170.56666666666666,142.34097224956813,427.0,102.0,779.4,-129.89999999999998,427.0,110.0,1.0
2025-10-06,B07X9Y3Q4S,Mi Power Bank 10000mAh,1299.0,649.5,50,4.2,12915,46044,6979,1,0,660,483,0,483,2025,10,6,0,41,279,4,0.0,1.0,-0.8660254037844386,0.5000000000000001,-0.9959189961471792,0.0902516100310407,649.5,0.5,0.15157240900008687,1.3664596273291925,177,405.0,129.0,152.0,156.0,308.14285714285717,220.71428571428572,178.46666666666667,132.5096582284079,405.0,129.0,649.5,0.0,537.0,123.0,1.0
2025-10-18,B07X9Y3Q4S,Mi Power Bank 10000mAh,1299.0,909.3,30,3.8,17152,10459,1216,0,1,255,148,0,148,2025,10,18,5,42,291,4,-0.9749279121818236,-0.2225209339563146,-0.8660254037844386,0.5000000000000001,-0.9562348265919058,0.2926003356333479,389.70000000000005,0.30000000000000004,0.11626350511521177,1.722972972972973,107,483.0,143.0,141.0,146.0,358.7142857142857,244.35714285714286,189.36666666666667,119.67555345699493,483.0,86.0,649.5,259.79999999999995,660.0,-405.0,1.0
2025-10-24,B07X9Y3Q4S,Mi Power Bank 10000mAh,1299.0,1039.2,20,4.4,17503,10789,1118,0,0,171,120,0,120,2025,10,24,4,43,297,4,-0.433883739117558,-0.9009688679024191,-0.8660254037844386,0.5000000000000001,-0.9209712877166347,0.38963044953078774,259.79999999999995,0.19999999999999996,0.10362406154416536,1.425,51,148.0,315.0,108.0,114.0,359.42857142857144,244.85714285714286,189.43333333333334,118.17904092640823,148.0,233.0,909.3,129.9000000000001,255.0,-84.0,1.0
2025-10-29,B07X9Y3Q4S,Mi Power Bank 10000mAh,1299.0,1039.2,20,4.2,9786,12486,1256,0,0,286,145,0,145,2025,10,29,2,44,302,4,0.9749279121818236,-0.22252093395631434,-0.8660254037844386,0.5000000000000001,-0.8840675099433637,0.46735921715800205,259.79999999999995,0.19999999999999996,0.10059266378343745,1.9724137931034482,141,120.0,310.0,136.0,146.0,331.57142857142856,245.71428571428572,189.63333333333333,149.28591934367307,120.0,301.0,1039.2,0.0,171.0,115.0,1.0
2025-11-02,B07X9Y3Q4S,Mi Power Bank 10000mAh,1299.0,454.65,65,4.4,12298,30907,3883,1,1,806,404,0,404,2025,11,2,6,44,306,4,-0.7818314824680299,0.6234898018587334,-0.5000000000000004,0.8660254037844384,-0.8498170915275277,0.5270777086423724,844.35,0.65,0.12563496942440225,1.995049504950495,402,145.0,364.0,121.0,167.0,308.0,246.35714285714286,189.6,165.414630550021,145.0,364.0,1039.2,-584.5500000000001,286.0,520.0,1.0
2025-11-04,B07X9Y3Q4S,Mi Power Bank 10000mAh,1299.0,779.4,40,4.0,9259,44684,6394,1,0,590,459,0,459,2025,11,4,1,45,308,4,0.7818314824680298,0.6234898018587336,-0.5000000000000004,0.8660254037844384,-0.8311706263658079,0.5560174366570446,519.6,0.4,0.14309372482320293,1.2854030501089324,131,404.0,491.0,161.0,136.0,313.7142857142857,266.57142857142856,197.5,168.33668077765475,404.0,427.0,454.65,324.75,806.0,-216.0,1.0
2025-11-12,B07X9Y3Q4S,Mi Power Bank 10000mAh,1299.0,649.5,50,3.9,9096,11960,2532,1,0,549,279,0,279,2025,11,12,2,46,316,4,0.9749279121818236,-0.22252093395631434,-0.5000000000000004,0.8660254037844384,-0.7469720876965551,0.6648553979642866,649.5,0.5,0.2117056856187291,1.967741935483871,270,459.0,405.0,114.0,168.0,309.14285714285717,287.85714285714283,208.26666666666668,163.07199695372634,459.0,405.0,779.4,-129.89999999999998,590.0,-41.0,1.0
2025-11-19,B07X9Y3Q4S,Mi Power Bank 10000mAh,1299.0,649.5,50,4.3,16424,15308,1859,0,0,172,172,1,192,2025,11,19,2,47,323,4,0.9749279121818236,-0.22252093395631434,-0.5000000000000004,0.8660254037844384,-0.661634618242279,0.749826401204568,649.5,0.5,0.12143977005487328,0.8958333333333334,-20,279.0,483.0,129.0,142.0,291.14285714285717,299.64285714285717,211.96666666666667,157.589581478206,279.0,483.0,649.5,0.0,549.0,-377.0,1.0
2025-11-28,B07X9Y3Q4S,Mi Power Bank 10000mAh,1299.0,909.3,30,4.4,13153,10143,1134,0,0,104,104,1,143,2025,11,28,4,48,332,4,-0.433883739117558,-0.9009688679024191,-0.5000000000000004,0.8660254037844384,-0.5380051715382992,0.8429415373547832,389.70000000000005,0.30000000000000004,0.11180124223602485,0.7272727272727273,-39,192.0,148.0,143.0,155.0,249.57142857142858,304.14285714285717,213.63333333333333,135.35737529820443,172.0,148.0,649.5,259.79999999999995,172.0,-68.0,1.0
2025-12-08,B07X9Y3Q4S,Mi Power Bank 10000mAh,1299.0,909.3,30,3.9,8336,9059,1264,0,0,127,118,0,118,2025,12,8,0,50,342,4,0.0,1.0,-2.4492935982947064e-16,1.0,-0.38566340624360745,0.9226395488404875,389.70000000000005,0.30000000000000004,0.13952974942046584,1.076271186440678,9,143.0,120.0,315.0,109.0,248.85714285714286,304.14285714285717,213.23333333333332,135.99439764371218,104.0,120.0,909.3,0.0,104.0,23.0,1.0
2025-12-12,B07X9Y3Q4S,Mi Power Bank 10000mAh,1299.0,779.4,40,3.8,16630,8984,946,0,0,145,145,1,151,2025,12,12,4,50,346,4,-0.433883739117558,-0.9009688679024191,-2.4492935982947064e-16,1.0,-0.32126966169236515,0.9469877530760751,519.6,0.4,0.10529830810329474,0.9602649006622517,-6,118.0,145.0,310.0,131.0,248.57142857142858,290.07142857142856,213.53333333333333,136.3119671230384,118.0,145.0,909.3,-129.89999999999998,127.0,18.0,1.0
2025-12-20,B07X9Y3Q4S,Mi Power Bank 10000mAh,1299.0,1039.2,20,3.9,8323,7547,1020,0,1,208,115,0,115,2025,12,20,5,51,354,4,-0.9749279121818236,-0.2225209339563146,-2.4492935982947064e-16,1.0,-0.1882267098432439,0.9821256058680006,259.79999999999995,0.19999999999999996,0.13515304094342123,1.808695652173913,93,151.0,404.0,364.0,135.0,249.42857142857142,278.7142857142857,214.2,135.56899491016483,145.0,404.0,779.4,259.80000000000007,145.0,63.0,1.0
2025-12-25,B07X9Y3Q4S,Mi Power Bank 10000mAh,1299.0,1039.2,20,4.2,9744,7515,1070,0,0,79,79,1,112,2025,12,25,3,52,359,4,0.43388373911755823,-0.900968867902419,-2.4492935982947064e-16,1.0,-0.10310169744743544,0.9946708199115211,259.79999999999995,0.19999999999999996,0.14238190286094476,0.7053571428571429,-33,115.0,459.0,491.0,146.0,208.14285714285714,260.92857142857144,213.53333333333333,124.1778678233072,115.0,459.0,1039.2,0.0,208.0,-129.0,1.0
2025-12-30,B07X9Y3Q4S,Mi Power Bank 10000mAh,1299.0,1039.2,20,4.4,9630,13125,1960,0,0,309,158,0,158,2025,12,30,1,1,364,4,0.7818314824680298,0.6234898018587336,-2.4492935982947064e-16,1.0,-0.01721335615583528,0.9998518392091162,259.79999999999995,0.19999999999999996,0.14933333333333335,1.9556962025316456,151,112.0,279.0,405.0,104.0,158.57142857142858,233.85714285714286,212.4,60.04680713925528,79.0,279.0,1039.2,0.0,79.0,230.0,1.0
2023-01-07,B08N5WRWNW,Noise ColorFit Smartwatch,4999.0,3499.3,30,3.8,11891,5422,661,0,1,96,96,1,114,2023,1,7,5,1,7,1,-0.9749279121818236,-0.2225209339563146,0.49999999999999994,0.8660254037844387,0.1202080448993527,0.9927487224577402,1499.6999999999998,0.3,0.12191073404647731,0.8421052631578947,-18,0.0,0.0,0.0,0.0,0.0,0.0,0.0,0.0,0.0,0.0,0.0,0.0,0.0,0.0,1.0
2023-01-11,B08N5WRWNW,Noise ColorFit Smartwatch,4999.0,3999.2,20,4.1,14026,7225,598,0,0,154,109,0,109,2023,1,11,2,2,11,1,0.9749279121818236,-0.22252093395631434,0.49999999999999994,0.8660254037844387,0.1882267098432442,0.9821256058680006,999.8000000000002,0.20000000000000004,0.0827681660899654,1.4128440366972477,45,114.0,0.0,0.0,0.0,0.0,0.0,0.0,0.0,96.0,0.0,3499.3,499.89999999999964,96.0,58.0,1.0
2023-01-13,B08N5WRWNW,Noise ColorFit Smartwatch,4999.0,3999.2,20,3.9,5899,8759,1242,0,0,212,124,0,124,2023,1,13,4,2,13,1,-0.433883739117558,-0.9009688679024191,0.49999999999999994,0.8660254037844387,0.2219215130041655,0.9750645322571948,999.8000000000002,0.20000000000000004,0.14179700879095788,1.7096774193548387,88,109.0,0.0,0.0,0.0,0.0,0.0,0.0,0.0,109.0,0.0,3999.2,0.0,154.0,58.0,1.0
2023-01-16,B08N5WRWNW,Noise ColorFit Smartwatch,4999.0,3999.2,20,4.0,12437,12616,1908,0,0,185,140,0,140,2023,1,16,0,3,16,1,0.0,1.0,0.49999999999999994,0.8660254037844387,0.2719581575341055,0.9623090774541486,999.8000000000002,0.20000000000000004,0.15123652504755866,1.3214285714285714,45,124.0,0.0,0.0,0.0,0.0,0.0,0.0,0.0,124.0,0.0,3999.2,0.0,212.0,-27.0,1.0
2023-01-24,B08N5WRWNW,Noise ColorFit Smartwatch,4999.0,2999.4,40,4.3,13189,6935,972,0,0,111,111,1,140,2023,1,24,1,4,24,1,0.7818314824680298,0.6234898018587336,0.49999999999999994,0.8660254037844387,0.401487989205973,0.9158642882672872,1999.6,0.39999999999999997,0.14015861571737562,0.7928571428571428,-29,140.0,0.0,0.0,0.0,0.0,0.0,0.0,0.0,140.0,0.0,3999.2,-999.7999999999997,185.0,-74.0,1.0
2023-02-04,B08N5WRWNW,Noise ColorFit Smartwatch,4999.0,3499.3,30,4.5,8111,4979,654,0,1,227,117,0,117,2023,2,4,5,5,35,1,-0.9749279121818236,-0.2225209339563146,0.8660254037844386,0.5000000000000001,0.5667017562911176,0.8239230057575542,1499.6999999999998,0.3,0.13135167704358305,1.9401709401709402,110,140.0,0.0,0.0,0.0,0.0,0.0,0.0,0.0,111.0,0.0,2999.4,499.9000000000001,111.0,116.0,1.0
2023-02-05,B08N5WRWNW,Noise ColorFit Smartwatch,4999.0,2999.4,40,4.4,13821,12239,1327,0,1,126,126,1,182,2023,2,5,6,5,36,1,-0.7818314824680299,0.6234898018587334,0.8660254037844386,0.5000000000000001,0.5808002734538009,0.8140460935082178,1999.6,0.39999999999999997,0.10842389084075496,0.6923076923076923,-56,117.0,0.0,0.0,0.0,0.0,0.0,0.0,0.0,117.0,0.0,3499.3,-499.9000000000001,227.0,-101.0,1.0
2023-02-11,B08N5WRWNW,Noise ColorFit Smartwatch,4999.0,2499.5,50,4.1,12928,11568,1641,0,1,319,167,0,167,2023,2,11,5,6,42,1,-0.9749279121818236,-0.2225209339563146,0.8660254037844386,0.5000000000000001,0.6616346182422783,0.7498264012045686,2499.5,0.5,0.14185684647302904,1.910179640718563,152,182.0,114.0,0.0,0.0,132.28571428571428,0.0,0.0,25.064678239269206,126.0,96.0,2999.4,-499.9000000000001,126.0,193.0,1.0
2023-02-14,B08N5WRWNW,Noise ColorFit Smartwatch,4999.0,2999.4,40,4.4,14959,11129,1812,0,0,186,174,0,174,2023,2,14,1,7,45,1,0.7818314824680298,0.6234898018587336,0.8660254037844386,0.5000000000000001,0.699458327051647,0.7146733860429609,1999.6,0.39999999999999997,0.1628178632401833,1.0689655172413792,12,167.0,109.0,0.0,0.0,139.85714285714286,0.0,0.0,26.579619833176523,167.0,109.0,2499.5,499.9000000000001,319.0,-133.0,1.0
2023-02-15,B08N5WRWNW,Noise ColorFit Smartwatch,4999.0,3999.2,20,3.8,7624,8638,1268,0,0,66,66,1,103,2023,2,15,2,7,46,1,0.9749279121818236,-0.22252093395631434,0.8660254037844386,0.5000000000000001,0.7116566222817746,0.7025274741691571,999.8000000000002,0.20000000000000004,0.1467932391757351,0.6407766990291263,-37,174.0,124.0,0.0,0.0,149.14285714285714,0.0,0.0,25.32738025292374,174.0,124.0,2999.4,999.7999999999997,186.0,-120.0,1.0
2023-02-16,B08N5WRWNW,Noise ColorFit Smartwatch,4999.0,3999.2,20,4.2,5989,9369,1189,0,0,170,141,0,141,2023,2,16,3,7,47,1,0.43388373911755823,-0.900968867902419,0.8660254037844386,0.5000000000000001,0.7236440382959124,0.6901733882429719,999.8000000000002,0.20000000000000004,0.12690788771480413,1.2056737588652482,29,103.0,140.0,0.0,0.0,146.14285714285714,0.0,0.0,29.672819051721245,66.0,140.0,3999.2,0.0,66.0,104.0,1.0
2023-02-18,B08N5WRWNW,Noise ColorFit Smartwatch,4999.0,3999.2,20,4.2,14111,9839,1104,0,1,192,117,0,117,2023,2,18,5,7,49,1,-0.9749279121818236,-0.2225209339563146,0.8660254037844386,0.5000000000000001,0.7469720876965552,0.6648553979642865,999.8000000000002,0.20000000000000004,0.11220652505335908,1.641025641025641,75,141.0,140.0,0.0,0.0,146.28571428571428,0.0,0.0,29.640705601780624,141.0,111.0,3999.2,0.0,170.0,22.0,1.0
2023-02-26,B08N5WRWNW,Noise ColorFit Smartwatch,4999.0,3499.3,30,3.9,6710,13573,1697,0,1,275,165,0,165,2023,2,26,6,8,57,1,-0.7818314824680299,0.6234898018587334,0.8660254037844386,0.5000000000000001,0.8311706263658079,0.5560174366570446,1499.6999999999998,0.3,0.1250276283798718,1.6666666666666667,110,117.0,117.0,0.0,0.0,143.0,0.0,0.0,31.659648345067474,117.0,117.0,3999.2,-499.89999999999964,192.0,83.0,1.0
2023-03-09,B08N5WRWNW,Noise ColorFit Smartwatch,4999.0,3499.3,30,3.9,6216,6837,873,0,0,240,129,0,129,2023,3,9,3,10,68,1,0.43388373911755823,-0.900968867902419,1.0,6.123233995736766e-17,0.9209712877166346,0.38963044953078796,1499.6999999999998,0.3,0.12768758227292673,1.8604651162790697,111,165.0,182.0,0.0,0.0,149.85714285714286,0.0,0.0,30.256837086453555,165.0,126.0,3499.3,0.0,275.0,-35.0,1.0
2023-03-13,B08N5WRWNW,Noise ColorFit Smartwatch,4999.0,3499.3,30,4.1,5983,14068,1829,0,0,322,175,0,175,2023,3,13,0,11,72,1,0.0,1.0,1.0,6.123233995736766e-17,0.9455963874271426,0.3253420847119801,1499.6999999999998,0.3,0.1300113733295422,1.84,147,129.0,167.0,114.0,0.0,142.28571428571428,137.28571428571428,0.0,27.366124349362334,129.0,167.0,3499.3,0.0,240.0,82.0,1.0
2023-03-18,B08N5WRWNW,Noise ColorFit Smartwatch,4999.0,3499.3,30,4.0,11497,5464,542,0,1,125,93,0,93,2023,3,18,5,11,77,1,-0.9749279121818236,-0.2225209339563146,1.0,6.123233995736766e-17,0.9700639218515071,0.2428497220959356,1499.6999999999998,0.3,0.09919472913616398,1.3440860215053763,32,175.0,174.0,109.0,0.0,143.42857142857142,141.64285714285714,0.0,28.704570732766257,175.0,174.0,3499.3,0.0,322.0,-197.0,1.0
2023-03-21,B08N5WRWNW,Noise ColorFit Smartwatch,4999.0,3999.2,20,4.0,12477,10416,1293,0,0,115,115,1,120,2023,3,21,1,12,80,1,0.7818314824680298,0.6234898018587336,1.0,6.123233995736766e-17,0.9813064702716093,0.19245158197082998,999.8000000000002,0.20000000000000004,0.12413594470046083,0.9583333333333334,-5,93.0,103.0,124.0,0.0,131.85714285714286,140.5,0.0,30.591003968642855,93.0,66.0,3499.3,499.89999999999964,125.0,-10.0,1.0
2023-03-23,B08N5WRWNW,Noise ColorFit Smartwatch,4999.0,2999.4,40,3.8,10369,13999,1526,0,0,190,169,0,169,2023,3,23,3,12,82,1,0.43388373911755823,-0.900968867902419,1.0,6.123233995736766e-17,0.9873494423939864,0.15855938510313475,1999.6,0.39999999999999997,0.1090077862704479,1.1242603550295858,21,120.0,141.0,140.0,0.0,134.28571428571428,140.21428571428572,0.0,28.523173536116698,115.0,141.0,3999.2,-999.7999999999997,115.0,75.0,1.0
2023-03-25,B08N5WRWNW,Noise ColorFit Smartwatch,4999.0,3499.3,30,4.0,8845,13872,1735,0,1,146,146,1,160,2023,3,25,5,12,84,1,-0.9749279121818236,-0.2225209339563146,1.0,6.123233995736766e-17,0.9922222094179323,0.12447926388678915,1499.6999999999998,0.3,0.12507208765859285,0.9125,-14,169.0,117.0,140.0,0.0,138.28571428571428,142.28571428571428,0.0,31.436254472155156,169.0,117.0,2999.4,499.9000000000001,190.0,-44.0,1.0
2023-04-03,B08N5WRWNW,Noise ColorFit Smartwatch,4999.0,3999.2,20,4.3,10532,9144,1087,0,0,127,127,1,128,2023,4,3,0,14,93,2,0.0,1.0,0.8660254037844387,-0.4999999999999998,0.9995462806873573,-0.030120304846908114,999.8000000000002,0.20000000000000004,0.11887576552930884,0.9921875,-1,160.0,165.0,117.0,0.0,144.42857142857142,143.71428571428572,0.0,30.778006990149883,146.0,165.0,3499.3,499.89999999999964,146.0,-19.0,1.0
2023-04-13,B08N5WRWNW,Noise ColorFit Smartwatch,4999.0,3499.3,30,4.2,6290,7876,1492,0,0,127,120,0,120,2023,4,13,3,15,103,2,0.43388373911755823,-0.900968867902419,0.8660254037844387,-0.4999999999999998,0.9796136916454901,-0.20089055513063506,1499.6999999999998,0.3,0.18943626206196038,1.0583333333333333,7,128.0,129.0,182.0,0.0,139.14285714285714,144.5,0.0,29.818498572913715,127.0,129.0,3999.2,-499.89999999999964,127.0,0.0,1.0
2023-04-22,B08N5WRWNW,Noise ColorFit Smartwatch,4999.0,3499.3,30,4.3,11349,16710,1787,0,1,210,160,0,160,2023,4,22,5,16,112,2,-0.9749279121818236,-0.2225209339563146,0.8660254037844387,-0.4999999999999998,0.9368813462954315,-0.3496474552512284,1499.6999999999998,0.3,0.10694195092758826,1.3125,50,120.0,175.0,167.0,0.0,137.85714285714286,140.07142857142858,0.0,30.51463349186513,120.0,175.0,3499.3,0.0,127.0,83.0,1.0
2023-04-23,B08N5WRWNW,Noise ColorFit Smartwatch,4999.0,3999.2,20,4.3,8787,6887,586,0,1,123,118,0,118,2023,4,23,6,16,113,2,-0.7818314824680299,0.6234898018587334,0.8660254037844387,-0.4999999999999998,0.9307239310379795,-0.36572252349726897,999.8000000000002,0.20000000000000004,0.08508784666763468,1.0423728813559323,5,160.0,93.0,174.0,0.0,135.71428571428572,139.57142857142858,0.0,27.88496778860302,160.0,93.0,3499.3,499.89999999999964,210.0,-87.0,1.0
2023-05-02,B08N5WRWNW,Noise ColorFit Smartwatch,4999.0,3499.3,30,4.3,6985,8605,841,0,0,92,92,1,125,2023,5,2,1,18,122,2,0.7818314824680298,0.6234898018587336,0.49999999999999994,-0.8660254037844387,0.8631421280499114,-0.5049610547215204,1499.6999999999998,0.3,0.09773387565368971,0.736,-33,118.0,120.0,103.0,0.0,139.28571428571428,135.57142857142858,0.0,22.60320247010945,118.0,115.0,3999.2,-499.89999999999964,123.0,-31.0,1.0
2023-05-04,B08N5WRWNW,Noise ColorFit Smartwatch,4999.0,3499.3,30,4.0,11310,10279,1886,0,0,109,109,1,148,2023,5,4,3,18,124,2,0.43388373911755823,-0.900968867902419,0.49999999999999994,-0.8660254037844387,0.8452490573530633,-0.5343725582809786,1499.6999999999998,0.3,0.1834808833544119,0.7364864864864865,-39,125.0,169.0,141.0,0.0,140.0,137.14285714285714,0.0,21.96208854670551,92.0,169.0,3499.3,0.0,92.0,17.0,1.0
2023-05-06,B08N5WRWNW,Noise ColorFit Smartwatch,4999.0,3999.2,20,4.5,11587,13142,1835,0,1,319,162,0,162,2023,5,6,5,18,126,2,-0.9749279121818236,-0.2225209339563146,0.49999999999999994,-0.8660254037844387,0.8263541987239096,-0.5631507242749186,999.8000000000002,0.20000000000000004,0.13962867143509358,1.9691358024691359,157,148.0,160.0,117.0,0.0,137.0,137.64285714285714,0.0,18.502252115170545,109.0,146.0,3499.3,499.89999999999964,109.0,210.0,1.0
2023-05-09,B08N5WRWNW,Noise ColorFit Smartwatch,4999.0,2999.4,40,4.3,8933,6790,601,0,0,119,119,1,142,2023,5,9,1,19,129,2,0.7818314824680298,0.6234898018587336,0.49999999999999994,-0.8660254037844387,0.7961828637826158,-0.6050560696488488,1999.6,0.39999999999999997,0.08851251840942563,0.8380281690140845,-23,162.0,128.0,165.0,0.0,137.28571428571428,140.85714285714286,0.0,18.92717874481284,162.0,127.0,3999.2,-999.7999999999997,319.0,-200.0,1.0
2023-05-17,B08N5WRWNW,Noise ColorFit Smartwatch,4999.0,2499.5,50,3.8,15404,11203,1664,0,0,332,176,0,176,2023,5,17,2,20,137,2,0.9749279121818236,-0.22252093395631434,0.49999999999999994,-0.8660254037844387,0.705583610107178,-0.7086266782644596,2499.5,0.5,0.14853164330982774,1.8863636363636365,156,142.0,120.0,129.0,0.0,139.28571428571428,139.21428571428572,0.0,18.517687812055854,119.0,120.0,2999.4,-499.9000000000001,119.0,213.0,1.0
2023-05-23,B08N5WRWNW,Noise ColorFit Smartwatch,4999.0,3999.2,20,3.8,11828,7555,553,0,0,124,124,1,128,2023,5,23,1,21,143,2,0.7818314824680298,0.6234898018587336,0.49999999999999994,-0.8660254037844387,0.6287628145958344,-0.7775971469736269,999.8000000000002,0.20000000000000004,0.07319655857048313,0.96875,-4,176.0,160.0,175.0,0.0,147.28571428571428,142.57142857142858,0.0,20.75824563648776,176.0,160.0,2499.5,1499.6999999999998,332.0,-208.0,1.0
2023-05-28,B08N5WRWNW,Noise ColorFit Smartwatch,4999.0,3499.3,30,4.4,6753,13314,1785,0,1,248,162,0,162,2023,5,28,6,21,148,2,-0.7818314824680299,0.6234898018587334,0.49999999999999994,-0.8660254037844387,0.5595892624101765,-0.8287700871745038,1499.6999999999998,0.3,0.13406940063091483,1.5308641975308641,86,128.0,118.0,93.0,0.0,142.71428571428572,139.21428571428572,0.0,21.013601037695306,124.0,118.0,3999.2,-499.89999999999964,124.0,124.0,1.0
2023-06-06,B08N5WRWNW,Noise ColorFit Smartwatch,4999.0,3999.2,20,4.1,14175,9722,1622,0,0,141,135,0,135,2023,6,6,1,23,157,2,0.7818314824680298,0.6234898018587336,1.2246467991473532e-16,-1.0,0.42500033996955416,-0.9051931898913974,999.8000000000002,0.20000000000000004,0.16683809915655215,1.0444444444444445,6,162.0,125.0,120.0,114.0,149.0,144.14285714285714,140.26666666666668,18.859126879754214,162.0,92.0,3499.3,499.89999999999964,248.0,-107.0,1.0
2023-06-09,B08N5WRWNW,Noise ColorFit Smartwatch,4999.0,2999.4,40,4.0,7457,8693,1686,0,0,100,100,1,154,2023,6,9,4,23,160,2,-0.433883739117558,-0.9009688679024191,1.2246467991473532e-16,-1.0,0.3777079652039649,-0.9259247771938498,1999.6,0.39999999999999997,0.1939491544921201,0.6493506493506493,-54,135.0,148.0,169.0,109.0,150.42857142857142,145.21428571428572,140.96666666666667,17.027988165146883,135.0,109.0,3999.2,-999.7999999999997,141.0,-41.0,1.0
2023-06-13,B08N5WRWNW,Noise ColorFit Smartwatch,4999.0,2999.4,40,4.0,9277,6195,1220,0,0,122,119,0,119,2023,6,13,1,24,164,2,0.7818314824680298,0.6234898018587336,1.2246467991473532e-16,-1.0,0.3131070409358269,-0.9497178427914316,1999.6,0.39999999999999997,0.19693301049233253,1.0252100840336134,3,154.0,162.0,160.0,124.0,151.28571428571428,144.14285714285714,142.46666666666667,17.036375648537945,100.0,162.0,2999.4,0.0,100.0,22.0,1.0
2023-06-14,B08N5WRWNW,Noise ColorFit Smartwatch,4999.0,3499.3,30,4.2,15251,6951,510,0,0,104,104,1,129,2023,6,14,2,24,165,2,0.9749279121818236,-0.22252093395631434,1.2246467991473532e-16,-1.0,0.29671281927349075,-0.9549667548552551,1499.6999999999998,0.3,0.073370738023306,0.8062015503875969,-25,119.0,142.0,128.0,140.0,145.14285714285714,141.21428571428572,142.3,20.020227866073984,119.0,119.0,2999.4,499.9000000000001,122.0,-18.0,1.0
2023-06-16,B08N5WRWNW,Noise ColorFit Smartwatch,4999.0,2999.4,40,4.5,13530,5574,501,0,0,178,127,0,127,2023,6,16,4,24,167,2,-0.433883739117558,-0.9009688679024191,1.2246467991473532e-16,-1.0,0.26366549272800704,-0.9646141756912435,1999.6,0.39999999999999997,0.0898815931108719,1.4015748031496063,51,129.0,176.0,120.0,140.0,143.28571428571428,141.28571428571428,141.93333333333334,20.94209704331039,104.0,176.0,3499.3,-499.9000000000001,104.0,74.0,1.0
2023-06-17,B08N5WRWNW,Noise ColorFit Smartwatch,4999.0,3999.2,20,3.9,12515,4716,589,0,1,151,92,0,92,2023,6,17,5,24,168,2,-0.9749279121818236,-0.2225209339563146,1.2246467991473532e-16,-1.0,0.24702218048093552,-0.9690098257244062,999.8000000000002,0.20000000000000004,0.12489397794741307,1.641304347826087,59,127.0,128.0,160.0,117.0,136.28571428571428,141.78571428571428,141.5,15.723806639554441,127.0,124.0,2999.4,999.7999999999997,178.0,-27.0,1.0
2023-06-19,B08N5WRWNW,Noise ColorFit Smartwatch,4999.0,2499.5,50,4.5,8896,9314,1607,0,0,94,94,1,176,2023,6,19,0,25,170,2,0.0,1.0,1.2246467991473532e-16,-1.0,0.21352091543979612,-0.9769384927771817,2499.5,0.5,0.172535967360962,0.5340909090909091,-82,92.0,162.0,118.0,182.0,131.14285714285714,136.92857142857142,140.66666666666666,23.060995724589276,92.0,162.0,3999.2,-1499.6999999999998,151.0,-57.0,1.0
2023-06-21,B08N5WRWNW,Noise ColorFit Smartwatch,4999.0,3999.2,20,4.0,7073,14883,1824,0,0,132,132,1,156,2023,6,21,2,25,172,2,0.9749279121818236,-0.22252093395631434,1.2246467991473532e-16,-1.0,0.1797665857255624,-0.9837092937736097,999.8000000000002,0.20000000000000004,0.12255593630316468,0.8461538461538461,-24,176.0,135.0,125.0,167.0,133.14285714285714,141.07142857142858,140.46666666666667,26.529408659250677,94.0,135.0,2499.5,1499.6999999999998,94.0,38.0,1.0
2023-06-26,B08N5WRWNW,Noise ColorFit Smartwatch,4999.0,2999.4,40,4.3,6922,6905,685,0,0,84,84,1,129,2023,6,26,0,26,177,2,0.0,1.0,1.2246467991473532e-16,-1.0,0.09453674981719912,-0.9955213724144752,1999.6,0.39999999999999997,0.09920347574221579,0.6511627906976745,-45,156.0,154.0,148.0,174.0,136.14285714285714,143.28571428571428,140.1,27.92506980849869,132.0,100.0,3999.2,-999.7999999999997,132.0,-48.0,1.0
2023-06-28,B08N5WRWNW,Noise ColorFit Smartwatch,4999.0,3999.2,20,4.4,10182,4886,817,0,0,136,106,0,106,2023,6,28,2,26,179,2,0.9749279121818236,-0.22252093395631434,1.2246467991473532e-16,-1.0,0.06021327736579302,-0.9981855344718586,999.8000000000002,0.20000000000000004,0.1672124437167417,1.2830188679245282,30,129.0,119.0,162.0,103.0,132.57142857142858,141.92857142857142,138.6,26.838139173305503,84.0,119.0,2999.4,999.7999999999997,84.0,52.0,1.0
2023-06-29,B08N5WRWNW,Noise ColorFit Smartwatch,4999.0,3999.2,20,4.3,13756,4974,565,0,0,102,76,0,76,2023,6,29,3,26,180,2,0.43388373911755823,-0.900968867902419,1.2246467991473532e-16,-1.0,0.04302223300453059,-0.99907411510223,999.8000000000002,0.20000000000000004,0.11359067149175714,1.3421052631578947,26,106.0,129.0,142.0,141.0,130.71428571428572,137.92857142857142,138.7,28.34145541848718,106.0,104.0,3999.2,0.0,136.0,-34.0,1.0
2023-07-01,B08N5WRWNW,Noise ColorFit Smartwatch,4999.0,3499.3,30,3.9,11819,14387,1799,0,1,78,78,1,157,2023,7,1,5,26,182,3,-0.9749279121818236,-0.2225209339563146,-0.4999999999999997,-0.8660254037844388,0.008606996888688698,-0.9999629591162655,1499.6999999999998,0.3,0.12504344199624662,0.4968152866242038,-79,76.0,127.0,176.0,117.0,123.14285714285714,133.21428571428572,136.53333333333333,35.139856627617654,76.0,127.0,3999.2,-499.89999999999964,102.0,-24.0,1.0
2023-07-04,B08N5WRWNW,Noise ColorFit Smartwatch,4999.0,3999.2,20,4.0,5833,9730,1296,0,0,133,130,0,130,2023,7,4,1,27,185,3,0.7818314824680298,0.6234898018587336,-0.4999999999999997,-0.8660254037844388,-0.04302223300453034,-0.99907411510223,999.8000000000002,0.20000000000000004,0.13319630010277492,1.023076923076923,3,157.0,92.0,128.0,165.0,127.42857142857143,131.85714285714286,137.86666666666667,37.44265456604782,78.0,92.0,3499.3,499.89999999999964,78.0,55.0,1.0
2023-07-06,B08N5WRWNW,Noise ColorFit Smartwatch,4999.0,3999.2,20,4.5,10900,13717,1707,0,0,228,157,0,157,2023,7,6,3,27,187,3,0.43388373911755823,-0.900968867902419,-0.4999999999999997,-0.8660254037844388,-0.07738647923346322,-0.9970011699250151,999.8000000000002,0.20000000000000004,0.12444412043449733,1.4522292993630572,71,130.0,176.0,162.0,129.0,132.85714285714286,132.0,136.7,34.05108207496777,130.0,94.0,3999.2,0.0,133.0,95.0,1.0
2023-07-09,B08N5WRWNW,Noise ColorFit Smartwatch,4999.0,2999.4,40,4.2,6553,8969,844,0,1,72,72,1,145,2023,7,9,6,27,190,3,-0.7818314824680299,0.6234898018587334,-0.4999999999999997,-0.8660254037844388,-0.12874817745258066,-0.99167731989929,1999.6,0.39999999999999997,0.09410190656706434,0.496551724137931,-73,157.0,156.0,135.0,175.0,130.14285714285714,131.64285714285714,137.63333333333333,30.62367587030539,157.0,132.0,3999.2,-999.7999999999997,228.0,-156.0,1.0
2023-07-15,B08N5WRWNW,Noise ColorFit Smartwatch,4999.0,3499.3,30,4.1,12056,11549,1315,0,1,194,156,0,156,2023,7,15,5,28,196,3,-0.9749279121818236,-0.2225209339563146,-0.4999999999999997,-0.8660254037844388,-0.23030567023061196,-0.973118337233262,1499.6999999999998,0.3,0.11386267209282189,1.2435897435897436,38,145.0,129.0,154.0,93.0,128.57142857142858,132.35714285714286,136.63333333333333,29.3306275808363,72.0,84.0,2999.4,499.9000000000001,72.0,122.0,1.0
2023-07-17,B08N5WRWNW,Noise ColorFit Smartwatch,4999.0,2999.4,40,4.2,13803,6130,906,0,0,112,112,1,133,2023,7,17,0,29,198,3,0.0,1.0,-0.4999999999999997,-0.8660254037844388,-0.2636654927280072,-0.9646141756912435,1999.6,0.39999999999999997,0.14779771615008155,0.8421052631578947,-21,156.0,106.0,119.0,120.0,132.42857142857142,132.5,138.73333333333332,31.117289635919693,156.0,106.0,3499.3,-499.9000000000001,194.0,-82.0,1.0
2023-07-20,B08N5WRWNW,Noise ColorFit Smartwatch,4999.0,3499.3,30,4.3,12387,7101,589,0,0,114,114,1,119,2023,7,20,3,29,201,3,0.43388373911755823,-0.900968867902419,-0.4999999999999997,-0.8660254037844388,-0.3131070409358267,-0.9497178427914317,1499.6999999999998,0.3,0.08294606393465709,0.957983193277311,-5,133.0,76.0,129.0,169.0,136.28571428571428,133.5,139.16666666666666,28.88894993888545,112.0,76.0,2999.4,499.9000000000001,112.0,2.0,1.0
2023-07-23,B08N5WRWNW,Noise ColorFit Smartwatch,4999.0,3999.2,20,4.1,11904,8769,1219,0,1,97,97,1,123,2023,7,23,6,29,204,3,-0.7818314824680299,0.6234898018587334,-0.4999999999999997,-0.8660254037844388,-0.3617137307297674,-0.9322892131745134,999.8000000000002,0.20000000000000004,0.13901243015167067,0.7886178861788617,-26,119.0,157.0,127.0,160.0,142.42857142857142,132.78571428571428,137.5,15.31727938045947,114.0,78.0,3499.3,499.89999999999964,114.0,-17.0,1.0
2023-07-25,B08N5WRWNW,Noise ColorFit Smartwatch,4999.0,3999.2,20,4.0,8794,13185,1749,0,0,282,148,0,148,2023,7,25,1,30,206,3,0.7818314824680298,0.6234898018587336,-0.4999999999999997,-0.8660254037844388,-0.39359027665646645,-0.9192859697186105,999.8000000000002,0.20000000000000004,0.13265073947667805,1.9054054054054055,134,123.0,130.0,92.0,128.0,137.57142857142858,132.5,136.26666666666668,15.31727938045947,97.0,130.0,3999.2,0.0,97.0,185.0,1.0
2023-07-30,B08N5WRWNW,Noise ColorFit Smartwatch,4999.0,3499.3,30,4.0,13056,8827,841,0,1,93,93,1,118,2023,7,30,6,30,211,3,-0.7818314824680299,0.6234898018587334,-0.4999999999999997,-0.8660254037844388,-0.47115950767386394,-0.8820480249558535,1499.6999999999998,0.3,0.0952758581624561,0.788135593220339,-25,148.0,157.0,176.0,120.0,140.14285714285714,136.5,136.93333333333334,15.345233477408925,148.0,157.0,3999.2,-499.89999999999964,282.0,-189.0,1.0
2023-07-31,B08N5WRWNW,Noise ColorFit Smartwatch,4999.0,3499.3,30,4.0,6294,16373,1965,0,0,302,165,0,165,2023,7,31,0,31,212,3,0.0,1.0,-0.4999999999999997,-0.8660254037844388,-0.4862727071086902,-0.8738071036110807,1499.6999999999998,0.3,0.12001465827887375,1.8303030303030303,137,118.0,145.0,156.0,160.0,134.57142857142858,132.35714285714286,136.86666666666667,15.284601650649867,93.0,72.0,3499.3,0.0,93.0,209.0,1.0
2023-08-05,B08N5WRWNW,Noise ColorFit Smartwatch,4999.0,2499.5,50,4.2,11610,11402,1334,0,1,230,176,0,176,2023,8,5,5,31,217,3,-0.9749279121818236,-0.2225209339563146,-0.8660254037844385,-0.5000000000000004,-0.5595892624101763,-0.828770087174504,2499.5,0.5,0.11699701806700578,1.3068181818181819,54,165.0,156.0,129.0,118.0,137.42857142857142,133.0,137.03333333333333,18.981193700231696,165.0,156.0,3499.3,-999.8000000000002,302.0,-72.0,1.0
2023-08-07,B08N5WRWNW,Noise ColorFit Smartwatch,4999.0,2999.4,40,4.4,13347,7587,572,0,0,281,144,0,144,2023,8,7,0,32,219,3,0.0,1.0,-0.8660254037844385,-0.5000000000000004,-0.5877852522924734,-0.8090169943749472,1999.6,0.39999999999999997,0.07539211809674443,1.9513888888888888,137,176.0,133.0,106.0,125.0,140.28571428571428,136.35714285714286,138.96666666666667,23.26452439312045,176.0,112.0,2499.5,499.9000000000001,230.0,51.0,1.0
2023-08-17,B08N5WRWNW,Noise ColorFit Smartwatch,4999.0,3499.3,30,3.9,14776,5812,564,0,0,189,103,0,103,2023,8,17,3,33,229,3,0.43388373911755823,-0.900968867902419,-0.8660254037844385,-0.5000000000000004,-0.7176769136759615,-0.6963762255968726,1499.6999999999998,0.3,0.09704060564349622,1.8349514563106797,86,144.0,119.0,76.0,148.0,141.85714285714286,139.07142857142858,139.6,23.060995724589276,144.0,114.0,2999.4,499.9000000000001,281.0,-92.0,1.0
2023-08-20,B08N5WRWNW,Noise ColorFit Smartwatch,4999.0,3499.3,30,4.0,12870,6328,741,0,1,82,82,1,124,2023,8,20,6,33,232,3,-0.7818314824680299,0.6234898018587334,-0.8660254037844385,-0.5000000000000004,-0.7526668275320083,-0.6584015846980489,1499.6999999999998,0.3,0.11709860935524652,0.6612903225806451,-42,103.0,123.0,157.0,162.0,139.57142857142858,141.0,138.1,26.27328898873751,103.0,97.0,3499.3,0.0,189.0,-107.0,1.0
2023-08-25,B08N5WRWNW,Noise ColorFit Smartwatch,4999.0,3999.2,20,3.9,13212,12441,1746,0,0,241,128,0,128,2023,8,25,4,34,237,3,-0.433883739117558,-0.9009688679024191,-0.8660254037844385,-0.5000000000000004,-0.8064799463209447,-0.5912614448635782,999.8000000000002,0.20000000000000004,0.14034241620448518,1.8828125,113,124.0,148.0,130.0,142.0,139.71428571428572,138.64285714285714,136.83333333333334,26.170685163074413,82.0,148.0,3499.3,499.89999999999964,82.0,159.0,1.0
2023-08-27,B08N5WRWNW,Noise ColorFit Smartwatch,4999.0,2999.4,40,4.0,11321,10083,1269,0,1,106,106,1,150,2023,8,27,6,34,239,3,-0.7818314824680299,0.6234898018587334,-0.8660254037844385,-0.5000000000000004,-0.8263541987239094,-0.5631507242749187,1999.6,0.39999999999999997,0.1258554001785183,0.7066666666666667,-44,128.0,118.0,157.0,176.0,136.85714285714286,138.5,136.36666666666667,26.20705103229902,128.0,93.0,3999.2,-999.7999999999997,241.0,-135.0,1.0
2023-09-01,B08N5WRWNW,Noise ColorFit Smartwatch,4999.0,3999.2,20,4.2,9912,14466,1567,0,0,238,149,0,149,2023,9,1,4,35,244,3,-0.433883739117558,-0.9009688679024191,-1.0,-1.8369701987210297e-16,-0.8717063187093217,-0.4900286664290594,999.8000000000002,0.20000000000000004,0.10832296419189824,1.5973154362416107,89,150.0,165.0,145.0,128.0,141.42857142857142,138.0,135.5,25.138663070107413,106.0,165.0,2999.4,999.7999999999997,106.0,132.0,1.0
2023-09-09,B08N5WRWNW,Noise ColorFit Smartwatch,4999.0,3499.3,30,4.2,9143,5096,710,0,1,129,108,0,108,2023,9,9,5,36,252,3,-0.9749279121818236,-0.2225209339563146,-1.0,-1.8369701987210297e-16,-0.9307239310379793,-0.3657225234972692,1499.6999999999998,0.3,0.13932496075353218,1.1944444444444444,21,149.0,176.0,156.0,162.0,139.14285714285714,138.28571428571428,136.2,23.29827297911854,149.0,176.0,3999.2,-499.89999999999964,238.0,-109.0,1.0
2023-09-10,B08N5WRWNW,Noise ColorFit Smartwatch,4999.0,2999.4,40,4.4,14379,8570,1239,0,1,184,139,0,139,2023,9,10,6,36,253,3,-0.7818314824680299,0.6234898018587334,-1.0,-1.8369701987210297e-16,-0.9368813462954315,-0.34964745525122826,1999.6,0.39999999999999997,0.14457409568261376,1.3237410071942446,45,108.0,144.0,133.0,135.0,129.42857142857142,134.85714285714286,134.4,19.18208489587047,108.0,144.0,3499.3,-499.9000000000001,129.0,55.0,1.0
2023-09-13,B08N5WRWNW,Noise ColorFit Smartwatch,4999.0,3999.2,20,3.8,12162,9615,1209,0,0,116,116,1,133,2023,9,13,2,37,256,3,0.9749279121818236,-0.22252093395631434,-1.0,-1.8369701987210297e-16,-0.9536809966304455,-0.300819807635668,999.8000000000002,0.20000000000000004,0.12574102964118564,0.8721804511278195,-17,139.0,103.0,119.0,154.0,128.71428571428572,135.28571428571428,134.53333333333333,18.63432572534076,139.0,103.0,2999.4,999.7999999999997,184.0,-68.0,1.0
2023-09-18,B08N5WRWNW,Noise ColorFit Smartwatch,4999.0,3999.2,20,4.3,15613,5222,704,0,0,131,96,0,96,2023,9,18,0,38,261,3,0.0,1.0,-1.0,-1.8369701987210297e-16,-0.9760105506323682,-0.21772323039653224,999.8000000000002,0.20000000000000004,0.1348142474147836,1.3645833333333333,35,133.0,124.0,123.0,119.0,133.0,136.28571428571428,133.83333333333334,14.787382008545935,116.0,82.0,3999.2,0.0,116.0,15.0,1.0
2023-09-19,B08N5WRWNW,Noise ColorFit Smartwatch,4999.0,2499.5,50,3.9,6472,13673,1593,0,0,250,182,0,182,2023,9,19,1,38,262,3,0.7818314824680298,0.6234898018587336,-1.0,-1.8369701987210297e-16,-0.9796136916454901,-0.20089055513063528,2499.5,0.5,0.11650698456812697,1.3736263736263736,68,96.0,128.0,148.0,129.0,129.0,134.35714285714286,133.06666666666666,20.36336579906838,96.0,128.0,3999.2,-1499.6999999999998,131.0,119.0,1.0
2023-10-24,B08N5WRWNW,Noise ColorFit Smartwatch,4999.0,3999.2,20,4.1,14809,7907,782,0,0,155,94,0,94,2023,10,24,1,43,297,4,0.7818314824680298,0.6234898018587336,-0.8660254037844386,0.5000000000000001,-0.9209712877166347,0.38963044953078774,999.8000000000002,0.20000000000000004,0.0988997091185026,1.648936170212766,61,182.0,150.0,118.0,127.0,136.71428571428572,136.78571428571428,134.83333333333334,28.517329735409955,182.0,106.0,2499.5,1499.6999999999998,250.0,-95.0,1.0
2023-10-27,B08N5WRWNW,Noise ColorFit Smartwatch,4999.0,3999.2,20,4.5,7697,9507,1867,0,0,73,73,1,114,2023,10,27,4,43,300,4,-0.433883739117558,-0.9009688679024191,-0.8660254037844386,0.5000000000000001,-0.8996308696522434,0.4366512319560638,999.8000000000002,0.20000000000000004,0.19638161354791206,0.6403508771929824,-41,94.0,149.0,165.0,92.0,128.71428571428572,135.07142857142858,133.73333333333332,31.83140108820371,94.0,149.0,3999.2,0.0,155.0,-82.0,1.0
2023-11-02,B08N5WRWNW,Noise ColorFit Smartwatch,4999.0,2499.5,50,4.2,15016,31606,6305,1,0,574,397,0,397,2023,11,2,3,44,306,4,0.43388373911755823,-0.900968867902419,-0.5000000000000004,0.8660254037844384,-0.8498170915275277,0.5270777086423724,2499.5,0.5,0.19948743909384295,1.4458438287153652,177,114.0,108.0,176.0,176.0,123.71428571428571,131.42857142857142,134.46666666666667,30.84755141938221,73.0,108.0,3999.2,-1499.6999999999998,73.0,501.0,1.0
2023-11-09,B08N5WRWNW,Noise ColorFit Smartwatch,4999.0,1999.6,60,4.0,7765,16908,2575,1,0,478,317,0,317,2023,11,9,3,45,313,4,0.43388373911755823,-0.900968867902419,-0.5000000000000004,0.8660254037844384,-0.780295851070776,0.6254105729852457,2999.4,0.6,0.15229477170570144,1.5078864353312302,161,397.0,139.0,144.0,156.0,165.0,147.21428571428572,141.83333333333334,106.62707598604275,397.0,139.0,2499.5,-499.9000000000001,574.0,-96.0,1.0
2023-11-12,B08N5WRWNW,Noise ColorFit Smartwatch,4999.0,1499.7,70,3.9,12258,14649,2123,1,1,295,295,1,325,2023,11,12,6,45,316,4,-0.7818314824680299,0.6234898018587334,-0.5000000000000004,0.8660254037844384,-0.7469720876965551,0.6648553979642866,3499.3,0.7000000000000001,0.14492456822991331,0.9076923076923077,-30,317.0,133.0,103.0,129.0,190.42857142857142,159.57142857142858,147.2,119.80380787334092,317.0,116.0,1999.6,-499.89999999999986,478.0,-183.0,1.0
2023-11-21,B08N5WRWNW,Noise ColorFit Smartwatch,4999.0,3499.3,30,4.2,14097,12203,1739,0,0,246,136,0,136,2023,11,21,1,47,325,4,0.7818314824680298,0.6234898018587336,-0.5000000000000004,0.8660254037844384,-0.6354323008901775,0.7721565844991641,1499.6999999999998,0.3,0.14250594116200935,1.8088235294117647,110,325.0,96.0,124.0,106.0,217.85714285714286,175.42857142857142,153.73333333333332,126.26879869472712,295.0,96.0,1499.7,1999.6000000000001,295.0,-49.0,1.0
2023-11-24,B08N5WRWNW,Noise ColorFit Smartwatch,4999.0,3499.3,30,4.3,10759,7311,1405,0,0,70,70,1,101,2023,11,24,4,47,328,4,-0.433883739117558,-0.9009688679024191,-0.5000000000000004,0.8660254037844384,-0.594726686960764,0.8039279618328208,1499.6999999999998,0.3,0.1921761728901655,0.693069306930693,-31,136.0,182.0,128.0,76.0,223.57142857142858,176.28571428571428,154.73333333333332,120.61351104921474,136.0,182.0,3499.3,0.0,246.0,-176.0,1.0
2023-11-27,B08N5WRWNW,Noise ColorFit Smartwatch,4999.0,3999.2,20,4.1,10887,11306,1441,0,0,162,129,0,129,2023,11,27,0,48,331,4,0.0,1.0,-0.5000000000000004,0.8660254037844384,-0.5524353131676203,0.8335557718385695,999.8000000000002,0.20000000000000004,0.12745444896515123,1.255813953488372,33,101.0,94.0,150.0,157.0,212.0,174.35714285714286,155.56666666666666,128.86944297750856,70.0,94.0,3499.3,499.89999999999964,70.0,92.0,1.0
2023-11-29,B08N5WRWNW,Noise ColorFit Smartwatch,4999.0,3999.2,20,4.2,13909,15907,1903,0,0,266,167,0,167,2023,11,29,2,48,333,4,0.9749279121818236,-0.22252093395631434,-0.5000000000000004,0.8660254037844384,-0.5234156073655503,0.8520775211013093,999.8000000000002,0.20000000000000004,0.11963286603382159,1.592814371257485,99,129.0,114.0,149.0,130.0,217.0,172.85714285714286,154.63333333333333,124.1195660106281,129.0,73.0,3999.2,0.0,162.0,104.0,1.0
2023-12-06,B08N5WRWNW,Noise ColorFit Smartwatch,4999.0,3499.3,30,4.0,15097,13043,1680,0,0,148,148,1,169,2023,12,6,2,49,340,4,0.9749279121818236,-0.22252093395631434,-2.4492935982947064e-16,1.0,-0.41719360261231697,0.9088176373395028,1499.6999999999998,0.3,0.12880472283983746,0.8757396449704142,-21,167.0,397.0,108.0,157.0,224.57142857142858,174.14285714285714,155.86666666666667,118.26785579474125,167.0,397.0,3999.2,-499.89999999999964,266.0,-118.0,1.0
2023-12-09,B08N5WRWNW,Noise ColorFit Smartwatch,4999.0,3999.2,20,4.0,6260,11593,1536,0,1,83,83,1,127,2023,12,9,5,49,343,4,-0.9749279121818236,-0.2225209339563146,-2.4492935982947064e-16,1.0,-0.3697245428906732,0.9291414114031743,999.8000000000002,0.20000000000000004,0.13249374622617097,0.6535433070866141,-44,169.0,317.0,139.0,145.0,192.0,178.5,156.26666666666668,91.15371632577579,148.0,317.0,3499.3,499.89999999999964,148.0,-65.0,1.0
2023-12-16,B08N5WRWNW,Noise ColorFit Smartwatch,4999.0,3999.2,20,3.9,6721,7682,886,0,1,69,69,1,117,2023,12,16,5,50,350,4,-0.9749279121818236,-0.2225209339563146,-2.4492935982947064e-16,1.0,-0.2553532951161881,0.9668478136052773,999.8000000000002,0.20000000000000004,0.11533454829471491,0.5897435897435898,-48,127.0,325.0,133.0,156.0,164.85714285714286,177.64285714285714,155.66666666666666,74.49480646646583,83.0,295.0,3999.2,0.0,83.0,-14.0,1.0
2023-12-21,B08N5WRWNW,Noise ColorFit Smartwatch,4999.0,3499.3,30,4.1,11305,7349,970,0,0,90,90,1,127,2023,12,21,3,51,355,4,0.43388373911755823,-0.900968867902419,-2.4492935982947064e-16,1.0,-0.1712931441814778,0.9852201067560606,1499.6999999999998,0.3,0.13199074704041366,0.7086614173228346,-37,117.0,136.0,96.0,133.0,135.14285714285714,176.5,154.36666666666667,25.036164319031354,69.0,136.0,3999.2,-499.89999999999964,69.0,21.0,1.0
2023-12-25,B08N5WRWNW,Noise ColorFit Smartwatch,4999.0,3999.2,20,4.3,8857,13433,1645,0,0,266,155,0,155,2023,12,25,0,52,359,4,0.0,1.0,-2.4492935982947064e-16,1.0,-0.10310169744743544,0.9946708199115211,999.8000000000002,0.20000000000000004,0.12245961438249088,1.7161290322580645,111,127.0,101.0,182.0,119.0,133.85714285714286,178.71428571428572,154.16666666666666,25.215263706920435,90.0,70.0,3499.3,499.89999999999964,90.0,176.0,1.0
2023-12-26,B08N5WRWNW,Noise ColorFit Smartwatch,4999.0,3499.3,30,3.9,7834,4373,502,0,0,59,59,1,104,2023,12,26,1,52,360,4,0.7818314824680298,0.6234898018587336,-2.4492935982947064e-16,1.0,-0.0859647987374467,0.9962981749346077,1499.6999999999998,0.3,0.11479533501029042,0.5673076923076923,-45,155.0,129.0,94.0,123.0,141.57142857142858,176.78571428571428,155.36666666666667,21.46980160486806,155.0,129.0,3999.2,-499.89999999999964,266.0,-207.0,1.0
2024-01-03,B08N5WRWNW,Noise ColorFit Smartwatch,4999.0,2499.5,50,3.9,9419,11180,1166,0,0,242,166,0,166,2024,1,3,2,1,3,1,0.9749279121818236,-0.22252093395631434,0.49999999999999994,0.8660254037844387,0.051619667223253764,0.998666816288476,2499.5,0.5,0.10429338103756708,1.4578313253012047,76,104.0,167.0,114.0,148.0,138.0,177.5,154.73333333333332,25.59296778413974,59.0,167.0,3499.3,-999.8000000000002,59.0,183.0,1.0
2024-01-19,B08N5WRWNW,Noise ColorFit Smartwatch,4999.0,2999.4,40,4.4,9813,15987,1941,0,0,167,167,1,190,2024,1,19,4,3,19,1,-0.433883739117558,-0.9009688679024191,0.49999999999999994,0.8660254037844387,0.3212696616923644,0.9469877530760753,1999.6,0.39999999999999997,0.12141114655657721,0.8789473684210526,-23,166.0,169.0,397.0,118.0,137.85714285714286,181.21428571428572,155.33333333333334,25.406223459542453,166.0,148.0,2499.5,499.9000000000001,242.0,-75.0,1.0
2024-01-31,B08N5WRWNW,Noise ColorFit Smartwatch,4999.0,3999.2,20,4.1,8173,11236,1605,0,0,243,135,0,135,2024,1,31,2,5,31,1,0.9749279121818236,-0.22252093395631434,0.49999999999999994,0.8660254037844387,0.5086709438521044,0.8609610158889943,999.8000000000002,0.20000000000000004,0.14284442862228552,1.8,108,190.0,127.0,317.0,165.0,140.85714285714286,166.42857142857142,157.73333333333332,30.438071398763174,167.0,83.0,2999.4,999.7999999999997,167.0,76.0,1.0
2024-02-02,B08N5WRWNW,Noise ColorFit Smartwatch,4999.0,3499.3,30,3.9,7709,6665,729,0,0,200,106,0,106,2024,2,2,4,5,33,1,-0.433883739117558,-0.9009688679024191,0.8660254037844386,0.5000000000000001,0.5380051715382996,0.8429415373547828,1499.6999999999998,0.3,0.10937734433608402,1.8867924528301887,94,135.0,117.0,325.0,176.0,142.0,153.42857142857142,156.73333333333332,29.977769541223054,135.0,69.0,3999.2,-499.89999999999964,243.0,-43.0,1.0
2024-02-11,B08N5WRWNW,Noise ColorFit Smartwatch,4999.0,3499.3,30,4.2,7847,11494,1827,0,1,262,153,0,153,2024,2,11,6,6,42,1,-0.7818314824680299,0.6234898018587334,0.8660254037844386,0.5000000000000001,0.6616346182422783,0.7498264012045686,1499.6999999999998,0.3,0.15895249695493302,1.7124183006535947,109,106.0,127.0,136.0,144.0,140.42857142857142,137.78571428571428,154.4,31.74301572974852,106.0,90.0,3499.3,0.0,200.0,62.0,1.0
2024-02-16,B08N5WRWNW,Noise ColorFit Smartwatch,4999.0,3499.3,30,4.4,11336,9758,1424,0,0,158,134,0,134,2024,2,16,4,7,47,1,-0.433883739117558,-0.9009688679024191,0.8660254037844386,0.5000000000000001,0.7236440382959124,0.6901733882429719,1499.6999999999998,0.3,0.14593154334904693,1.1791044776119404,24,153.0,155.0,101.0,103.0,144.14285714285714,139.0,154.7,31.429437217512145,153.0,155.0,3499.3,0.0,262.0,-104.0,1.0
2024-02-22,B08N5WRWNW,Noise ColorFit Smartwatch,4999.0,3499.3,30,4.4,11008,7063,1257,0,0,185,121,0,121,2024,2,22,3,8,53,1,0.43388373911755823,-0.900968867902419,0.8660254037844386,0.5000000000000001,0.7909456567567772,0.6118864012687243,1499.6999999999998,0.3,0.1779697012600878,1.5289256198347108,64,134.0,104.0,129.0,124.0,141.14285714285714,141.35714285714286,155.73333333333332,31.221939782940105,134.0,59.0,3499.3,0.0,158.0,27.0,1.0
2024-02-26,B08N5WRWNW,Noise ColorFit Smartwatch,4999.0,3999.2,20,4.5,11815,7209,744,0,0,87,87,1,99,2024,2,26,0,9,57,1,0.0,1.0,0.8660254037844386,0.5000000000000001,0.8311706263658079,0.5560174366570446,999.8000000000002,0.20000000000000004,0.10320432792342905,0.8787878787878788,-12,121.0,166.0,167.0,128.0,143.57142857142858,140.78571428571428,155.63333333333333,28.38342910254259,121.0,166.0,3499.3,499.89999999999964,185.0,-98.0,1.0
2024-02-27,B08N5WRWNW,Noise ColorFit Smartwatch,4999.0,3499.3,30,3.9,11392,11966,1837,0,0,246,152,0,152,2024,2,27,1,9,58,1,0.7818314824680298,0.6234898018587336,0.8660254037844386,0.5000000000000001,0.8406184056344782,0.5416278206559814,1499.6999999999998,0.3,0.15351830185525656,1.618421052631579,94,99.0,190.0,169.0,150.0,134.0,135.92857142857142,154.66666666666666,30.757112998459654,87.0,167.0,3999.2,-499.89999999999964,87.0,159.0,1.0
2024-03-02,B08N5WRWNW,Noise ColorFit Smartwatch,4999.0,2499.5,50,3.9,9997,9415,1033,0,1,299,161,0,161,2024,3,2,5,9,62,1,-0.9749279121818236,-0.2225209339563146,1.0,6.123233995736766e-17,0.8758917051442429,0.48250774176121847,2499.5,0.5,0.10971853425385024,1.8571428571428572,138,152.0,135.0,127.0,149.0,128.57142857142858,134.71428571428572,154.73333333333332,21.046433924833863,152.0,135.0,3499.3,-999.8000000000002,246.0,53.0,1.0
2024-03-11,B08N5WRWNW,Noise ColorFit Smartwatch,4999.0,3499.3,30,3.9,10106,5828,1013,0,0,139,100,0,100,2024,3,11,0,11,71,1,0.0,1.0,1.0,6.123233995736766e-17,0.9398560579418954,0.3415707691678556,1499.6999999999998,0.3,0.17381606039807823,1.39,39,161.0,106.0,117.0,108.0,132.28571428571428,137.14285714285714,155.13333333333333,24.397501823713657,161.0,106.0,2499.5,999.8000000000002,299.0,-160.0,1.0
2024-03-12,B08N5WRWNW,Noise ColorFit Smartwatch,4999.0,2499.5,50,4.1,10642,9024,694,0,0,302,158,0,158,2024,3,12,1,11,72,1,0.7818314824680298,0.6234898018587336,1.0,6.123233995736766e-17,0.9455963874271426,0.3253420847119801,2499.5,0.5,0.07690602836879433,1.9113924050632911,144,100.0,153.0,127.0,139.0,131.42857142857142,135.92857142857142,154.86666666666667,25.55293292270766,100.0,153.0,3499.3,-999.8000000000002,139.0,163.0,1.0
2024-03-18,B08N5WRWNW,Noise ColorFit Smartwatch,4999.0,3999.2,20,4.1,12722,7630,1280,0,0,102,102,1,111,2024,3,18,0,12,78,1,0.0,1.0,1.0,6.123233995736766e-17,0.9741004551724205,0.22611568550828828,999.8000000000002,0.20000000000000004,0.16775884665792923,0.918918918918919,-9,158.0,134.0,155.0,133.0,132.14285714285714,138.14285714285714,155.5,26.314942342255026,158.0,134.0,2499.5,1499.6999999999998,302.0,-200.0,1.0
2024-03-24,B08N5WRWNW,Noise ColorFit Smartwatch,4999.0,3999.2,20,4.4,15475,15913,1866,0,1,348,179,0,179,2024,3,24,6,12,84,1,-0.7818314824680299,0.6234898018587334,1.0,6.123233995736766e-17,0.9922222094179323,0.12447926388678915,999.8000000000002,0.20000000000000004,0.11726261547162697,1.9441340782122905,169,111.0,121.0,104.0,96.0,128.85714285714286,135.0,154.76666666666668,27.455591849558452,102.0,121.0,3999.2,0.0,102.0,246.0,1.0
2024-03-26,B08N5WRWNW,Noise ColorFit Smartwatch,4999.0,3999.2,20,4.3,14916,11427,1582,0,0,241,153,0,153,2024,3,26,1,13,86,1,0.7818314824680298,0.6234898018587336,1.0,6.123233995736766e-17,0.995918996147179,0.09025161003104117,999.8000000000002,0.20000000000000004,0.13844403605495756,1.5751633986928104,88,179.0,99.0,166.0,182.0,137.14285714285714,140.35714285714286,157.53333333333333,32.901005918910826,179.0,87.0,3999.2,0.0,348.0,-107.0,1.0
2024-04-02,B08N5WRWNW,Noise ColorFit Smartwatch,4999.0,3999.2,20,3.9,12999,15828,1607,0,0,117,117,1,157,2024,4,2,1,14,93,2,0.7818314824680298,0.6234898018587336,0.8660254037844387,-0.4999999999999998,0.9995462806873573,-0.030120304846908114,999.8000000000002,0.20000000000000004,0.10152893606267374,0.7452229299363057,-40,153.0,152.0,190.0,94.0,144.85714285714286,139.42857142857142,156.56666666666666,28.503967977743084,153.0,152.0,3999.2,0.0,241.0,-124.0,1.0
2024-04-05,B08N5WRWNW,Noise ColorFit Smartwatch,4999.0,2999.4,40,4.3,9753,5897,595,0,0,216,130,0,130,2024,4,5,4,14,96,2,-0.433883739117558,-0.9009688679024191,0.8660254037844387,-0.4999999999999998,0.9966589017541702,-0.08167639533042241,1999.6,0.39999999999999997,0.10089876208241479,1.6615384615384616,86,157.0,161.0,135.0,114.0,145.57142857142858,137.07142857142858,158.66666666666666,28.77416168982849,117.0,161.0,3999.2,-999.7999999999997,117.0,99.0,1.0
2024-04-07,B08N5WRWNW,Noise ColorFit Smartwatch,4999.0,2999.4,40,3.8,12713,8877,725,0,1,275,145,0,145,2024,4,7,6,14,98,2,-0.7818314824680299,0.6234898018587334,0.8660254037844387,-0.4999999999999998,0.9932568492674143,-0.11593459959550041,1999.6,0.39999999999999997,0.08167173594682889,1.896551724137931,130,130.0,100.0,106.0,397.0,141.14285714285714,136.71428571428572,159.2,28.386784316113324,130.0,100.0,2999.4,0.0,216.0,59.0,1.0
2024-04-10,B08N5WRWNW,Noise ColorFit Smartwatch,4999.0,3999.2,20,4.3,6581,8212,844,0,0,204,129,0,129,2024,4,10,2,15,101,2,0.9749279121818236,-0.22252093395631434,0.8660254037844387,-0.4999999999999998,0.9859481499638304,-0.16705162550211924,999.8000000000002,0.20000000000000004,0.10277642474427667,1.5813953488372092,75,145.0,158.0,153.0,317.0,147.57142857142858,139.5,150.8,21.862122059681052,145.0,158.0,2999.4,999.7999999999997,275.0,-71.0,1.0
2024-04-18,B08N5WRWNW,Noise ColorFit Smartwatch,4999.0,2999.4,40,4.2,16131,8457,655,0,0,191,147,0,147,2024,4,18,3,16,109,2,0.43388373911755823,-0.900968867902419,0.8660254037844387,-0.4999999999999998,0.9536809966304457,-0.30081980763566735,1999.6,0.39999999999999997,0.07745063261203737,1.2993197278911566,44,129.0,111.0,134.0,325.0,143.42857142857142,137.78571428571428,144.53333333333333,22.299903907544696,129.0,102.0,3999.2,-999.7999999999997,204.0,-13.0,1.0
2024-04-19,B08N5WRWNW,Noise ColorFit Smartwatch,4999.0,2999.4,40,4.2,9779,10820,1370,0,0,95,95,1,166,2024,4,19,4,16,110,2,-0.433883739117558,-0.9009688679024191,0.8660254037844387,-0.4999999999999998,0.9483615800121715,-0.3171912885891061,1999.6,0.39999999999999997,0.1266173752310536,0.572289156626506,-71,147.0,179.0,121.0,136.0,148.57142857142858,138.71428571428572,138.6,17.125586538443756,147.0,179.0,2999.4,0.0,191.0,-96.0,1.0
2024-04-24,B08N5WRWNW,Noise ColorFit Smartwatch,4999.0,3999.2,20,4.3,15127,8598,1321,0,0,177,127,0,127,2024,4,24,2,17,115,2,0.9749279121818236,-0.22252093395631434,0.8660254037844387,-0.4999999999999998,0.9175836260593937,-0.39754281428255595,999.8000000000002,0.20000000000000004,0.15364038148406606,1.3937007874015748,50,166.0,153.0,99.0,101.0,146.71428571428572,141.92857142857142,139.6,13.622460444847716,95.0,153.0,2999.4,999.7999999999997,95.0,82.0,1.0
2024-04-30,B08N5WRWNW,Noise ColorFit Smartwatch,4999.0,3999.2,20,3.8,7551,15157,1805,0,0,85,85,1,153,2024,4,30,1,18,121,2,0.7818314824680298,0.6234898018587336,0.8660254037844387,-0.4999999999999998,0.8717063187093218,-0.4900286664290592,999.8000000000002,0.20000000000000004,0.11908689054562248,0.5555555555555556,-68,127.0,157.0,152.0,129.0,143.0,143.92857142857142,140.46666666666667,15.088627063675458,127.0,117.0,3999.2,0.0,177.0,-92.0,1.0
2024-05-02,B08N5WRWNW,Noise ColorFit Smartwatch,4999.0,2999.4,40,4.0,13760,6284,586,0,0,187,118,0,118,2024,5,2,3,18,123,2,0.43388373911755823,-0.900968867902419,0.49999999999999994,-0.8660254037844387,0.854322169749827,-0.5197438121555155,1999.6,0.39999999999999997,0.09325270528325907,1.5847457627118644,69,153.0,130.0,161.0,167.0,142.42857142857142,144.0,141.26666666666668,14.535670410604638,85.0,130.0,3999.2,-999.7999999999997,85.0,102.0,1.0
2024-05-04,B08N5WRWNW,Noise ColorFit Smartwatch,4999.0,3999.2,20,4.2,15984,8843,1548,0,1,181,121,0,121,2024,5,4,5,18,125,2,-0.9749279121818236,-0.2225209339563146,0.49999999999999994,-0.8660254037844387,0.8359254794186372,-0.548842958284719,999.8000000000002,0.20000000000000004,0.17505371480266876,1.4958677685950412,60,118.0,145.0,100.0,169.0,140.71428571428572,140.92857142857142,139.63333333333333,16.780090243244874,118.0,145.0,2999.4,999.7999999999997,187.0,-6.0,1.0
2024-05-06,B08N5WRWNW,Noise ColorFit Smartwatch,4999.0,3499.3,30,4.5,10256,5962,1002,0,0,67,67,1,126,2024,5,6,0,19,127,2,0.0,1.0,0.49999999999999994,-0.8660254037844387,0.8165380514459161,-0.5772916165517272,1499.6999999999998,0.3,0.16806440791680644,0.5317460317460317,-59,121.0,129.0,158.0,127.0,137.28571428571428,142.42857142857142,138.03333333333333,18.154102251872516,121.0,129.0,3999.2,-499.89999999999964,181.0,-114.0,1.0
2024-05-07,B08N5WRWNW,Noise ColorFit Smartwatch,4999.0,3499.3,30,4.1,11014,14397,1760,0,0,275,166,0,166,2024,5,7,1,19,128,2,0.7818314824680298,0.6234898018587336,0.49999999999999994,-0.8660254037844387,0.8064799463209448,-0.5912614448635781,1499.6999999999998,0.3,0.12224769049107453,1.6566265060240963,109,126.0,147.0,111.0,117.0,136.85714285714286,140.14285714285714,138.0,18.415831698374944,67.0,147.0,3499.3,0.0,67.0,208.0,1.0
2024-05-17,B08N5WRWNW,Noise ColorFit Smartwatch,4999.0,3999.2,20,4.0,15849,5798,897,0,0,176,91,0,91,2024,5,17,4,20,138,2,-0.433883739117558,-0.9009688679024191,0.49999999999999994,-0.8660254037844387,0.6932812268869777,-0.7206671495538609,999.8000000000002,0.20000000000000004,0.1547085201793722,1.934065934065934,85,166.0,166.0,179.0,127.0,139.57142857142858,144.07142857142858,139.63333333333333,21.32961277080281,166.0,95.0,3499.3,499.89999999999964,275.0,-99.0,1.0
2024-05-20,B08N5WRWNW,Noise ColorFit Smartwatch,4999.0,3999.2,20,3.8,6937,10163,1071,0,0,230,116,0,116,2024,5,20,0,21,141,2,0.0,1.0,0.49999999999999994,-0.8660254037844387,0.6551563572090853,-0.7554933140726803,999.8000000000002,0.20000000000000004,0.10538226901505461,1.9827586206896552,114,91.0,127.0,153.0,155.0,128.85714285714286,137.78571428571428,138.43333333333334,24.45014363576501,91.0,127.0,3999.2,0.0,176.0,54.0,1.0
2024-05-22,B08N5WRWNW,Noise ColorFit Smartwatch,4999.0,3499.3,30,4.0,15948,12569,1529,0,0,266,153,0,153,2024,5,22,2,21,143,2,0.9749279121818236,-0.22252093395631434,0.49999999999999994,-0.8660254037844387,0.6287628145958344,-0.7775971469736269,1499.6999999999998,0.3,0.12164850027846288,1.738562091503268,113,116.0,153.0,157.0,104.0,127.28571428571429,135.14285714285714,137.13333333333333,24.93801840373005,116.0,85.0,3999.2,-499.89999999999964,230.0,36.0,1.0
2024-05-27,B08N5WRWNW,Noise ColorFit Smartwatch,4999.0,2999.4,40,3.9,13318,10380,1548,0,0,275,146,0,146,2024,5,27,0,22,148,2,0.0,1.0,0.49999999999999994,-0.8660254037844387,0.5595892624101765,-0.8287700871745038,1999.6,0.39999999999999997,0.14913294797687862,1.8835616438356164,129,153.0,118.0,130.0,166.0,127.28571428571429,134.85714285714286,138.76666666666668,24.93801840373005,153.0,118.0,3499.3,-499.9000000000001,266.0,9.0,1.0
2024-05-29,B08N5WRWNW,Noise ColorFit Smartwatch,4999.0,2499.5,50,3.9,15517,4463,740,0,0,69,69,1,128,2024,5,29,2,22,150,2,0.9749279121818236,-0.22252093395631434,0.49999999999999994,-0.8660254037844387,0.5307300481619334,-0.8475409228928311,2499.5,0.5,0.16580775263275824,0.5390625,-59,146.0,121.0,145.0,190.0,131.28571428571428,136.0,138.1,25.44087449829724,146.0,121.0,2999.4,-499.9000000000001,275.0,-206.0,1.0
2024-05-31,B08N5WRWNW,Noise ColorFit Smartwatch,4999.0,3999.2,20,4.2,11234,6734,571,0,0,171,97,0,97,2024,5,31,4,22,152,2,-0.433883739117558,-0.9009688679024191,0.49999999999999994,-0.8660254037844387,0.5012418134457758,-0.865307254363206,999.8000000000002,0.20000000000000004,0.0847935847935848,1.7628865979381443,74,128.0,126.0,129.0,135.0,132.28571428571428,134.78571428571428,136.03333333333333,25.104543318652713,69.0,67.0,2499.5,1499.6999999999998,69.0,102.0,1.0
2024-06-02,B08N5WRWNW,Noise ColorFit Smartwatch,4999.0,3999.2,20,4.1,15671,6585,899,0,1,89,89,1,106,2024,6,2,6,22,154,2,-0.7818314824680299,0.6234898018587334,1.2246467991473532e-16,-1.0,0.4711595076738638,-0.8820480249558537,999.8000000000002,0.20000000000000004,0.13652239939255884,0.839622641509434,-17,97.0,166.0,147.0,106.0,128.14285714285714,132.5,134.76666666666668,28.480569817734928,97.0,166.0,3999.2,0.0,171.0,-82.0,1.0
2024-06-11,B08N5WRWNW,Noise ColorFit Smartwatch,4999.0,2999.4,40,3.9,13134,12186,1819,0,0,272,156,0,156,2024,6,11,1,24,163,2,0.7818314824680298,0.6234898018587336,1.2246467991473532e-16,-1.0,0.3294084822245304,-0.9441875088341993,1999.6,0.39999999999999997,0.1492696537009683,1.7435897435897436,116,106.0,91.0,166.0,153.0,119.57142857142857,129.57142857142858,134.76666666666668,23.838743974583345,89.0,91.0,3999.2,-999.7999999999997,89.0,183.0,1.0
2024-06-14,B08N5WRWNW,Noise ColorFit Smartwatch,4999.0,3999.2,20,4.3,7850,7889,684,0,0,70,70,1,119,2024,6,14,4,24,166,2,-0.433883739117558,-0.9009688679024191,1.2246467991473532e-16,-1.0,0.28023067519921585,-0.9599326896597447,999.8000000000002,0.20000000000000004,0.08670300418303968,0.5882352941176471,-49,156.0,116.0,127.0,134.0,128.85714285714286,128.85714285714286,134.86666666666667,23.511901748041144,156.0,116.0,2999.4,999.7999999999997,272.0,-202.0,1.0
2024-06-18,B08N5WRWNW,Noise ColorFit Smartwatch,4999.0,2499.5,50,4.1,12737,14589,1977,0,0,314,197,0,197,2024,6,18,1,25,170,2,0.7818314824680298,0.6234898018587336,1.2246467991473532e-16,-1.0,0.21352091543979612,-0.9769384927771817,2499.5,0.5,0.13551305778326136,1.5939086294416243,117,119.0,153.0,153.0,121.0,129.28571428571428,128.28571428571428,134.36666666666667,23.264524393120773,70.0,153.0,3999.2,-1499.6999999999998,70.0,244.0,1.0
2024-06-22,B08N5WRWNW,Noise ColorFit Smartwatch,4999.0,3999.2,20,4.4,13612,8677,1115,0,1,139,115,0,115,2024,6,22,5,25,174,2,-0.9749279121818236,-0.2225209339563146,1.2246467991473532e-16,-1.0,0.1457991969198751,-0.9893142039703663,999.8000000000002,0.20000000000000004,0.1285006338596289,1.208695652173913,24,197.0,146.0,118.0,99.0,135.57142857142858,131.42857142857142,136.9,34.14116353639785,197.0,146.0,2499.5,1499.6999999999998,314.0,-175.0,1.0
2024-06-25,B08N5WRWNW,Noise ColorFit Smartwatch,4999.0,3499.3,30,4.0,15666,12816,1849,0,0,259,162,0,162,2024,6,25,1,26,177,2,0.7818314824680298,0.6234898018587336,1.2246467991473532e-16,-1.0,0.09453674981719912,-0.9955213724144752,1499.6999999999998,0.3,0.14427278401997504,1.5987654320987654,97,115.0,128.0,121.0,152.0,131.14285714285714,131.21428571428572,137.43333333333334,34.57083824761663,115.0,69.0,3999.2,-499.89999999999964,139.0,120.0,1.0
2024-07-04,B08N5WRWNW,Noise ColorFit Smartwatch,4999.0,3499.3,30,4.5,14032,8658,928,0,0,212,121,0,121,2024,7,4,3,27,186,3,0.43388373911755823,-0.900968867902419,-0.4999999999999997,-0.8660254037844388,-0.060213277365792774,-0.9981855344718586,1499.6999999999998,0.3,0.10718410718410719,1.7520661157024793,91,162.0,97.0,126.0,161.0,136.0,134.14285714285714,137.76666666666668,36.39597047293396,162.0,97.0,3499.3,0.0,259.0,-47.0,1.0
2024-07-08,B08N5WRWNW,Noise ColorFit Smartwatch,4999.0,3499.3,30,4.0,9222,11265,1448,0,0,72,72,1,138,2024,7,8,0,28,190,3,0.0,1.0,-0.4999999999999997,-0.8660254037844388,-0.12874817745258066,-0.99167731989929,1499.6999999999998,0.3,0.12853972481136264,0.5217391304347826,-66,121.0,106.0,166.0,100.0,139.42857142857142,133.78571428571428,136.43333333333334,33.09006468643411,121.0,89.0,3499.3,0.0,212.0,-140.0,1.0
2024-07-16,B08N5WRWNW,Noise ColorFit Smartwatch,4999.0,3499.3,30,3.9,13434,3807,521,0,0,138,109,0,109,2024,7,16,1,29,198,3,0.7818314824680298,0.6234898018587336,-0.4999999999999997,-0.8660254037844388,-0.2636654927280072,-0.9646141756912435,1499.6999999999998,0.3,0.13685316522195956,1.2660550458715596,29,138.0,156.0,91.0,158.0,144.0,131.78571428571428,137.7,29.743346594939144,72.0,156.0,3499.3,0.0,72.0,66.0,1.0
2024-07-19,B08N5WRWNW,Noise ColorFit Smartwatch,4999.0,3999.2,20,4.1,12201,12622,1862,0,0,277,143,0,143,2024,7,19,4,29,201,3,-0.433883739117558,-0.9009688679024191,-0.4999999999999997,-0.8660254037844388,-0.3131070409358267,-0.9497178427914317,999.8000000000002,0.20000000000000004,0.14752020282047218,1.937062937062937,134,109.0,119.0,116.0,111.0,137.28571428571428,133.07142857142858,136.06666666666666,31.815689450931416,109.0,70.0,3499.3,499.89999999999964,138.0,139.0,1.0
2024-07-23,B08N5WRWNW,Noise ColorFit Smartwatch,4999.0,2499.5,50,4.4,9706,11065,1892,0,0,169,162,0,162,2024,7,23,1,30,205,3,0.7818314824680298,0.6234898018587336,-0.4999999999999997,-0.8660254037844388,-0.37770796520396466,-0.9259247771938499,2499.5,0.5,0.17098960686850428,1.0432098765432098,7,143.0,197.0,153.0,179.0,140.71428571428572,135.0,137.13333333333333,30.79347488085922,143.0,197.0,3999.2,-1499.6999999999998,277.0,-108.0,1.0
2024-07-29,B08N5WRWNW,Noise ColorFit Smartwatch,4999.0,2999.4,40,4.4,16368,8299,732,0,0,191,147,0,147,2024,7,29,0,31,211,3,0.0,1.0,-0.4999999999999997,-0.8660254037844388,-0.47115950767386394,-0.8820480249558535,1999.6,0.39999999999999997,0.088203397999759,1.2993197278911566,44,162.0,115.0,146.0,153.0,135.71428571428572,135.64285714285714,136.56666666666666,21.600264548644823,162.0,115.0,2499.5,499.9000000000001,169.0,22.0,1.0
2024-08-06,B08N5WRWNW,Noise ColorFit Smartwatch,4999.0,3499.3,30,4.4,13913,6581,1049,0,0,204,126,0,126,2024,8,6,1,32,219,3,0.7818314824680298,0.6234898018587336,-0.8660254037844385,-0.5000000000000004,-0.5877852522924734,-0.8090169943749472,1499.6999999999998,0.3,0.15939826774046498,1.619047619047619,78,147.0,162.0,128.0,157.0,140.28571428571428,135.71428571428572,136.36666666666667,19.796584602015933,147.0,162.0,2999.4,499.9000000000001,191.0,13.0,1.0
2024-08-07,B08N5WRWNW,Noise ColorFit Smartwatch,4999.0,2499.5,50,3.9,8130,8616,1748,0,0,159,145,0,145,2024,8,7,2,32,220,3,0.9749279121818236,-0.22252093395631434,-0.8660254037844385,-0.5000000000000004,-0.6016240632249227,-0.7987793728863648,2499.5,0.5,0.20287836583101207,1.096551724137931,14,126.0,121.0,97.0,130.0,135.14285714285714,135.57142857142858,135.33333333333334,17.789777696087274,126.0,121.0,3499.3,-999.8000000000002,204.0,-45.0,1.0
2024-08-09,B08N5WRWNW,Noise ColorFit Smartwatch,4999.0,3499.3,30,4.4,13950,8907,1027,0,0,224,126,0,126,2024,8,9,4,32,222,3,-0.433883739117558,-0.9009688679024191,-0.8660254037844385,-0.5000000000000004,-0.6287628145958345,-0.7775971469736268,1499.6999999999998,0.3,0.11530257101156394,1.7777777777777777,98,145.0,138.0,106.0,145.0,138.57142857142858,139.0,135.83333333333334,16.900267678917412,145.0,72.0,2499.5,999.8000000000002,159.0,65.0,1.0
2024-08-16,B08N5WRWNW,Noise ColorFit Smartwatch,4999.0,3499.3,30,4.5,16609,9812,1674,0,0,264,136,0,136,2024,8,16,4,33,229,3,-0.433883739117558,-0.9009688679024191,-0.8660254037844385,-0.5000000000000004,-0.7176769136759615,-0.6963762255968726,1499.6999999999998,0.3,0.17060741948634325,1.9411764705882353,128,126.0,109.0,156.0,129.0,136.85714285714286,140.42857142857142,135.2,17.56349027033647,126.0,109.0,3499.3,0.0,224.0,40.0,1.0
2024-08-21,B08N5WRWNW,Noise ColorFit Smartwatch,4999.0,3999.2,20,4.4,8371,10785,1796,0,0,104,104,1,138,2024,8,21,2,34,234,3,0.9749279121818236,-0.22252093395631434,-0.8660254037844385,-0.5000000000000004,-0.7748840413670406,-0.6321034111873488,999.8000000000002,0.20000000000000004,0.1665275846082522,0.7536231884057971,-34,136.0,143.0,119.0,147.0,140.71428571428572,139.0,135.43333333333334,12.724180205607526,136.0,143.0,3499.3,499.89999999999964,264.0,-160.0,1.0
2024-09-07,B08N5WRWNW,Noise ColorFit Smartwatch,4999.0,3999.2,20,4.2,9586,10321,1472,0,1,101,101,1,127,2024,9,7,5,36,251,3,-0.9749279121818236,-0.2225209339563146,-1.0,-1.8369701987210297e-16,-0.9242907221930934,-0.3816892202666586,999.8000000000002,0.20000000000000004,0.14262183896909214,0.7952755905511811,-26,138.0,162.0,197.0,166.0,140.0,140.35714285714286,135.13333333333333,12.714820748507597,104.0,162.0,3999.2,0.0,104.0,-3.0,1.0
2024-09-09,B08N5WRWNW,Noise ColorFit Smartwatch,4999.0,2499.5,50,4.3,11416,9496,692,0,0,132,132,1,162,2024,9,9,0,37,253,3,0.0,1.0,-1.0,-1.8369701987210297e-16,-0.9368813462954315,-0.34964745525122826,2499.5,0.5,0.07287278854254423,0.8148148148148148,-30,127.0,147.0,115.0,127.0,135.0,135.35714285714286,133.83333333333334,8.944271909999918,101.0,147.0,3999.2,-1499.6999999999998,101.0,31.0,1.0
2024-09-10,B08N5WRWNW,Noise ColorFit Smartwatch,4999.0,3999.2,20,4.3,9422,14687,1954,0,0,277,158,0,158,2024,9,10,1,37,254,3,0.7818314824680298,0.6234898018587336,-1.0,-1.8369701987210297e-16,-0.9427611433904206,-0.33346877891818705,999.8000000000002,0.20000000000000004,0.13304282698985498,1.7531645569620253,119,162.0,126.0,162.0,153.0,137.14285714285714,138.71428571428572,135.0,13.120322295693432,132.0,126.0,2499.5,1499.6999999999998,132.0,145.0,1.0
2024-09-22,B08N5WRWNW,Noise ColorFit Smartwatch,4999.0,2499.5,50,4.4,10534,8189,769,0,1,231,148,0,148,2024,9,22,6,38,266,3,-0.7818314824680299,0.6234898018587334,-1.0,-1.8369701987210297e-16,-0.9911140639934546,-0.13301470653419636,2499.5,0.5,0.09390645988521187,1.5608108108108107,83,158.0,145.0,121.0,118.0,141.71428571428572,138.42857142857142,135.16666666666666,14.126975209557086,158.0,145.0,3999.2,-1499.6999999999998,277.0,-46.0,1.0
2024-09-25,B08N5WRWNW,Noise ColorFit Smartwatch,4999.0,1749.65,65,4.0,14281,29500,4494,1,0,273,273,1,400,2024,9,25,2,39,269,3,0.9749279121818236,-0.22252093395631434,-1.0,-1.8369701987210297e-16,-0.99665890175417,-0.08167639533042288,3249.35,0.65,0.15233898305084745,0.6825,-127,148.0,126.0,138.0,121.0,142.14285714285714,140.35714285714286,136.16666666666666,14.287856982167373,148.0,126.0,2499.5,-749.8499999999999,231.0,42.0,1.0
2024-09-28,B08N5WRWNW,Noise ColorFit Smartwatch,4999.0,1499.7,70,3.9,8646,20667,3364,1,1,445,345,0,345,2024,9,28,5,39,272,3,-0.9749279121818236,-0.2225209339563146,-1.0,-1.8369701987210297e-16,-0.9995462806873573,-0.03012030484690836,3499.3,0.7000000000000001,0.1627715682005129,1.289855072463768,100,400.0,136.0,109.0,126.0,181.28571428571428,159.07142857142858,145.46666666666667,97.2363345766631,273.0,136.0,1749.65,-249.95000000000005,273.0,172.0,1.0
2024-09-29,B08N5WRWNW,Noise ColorFit Smartwatch,4999.0,2999.4,40,4.4,8463,28639,4120,1,1,313,313,1,364,2024,9,29,6,39,273,3,-0.7818314824680299,0.6234898018587334,-1.0,-1.8369701987210297e-16,-0.9999166586547379,-0.012910296075008843,1999.6,0.39999999999999997,0.14385977164007124,0.8598901098901099,-51,345.0,138.0,143.0,166.0,211.14285714285714,175.92857142857142,152.76666666666668,111.98277928834798,345.0,104.0,1499.7,1499.7,445.0,-132.0,1.0
2024-09-30,B08N5WRWNW,Noise ColorFit Smartwatch,4999.0,2499.5,50,4.2,11568,30026,5276,1,0,730,387,0,387,2024,9,30,0,40,274,3,0.0,1.0,-1.0,-1.8369701987210297e-16,-0.9999907397361901,0.004303538296243821,2499.5,0.5,0.17571438086991273,1.8863049095607236,343,364.0,127.0,162.0,91.0,243.42857142857142,191.71428571428572,159.36666666666667,119.69385551321773,313.0,101.0,2999.4,-499.9000000000001,313.0,417.0,1.0
2024-10-06,B08N5WRWNW,Noise ColorFit Smartwatch,4999.0,2499.5,50,4.1,16287,41878,6825,1,1,514,466,0,466,2024,10,6,6,40,280,4,-0.7818314824680299,0.6234898018587334,-0.8660254037844386,0.5000000000000001,-0.994217906893952,0.10738134666416306,2499.5,0.5,0.16297339892067433,1.1030042918454936,48,387.0,162.0,147.0,116.0,280.57142857142856,207.78571428571428,169.23333333333332,117.86978287197148,387.0,132.0,2499.5,0.0,730.0,-216.0,1.0
2024-10-15,B08N5WRWNW,Noise ColorFit Smartwatch,4999.0,2499.5,50,4.2,10162,31918,4897,1,0,214,214,1,406,2024,10,15,1,42,289,4,0.7818314824680298,0.6234898018587336,-0.8660254037844386,0.5000000000000001,-0.965739937654855,0.25951179706979943,2499.5,0.5,0.15342440002506422,0.5270935960591133,-192,466.0,158.0,126.0,153.0,324.0,230.57142857142858,180.9,122.8020086697824,466.0,158.0,2499.5,0.0,514.0,-300.0,1.0
2024-10-17,B08N5WRWNW,Noise ColorFit Smartwatch,4999.0,3999.2,20,4.2,8510,8241,968,0,0,103,103,1,137,2024,10,17,3,42,291,4,0.43388373911755823,-0.900968867902419,-0.8660254037844386,0.5000000000000001,-0.9562348265919058,0.2926003356333479,999.8000000000002,0.20000000000000004,0.1174614731221939,0.7518248175182481,-34,406.0,148.0,145.0,146.0,359.42857142857144,250.57142857142858,189.33333333333334,100.71719009658855,214.0,148.0,2499.5,1499.6999999999998,214.0,-111.0,1.0
2024-10-20,B08N5WRWNW,Noise ColorFit Smartwatch,4999.0,2499.5,50,3.8,8654,11712,1574,0,1,336,179,0,179,2024,10,20,6,42,294,4,-0.7818314824680299,0.6234898018587334,-0.8660254037844386,0.5000000000000001,-0.9398560579418953,0.341570769167856,2499.5,0.5,0.13439207650273224,1.8770949720670391,157,137.0,400.0,126.0,128.0,357.85714285714283,250.0,189.03333333333333,104.5776084564768,103.0,273.0,3999.2,-1499.6999999999998,103.0,233.0,1.0
2024-10-23,B08N5WRWNW,Noise ColorFit Smartwatch,4999.0,3499.3,30,4.1,15517,7463,976,0,0,91,91,1,118,2024,10,23,2,43,297,4,0.9749279121818236,-0.22252093395631434,-0.8660254037844386,0.5000000000000001,-0.9209712877166347,0.38963044953078774,1499.6999999999998,0.3,0.13077850730269328,0.7711864406779662,-27,179.0,345.0,136.0,97.0,326.2857142857143,253.78571428571428,190.73333333333332,121.69321302043954,179.0,345.0,2499.5,999.8000000000002,336.0,-245.0,1.0
2024-10-26,B08N5WRWNW,Noise ColorFit Smartwatch,4999.0,2999.4,40,4.2,12712,10961,1565,0,1,128,128,1,150,2024,10,26,5,43,300,4,-0.9749279121818236,-0.2225209339563146,-0.8660254037844386,0.5000000000000001,-0.8996308696522434,0.4366512319560638,1999.6,0.39999999999999997,0.14277894352705045,0.8533333333333334,-22,118.0,364.0,138.0,106.0,293.85714285714283,252.5,191.43333333333334,144.06413915501727,91.0,313.0,3499.3,-499.9000000000001,91.0,37.0,1.0
2024-11-01,B08N5WRWNW,Noise ColorFit Smartwatch,4999.0,1499.7,70,4.5,12982,33907,7356,1,0,850,432,0,432,2024,11,1,4,44,306,4,-0.433883739117558,-0.9009688679024191,-0.5000000000000004,0.8660254037844384,-0.8498170915275277,0.5270777086423724,3499.3,0.7000000000000001,0.21694635326038872,1.9675925925925926,418,150.0,387.0,127.0,156.0,263.2857142857143,253.35714285714286,192.9,149.3092029823952,128.0,387.0,2999.4,-1499.7,128.0,722.0,1.0
2024-11-04,B08N5WRWNW,Noise ColorFit Smartwatch,4999.0,1499.7,70,4.3,9684,24066,3388,1,0,259,259,1,370,2024,11,4,0,45,309,4,0.0,1.0,-0.5000000000000004,0.8660254037844384,-0.8214765533024145,0.5702422926917867,3499.3,0.7000000000000001,0.14077952297847585,0.7,-111,432.0,466.0,162.0,119.0,269.7142857142857,275.14285714285717,202.1,156.3273427626725,432.0,466.0,1499.7,0.0,850.0,-591.0,1.0
2024-11-05,B08N5WRWNW,Noise ColorFit Smartwatch,4999.0,2499.5,50,4.2,8245,39765,5172,1,0,399,399,1,436,2024,11,5,1,45,310,4,0.7818314824680298,0.6234898018587336,-0.5000000000000004,0.8660254037844384,-0.8115390590073611,0.5842981736283683,2499.5,0.5,0.13006412674462467,0.9151376146788991,-37,370.0,406.0,158.0,197.0,256.0,290.0,210.46666666666667,139.54808012533408,259.0,214.0,1499.7,999.8,259.0,140.0,1.0
2024-11-15,B08N5WRWNW,Noise ColorFit Smartwatch,4999.0,2999.4,40,4.2,15262,15716,2364,1,0,174,174,1,282,2024,11,15,4,46,320,4,-0.433883739117558,-0.9009688679024191,-0.5000000000000004,0.8660254037844384,-0.6994583270516471,0.7146733860429608,1999.6,0.39999999999999997,0.15041995418681597,0.6170212765957447,-108,436.0,137.0,148.0,115.0,260.2857142857143,309.85714285714283,218.43333333333334,145.26609410057836,399.0,103.0,2499.5,499.9000000000001,399.0,-225.0,1.0
2024-11-16,B08N5WRWNW,Noise ColorFit Smartwatch,4999.0,3999.2,20,4.5,11192,9710,1820,0,1,182,122,0,122,2024,11,16,5,46,321,4,-0.9749279121818236,-0.2225209339563146,-0.5000000000000004,0.8660254037844384,-0.6870527672236675,0.7266075247685652,999.8000000000002,0.20000000000000004,0.1874356333676622,1.4918032786885247,60,282.0,179.0,400.0,162.0,281.0,319.42857142857144,224.0,134.71080134866688,174.0,179.0,2999.4,999.7999999999997,174.0,8.0,1.0
2024-11-17,B08N5WRWNW,Noise ColorFit Smartwatch,4999.0,3999.2,20,4.0,9796,11922,1928,0,1,98,98,1,138,2024,11,17,6,46,322,4,-0.7818314824680299,0.6234898018587334,-0.5000000000000004,0.8660254037844384,-0.6744436188329457,0.7383263540031063,999.8000000000002,0.20000000000000004,0.16171783257842645,0.7101449275362319,-40,122.0,118.0,345.0,121.0,272.85714285714283,299.57142857142856,222.66666666666666,143.3497222081119,122.0,91.0,3999.2,0.0,182.0,-84.0,1.0
2024-11-25,B08N5WRWNW,Noise ColorFit Smartwatch,4999.0,2499.5,50,4.4,11460,9651,1442,0,0,331,173,0,173,2024,11,25,0,48,330,4,0.0,1.0,-0.5000000000000004,0.8660254037844384,-0.5667017562911184,0.8239230057575536,2499.5,0.5,0.1494145684385038,1.9132947976878614,158,138.0,150.0,364.0,138.0,275.7142857142857,284.7857142857143,223.23333333333332,139.90677167994676,98.0,128.0,3999.2,-1499.6999999999998,98.0,233.0,1.0
2024-11-28,B08N5WRWNW,Noise ColorFit Smartwatch,4999.0,3999.2,20,4.3,12489,7045,708,0,0,63,63,1,111,2024,11,28,3,48,333,4,0.43388373911755823,-0.900968867902419,-0.5000000000000004,0.8660254037844384,-0.5234156073655503,0.8520775211013093,999.8000000000002,0.20000000000000004,0.10049680624556423,0.5675675675675675,-48,173.0,432.0,387.0,109.0,279.0,271.14285714285717,224.4,136.69552540835656,173.0,432.0,2499.5,1499.6999999999998,331.0,-268.0,1.0
2024-12-06,B08N5WRWNW,Noise ColorFit Smartwatch,4999.0,2999.4,40,4.1,8617,12150,1775,0,0,206,176,0,176,2024,12,6,4,49,341,4,-0.433883739117558,-0.9009688679024191,-2.4492935982947064e-16,1.0,-0.4014879892059737,0.9158642882672868,1999.6,0.39999999999999997,0.14609053497942387,1.1704545454545454,30,111.0,370.0,466.0,143.0,233.14285714285714,251.42857142857142,224.46666666666667,130.51746827076258,63.0,259.0,3999.2,-999.7999999999997,63.0,143.0,1.0
2024-12-07,B08N5WRWNW,Noise ColorFit Smartwatch,4999.0,3999.2,20,4.2,10368,8084,917,0,1,216,114,0,114,2024,12,7,5,49,342,4,-0.9749279121818236,-0.2225209339563146,-2.4492935982947064e-16,1.0,-0.38566340624360745,0.9226395488404875,999.8000000000002,0.20000000000000004,0.11343394359228105,1.894736842105263,102,176.0,436.0,406.0,162.0,205.42857142857142,230.71428571428572,225.56666666666666,116.45293347222174,176.0,399.0,2999.4,999.7999999999997,206.0,10.0,1.0
2024-12-16,B08N5WRWNW,Noise ColorFit Smartwatch,4999.0,3499.3,30,4.2,9735,11726,1760,0,0,145,145,1,152,2024,12,16,0,51,351,4,0.0,1.0,-2.4492935982947064e-16,1.0,-0.23867276600594997,0.9711000518829505,1499.6999999999998,0.3,0.150093808630394,0.9539473684210527,-7,114.0,282.0,137.0,147.0,159.42857142857142,209.85714285714286,223.96666666666667,60.21034557520578,114.0,174.0,3999.2,-499.89999999999964,216.0,-71.0,1.0
2024-12-23,B08N5WRWNW,Noise ColorFit Smartwatch,4999.0,2999.4,40,3.9,9666,10905,970,0,0,173,158,0,158,2024,12,23,0,52,358,4,0.0,1.0,-2.4492935982947064e-16,1.0,-0.12020804489935275,0.9927487224577402,1999.6,0.39999999999999997,0.08895002292526365,1.0949367088607596,15,152.0,122.0,179.0,126.0,140.85714285714286,210.92857142857142,224.13333333333333,26.984122315592277,145.0,122.0,3499.3,-499.9000000000001,145.0,28.0,1.0
2024-12-27,B08N5WRWNW,Noise ColorFit Smartwatch,4999.0,2999.4,40,4.3,10185,9423,1469,0,0,238,161,0,161,2024,12,27,4,52,362,4,-0.433883739117558,-0.9009688679024191,-2.4492935982947064e-16,1.0,-0.05161966722325418,0.9986668162884759,1999.6,0.39999999999999997,0.15589515016449113,1.4782608695652173,77,158.0,138.0,118.0,145.0,146.0,209.42857142857142,225.2,26.21068484416208,158.0,98.0,2999.4,0.0,173.0,65.0,1.0
2024-12-28,B08N5WRWNW,Noise ColorFit Smartwatch,4999.0,3999.2,20,4.1,7229,10399,1337,0,1,196,128,0,128,2024,12,28,5,52,363,4,-0.9749279121818236,-0.2225209339563146,-2.4492935982947064e-16,1.0,-0.034421611622745804,0.9994074007397048,999.8000000000002,0.20000000000000004,0.1285700548129628,1.53125,68,161.0,173.0,150.0,126.0,149.28571428571428,212.5,225.73333333333332,26.480900574528864,161.0,173.0,2999.4,999.7999999999997,238.0,-42.0,1.0
2024-12-29,B08N5WRWNW,Noise ColorFit Smartwatch,4999.0,3499.3,30,4.3,14581,6229,754,0,1,207,129,0,129,2024,12,29,6,52,364,4,-0.7818314824680299,0.6234898018587334,-2.4492935982947064e-16,1.0,-0.01721335615583528,0.9998518392091162,1499.6999999999998,0.3,0.1210467169690159,1.6046511627906976,78,128.0,111.0,432.0,136.0,142.85714285714286,210.92857142857142,225.8,25.1954266447209,128.0,63.0,3999.2,-499.89999999999964,196.0,11.0,1.0
2024-12-31,B08N5WRWNW,Noise ColorFit Smartwatch,4999.0,3499.3,30,4.4,15376,8514,857,0,0,127,127,1,128,2024,12,31,1,1,366,4,0.7818314824680298,0.6234898018587336,-2.4492935982947064e-16,1.0,0.017213356155833904,0.9998518392091162,1499.6999999999998,0.3,0.10065774019262391,0.9921875,-1,129.0,176.0,370.0,138.0,145.42857142857142,189.28571428571428,225.56666666666666,22.13486799039852,129.0,176.0,3499.3,0.0,207.0,-80.0,1.0
2025-01-02,B08N5WRWNW,Noise ColorFit Smartwatch,4999.0,3999.2,20,4.2,12981,15680,1917,0,0,116,116,1,160,2025,1,2,3,1,2,1,0.43388373911755823,-0.900968867902419,0.49999999999999994,0.8660254037844387,0.03442161162274574,0.9994074007397048,999.8000000000002,0.20000000000000004,0.12225765306122449,0.725,-44,128.0,114.0,436.0,127.0,138.57142857142858,172.0,225.23333333333332,18.164591406149754,127.0,114.0,3499.3,499.89999999999964,127.0,-11.0,1.0
2025-01-07,B08N5WRWNW,Noise ColorFit Smartwatch,4999.0,3999.2,20,4.3,16428,7682,703,0,0,163,123,0,123,2025,1,7,1,2,7,1,0.7818314824680298,0.6234898018587336,0.49999999999999994,0.8660254037844387,0.1202080448993527,0.9927487224577402,999.8000000000002,0.20000000000000004,0.09151262692007289,1.3252032520325203,40,160.0,152.0,282.0,162.0,145.14285714285714,152.28571428571428,226.33333333333334,15.983622570499417,116.0,145.0,3999.2,0.0,116.0,47.0,1.0
2025-01-11,B08N5WRWNW,Noise ColorFit Smartwatch,4999.0,3999.2,20,4.1,9664,9919,1598,0,1,107,107,1,134,2025,1,11,5,2,11,1,-0.9749279121818236,-0.2225209339563146,0.49999999999999994,0.8660254037844387,0.1882267098432442,0.9821256058680006,999.8000000000002,0.20000000000000004,0.16110495009577577,0.7985074626865671,-27,123.0,158.0,122.0,158.0,141.0,140.92857142857142,225.03333333333333,17.58787461103023,123.0,158.0,3999.2,0.0,163.0,-56.0,1.0
2025-01-12,B08N5WRWNW,Noise ColorFit Smartwatch,4999.0,3999.2,20,4.4,11013,6565,506,0,1,182,112,0,112,2025,1,12,6,2,12,1,-0.7818314824680299,0.6234898018587334,0.49999999999999994,0.8660254037844387,0.2051044998686192,0.9787400799669153,999.8000000000002,0.20000000000000004,0.07707539984767707,1.625,70,134.0,161.0,138.0,148.0,137.57142857142858,141.78571428571428,224.23333333333332,15.98809080594167,107.0,161.0,3999.2,0.0,107.0,75.0,1.0
2025-01-18,B08N5WRWNW,Noise ColorFit Smartwatch,4999.0,3999.2,20,4.4,7998,15842,1820,0,1,110,110,1,164,2025,1,18,5,3,18,1,-0.9749279121818236,-0.2225209339563146,0.49999999999999994,0.8660254037844387,0.30492122465628907,0.9523775757303974,999.8000000000002,0.20000000000000004,0.11488448428228759,0.6707317073170732,-54,112.0,128.0,173.0,400.0,130.57142857142858,139.92857142857142,223.03333333333333,14.695318334502693,112.0,128.0,3999.2,0.0,182.0,-72.0,1.0
2025-01-21,B08N5WRWNW,Noise ColorFit Smartwatch,4999.0,3999.2,20,4.1,12813,12421,1695,0,0,86,86,1,147,2025,1,21,1,4,21,1,0.7818314824680298,0.6234898018587336,0.49999999999999994,0.8660254037844387,0.3536761221763716,0.9353679493131483,999.8000000000002,0.20000000000000004,0.1364624426374688,0.5850340136054422,-61,164.0,129.0,111.0,345.0,135.71428571428572,139.28571428571428,215.16666666666666,19.2415720573472,110.0,129.0,3999.2,0.0,110.0,-24.0,1.0
2025-01-27,B08N5WRWNW,Noise ColorFit Smartwatch,4999.0,3999.2,20,4.2,11166,10240,1182,0,0,89,89,1,121,2025,1,27,0,5,27,1,0.0,1.0,0.49999999999999994,0.8660254037844387,0.4482293417404106,0.893918596519257,999.8000000000002,0.20000000000000004,0.1154296875,0.7355371900826446,-32,147.0,128.0,176.0,364.0,138.28571428571428,141.85714285714286,208.56666666666666,19.396857870234655,86.0,127.0,3999.2,0.0,86.0,3.0,1.0
2025-02-07,B08N5WRWNW,Noise ColorFit Smartwatch,4999.0,3499.3,30,4.2,16797,9343,1443,0,0,204,135,0,135,2025,2,7,4,6,38,1,-0.433883739117558,-0.9009688679024191,0.8660254037844386,0.5000000000000001,0.6084768701151261,0.7935716089521474,1499.6999999999998,0.3,0.1544471797067323,1.511111111111111,69,121.0,160.0,114.0,387.0,137.28571428571428,137.92857142857142,200.46666666666667,20.180141110460163,89.0,116.0,3999.2,-499.89999999999964,89.0,115.0,1.0
2025-02-09,B08N5WRWNW,Noise ColorFit Smartwatch,4999.0,3499.3,30,4.2,14920,8489,1337,0,1,163,123,0,123,2025,2,9,6,6,40,1,-0.7818314824680299,0.6234898018587334,0.8660254037844386,0.5000000000000001,0.6354323008901774,0.7721565844991642,1499.6999999999998,0.3,0.15749793850865826,1.3252032520325203,40,135.0,123.0,152.0,466.0,133.71428571428572,139.42857142857142,192.06666666666666,17.528208557581824,135.0,123.0,3499.3,0.0,204.0,-41.0,1.0
2025-02-14,B08N5WRWNW,Noise ColorFit Smartwatch,4999.0,2999.4,40,4.2,8785,15875,1846,0,0,180,180,1,189,2025,2,14,4,7,45,1,-0.433883739117558,-0.9009688679024191,0.8660254037844386,0.5000000000000001,0.699458327051647,0.7146733860429609,1999.6,0.39999999999999997,0.11628346456692913,0.9523809523809523,-9,123.0,134.0,158.0,406.0,133.71428571428572,137.35714285714286,180.63333333333333,17.528208557581824,123.0,107.0,3499.3,-499.9000000000001,163.0,17.0,1.0
2025-02-24,B08N5WRWNW,Noise ColorFit Smartwatch,4999.0,3999.2,20,4.4,10516,5698,952,0,0,75,75,1,95,2025,2,24,0,9,55,1,0.0,1.0,0.8660254037844386,0.5000000000000001,0.8115390590073611,0.5842981736283684,999.8000000000002,0.20000000000000004,0.16707616707616707,0.7894736842105263,-20,189.0,112.0,161.0,137.0,141.57142857142858,139.57142857142858,173.4,27.287708727905983,180.0,112.0,2999.4,999.7999999999997,180.0,-105.0,1.0
2025-02-27,B08N5WRWNW,Noise ColorFit Smartwatch,4999.0,3499.3,30,4.5,17110,12974,1230,0,0,267,145,0,145,2025,2,27,3,9,58,1,0.43388373911755823,-0.900968867902419,0.8660254037844386,0.5000000000000001,0.8406184056344782,0.5416278206559814,1499.6999999999998,0.3,0.09480499460459381,1.8413793103448275,122,95.0,164.0,128.0,179.0,139.14285714285714,134.85714285714286,172.0,30.878409778940682,75.0,110.0,3999.2,-499.89999999999964,75.0,192.0,1.0
2025-02-28,B08N5WRWNW,Noise ColorFit Smartwatch,4999.0,3999.2,20,4.5,8225,11454,1923,0,0,195,139,0,139,2025,2,28,4,9,59,1,-0.433883739117558,-0.9009688679024191,0.8660254037844386,0.5000000000000001,0.8498170915275278,0.5270777086423722,999.8000000000002,0.20000000000000004,0.1678889470927187,1.4028776978417266,56,145.0,147.0,129.0,118.0,136.42857142857142,136.07142857142858,170.86666666666667,29.113897843109864,145.0,86.0,3499.3,499.89999999999964,267.0,-72.0,1.0
2025-03-04,B08N5WRWNW,Noise ColorFit Smartwatch,4999.0,3499.3,30,3.9,15343,10345,1117,0,0,234,142,0,142,2025,3,4,1,10,63,1,0.7818314824680298,0.6234898018587336,1.0,6.123233995736766e-17,0.8840675099433636,0.4673592171580022,1499.6999999999998,0.3,0.10797486708554857,1.647887323943662,92,139.0,121.0,128.0,150.0,135.28571428571428,136.78571428571428,171.56666666666666,28.784916685156794,139.0,89.0,3999.2,-499.89999999999964,195.0,39.0,1.0
2025-03-05,B08N5WRWNW,Noise ColorFit Smartwatch,4999.0,3999.2,20,4.5,9454,12913,1710,0,0,133,125,0,125,2025,3,5,2,10,64,1,0.9749279121818236,-0.22252093395631434,1.0,6.123233995736766e-17,0.8919813464595485,0.45207220393230435,999.8000000000002,0.20000000000000004,0.1324246882986138,1.064,8,142.0,135.0,160.0,432.0,138.28571428571428,137.78571428571428,171.3,28.1348792172886,142.0,135.0,3499.3,499.89999999999964,234.0,-101.0,1.0
2025-03-10,B08N5WRWNW,Noise ColorFit Smartwatch,4999.0,3499.3,30,4.5,17315,10444,1375,0,0,234,136,0,136,2025,3,10,0,11,69,1,0.0,1.0,1.0,6.123233995736766e-17,0.9275416835791966,0.37371971479046906,1499.6999999999998,0.3,0.13165453849099962,1.7205882352941178,98,125.0,123.0,123.0,370.0,136.85714285714286,135.28571428571428,161.06666666666666,28.57987970250248,125.0,123.0,3999.2,-499.89999999999964,133.0,101.0,1.0
2025-03-14,B08N5WRWNW,Noise ColorFit Smartwatch,4999.0,2999.4,40,4.2,13008,6615,1146,0,0,237,133,0,133,2025,3,14,4,11,73,1,-0.433883739117558,-0.9009688679024191,1.0,6.123233995736766e-17,0.9510565162951535,0.30901699437494745,1999.6,0.39999999999999997,0.17324263038548754,1.781954887218045,104,136.0,189.0,134.0,436.0,138.71428571428572,136.21428571428572,153.26666666666668,27.944673229521776,136.0,180.0,3499.3,-499.9000000000001,234.0,3.0,1.0
2025-03-18,B08N5WRWNW,Noise ColorFit Smartwatch,4999.0,2999.4,40,4.3,15488,15568,1998,0,0,381,193,0,193,2025,3,18,1,12,77,1,0.7818314824680298,0.6234898018587336,1.0,6.123233995736766e-17,0.9700639218515071,0.2428497220959356,1999.6,0.39999999999999997,0.12834018499486124,1.9740932642487046,188,133.0,95.0,112.0,282.0,130.71428571428572,136.14285714285714,143.16666666666666,17.036375648537618,133.0,75.0,2999.4,0.0,237.0,144.0,1.0
2025-03-19,B08N5WRWNW,Noise ColorFit Smartwatch,4999.0,3999.2,20,4.4,10407,13275,1615,0,0,207,152,0,152,2025,3,19,2,12,78,1,0.9749279121818236,-0.22252093395631434,1.0,6.123233995736766e-17,0.9741004551724205,0.22611568550828828,999.8000000000002,0.20000000000000004,0.12165725047080979,1.361842105263158,55,193.0,145.0,164.0,122.0,144.71428571428572,141.92857142857142,140.2,22.261433659389883,193.0,145.0,2999.4,999.7999999999997,381.0,-174.0,1.0
2025-03-20,B08N5WRWNW,Noise ColorFit Smartwatch,4999.0,2999.4,40,4.1,8457,6556,1167,0,0,171,123,0,123,2025,3,20,3,12,79,1,0.43388373911755823,-0.900968867902419,1.0,6.123233995736766e-17,0.9778483415056568,0.20931464596304847,1999.6,0.39999999999999997,0.17800488102501524,1.3902439024390243,48,152.0,139.0,147.0,138.0,145.71428571428572,141.07142857142858,141.2,22.43296893498681,152.0,139.0,3999.2,-999.7999999999997,207.0,-36.0,1.0
2025-03-21,B08N5WRWNW,Noise ColorFit Smartwatch,4999.0,2499.5,50,3.9,13953,12871,1371,0,0,117,117,1,169,2025,3,21,4,12,80,1,-0.433883739117558,-0.9009688679024191,1.0,6.123233995736766e-17,0.9813064702716093,0.19245158197082998,2499.5,0.5,0.1065185300287468,0.6923076923076923,-52,123.0,142.0,121.0,173.0,143.42857142857142,139.35714285714286,140.7,23.992062179375825,123.0,142.0,2999.4,-499.9000000000001,171.0,-54.0,1.0
2025-03-22,B08N5WRWNW,Noise ColorFit Smartwatch,4999.0,2999.4,40,4.2,16763,6415,709,0,1,92,92,1,136,2025,3,22,5,12,81,1,-0.9749279121818236,-0.2225209339563146,1.0,6.123233995736766e-17,0.9844738167520922,0.1755314904214282,1999.6,0.39999999999999997,0.11052221356196415,0.6764705882352942,-44,169.0,125.0,135.0,111.0,147.28571428571428,142.78571428571428,140.56666666666666,25.824499257579998,117.0,125.0,2499.5,499.9000000000001,117.0,-25.0,1.0
2025-03-26,B08N5WRWNW,Noise ColorFit Smartwatch,4999.0,2499.5,50,3.8,7669,10227,1237,0,0,178,156,0,156,2025,3,26,2,13,85,1,0.9749279121818236,-0.22252093395631434,1.0,6.123233995736766e-17,0.994217906893952,0.10738134666416309,2499.5,0.5,0.12095433656008604,1.141025641025641,22,136.0,136.0,123.0,176.0,148.85714285714286,142.85714285714286,141.4,24.54539041197304,92.0,136.0,2999.4,-499.9000000000001,92.0,86.0,1.0
2025-04-03,B08N5WRWNW,Noise ColorFit Smartwatch,4999.0,3999.2,20,3.9,13997,7813,555,0,0,81,81,1,105,2025,4,3,3,14,93,2,0.43388373911755823,-0.900968867902419,0.8660254037844387,-0.4999999999999998,0.9995462806873573,-0.030120304846908114,999.8000000000002,0.20000000000000004,0.07103545373096122,0.7714285714285715,-24,156.0,133.0,189.0,114.0,151.71428571428572,145.21428571428572,140.73333333333332,23.95630943832437,156.0,133.0,2499.5,1499.6999999999998,178.0,-97.0,1.0
2025-04-06,B08N5WRWNW,Noise ColorFit Smartwatch,4999.0,3499.3,30,4.1,16674,15537,1856,0,1,207,189,0,189,2025,4,6,6,14,96,2,-0.7818314824680299,0.6234898018587334,0.8660254037844387,-0.4999999999999998,0.9966589017541702,-0.08167639533042241,1499.6999999999998,0.3,0.11945678058827315,1.0952380952380953,18,105.0,193.0,95.0,152.0,147.71428571428572,139.21428571428572,140.43333333333334,29.335497755644376,81.0,193.0,3999.2,-499.89999999999964,81.0,126.0,1.0
2025-05-20,B08N5WRWNW,Noise ColorFit Smartwatch,4999.0,2999.4,40,4.3,7665,15614,1776,0,0,226,196,0,196,2025,5,20,1,21,140,2,0.7818314824680298,0.6234898018587336,0.49999999999999994,-0.8660254037844387,0.6680638642135335,-0.7441039398713607,1999.6,0.39999999999999997,0.11374407582938388,1.153061224489796,30,189.0,152.0,145.0,158.0,147.14285714285714,145.92857142857142,141.66666666666666,28.32801070453374,189.0,152.0,3499.3,-499.9000000000001,207.0,19.0,1.0
2025-05-22,B08N5WRWNW,Noise ColorFit Smartwatch,4999.0,2999.4,40,4.4,16453,10759,1222,0,0,204,153,0,153,2025,5,22,3,21,142,2,0.43388373911755823,-0.900968867902419,0.49999999999999994,-0.8660254037844387,0.6420547132365637,-0.766658819300159,1999.6,0.39999999999999997,0.11357932893391579,1.3333333333333333,51,196.0,123.0,139.0,161.0,153.42857142857142,149.57142857142858,142.93333333333334,33.915862281323484,196.0,123.0,2999.4,0.0,226.0,-22.0,1.0
2025-05-29,B08N5WRWNW,Noise ColorFit Smartwatch,4999.0,2999.4,40,4.4,11746,5984,663,0,0,78,78,1,143,2025,5,29,3,22,149,2,0.43388373911755823,-0.900968867902419,0.49999999999999994,-0.8660254037844387,0.545240438540651,-0.8382797052177744,1999.6,0.39999999999999997,0.11079545454545454,0.5454545454545454,-65,153.0,169.0,142.0,128.0,157.71428571428572,150.57142857142858,142.66666666666666,31.218126602527175,153.0,117.0,2999.4,0.0,204.0,-126.0,1.0
2025-05-30,B08N5WRWNW,Noise ColorFit Smartwatch,4999.0,3999.2,20,4.2,12181,11802,1731,0,0,167,135,0,135,2025,5,30,4,22,150,2,-0.433883739117558,-0.9009688679024191,0.49999999999999994,-0.8660254037844387,0.5307300481619334,-0.8475409228928311,999.8000000000002,0.20000000000000004,0.14667005592272497,1.237037037037037,32,143.0,136.0,125.0,129.0,154.0,150.64285714285714,143.16666666666666,31.198290551460026,78.0,92.0,2999.4,999.7999999999997,78.0,89.0,1.0
2025-06-04,B08N5WRWNW,Noise ColorFit Smartwatch,4999.0,2999.4,40,4.2,10411,7960,1209,0,0,274,144,0,144,2025,6,4,2,23,155,2,0.9749279121818236,-0.22252093395631434,1.2246467991473532e-16,-1.0,0.4559066935084588,-0.8900275764346767,1999.6,0.39999999999999997,0.15188442211055275,1.9027777777777777,130,135.0,156.0,136.0,128.0,153.85714285714286,151.35714285714286,143.36666666666667,31.29658432602793,135.0,156.0,3999.2,-999.7999999999997,167.0,107.0,1.0
2025-06-06,B08N5WRWNW,Noise ColorFit Smartwatch,4999.0,2499.5,50,4.3,11010,9476,1653,0,0,187,165,0,165,2025,6,6,4,23,157,2,-0.433883739117558,-0.9009688679024191,1.2246467991473532e-16,-1.0,0.42500033996955416,-0.9051931898913974,2499.5,0.5,0.1744406922752216,1.1333333333333333,22,144.0,105.0,133.0,160.0,152.14285714285714,151.92857142857142,143.9,31.487714913536948,144.0,81.0,2999.4,-499.9000000000001,274.0,-87.0,1.0
2025-06-13,B08N5WRWNW,Noise ColorFit Smartwatch,4999.0,3999.2,20,4.1,14203,9594,1679,0,0,157,119,0,119,2025,6,13,4,24,164,2,-0.433883739117558,-0.9009688679024191,1.2246467991473532e-16,-1.0,0.3131070409358269,-0.9497178427914316,999.8000000000002,0.20000000000000004,0.17500521159057744,1.319327731092437,38,165.0,189.0,193.0,123.0,160.71428571428572,154.21428571428572,144.06666666666666,23.725614046948245,165.0,189.0,2499.5,1499.6999999999998,187.0,-30.0,1.0
2025-06-14,B08N5WRWNW,Noise ColorFit Smartwatch,4999.0,3999.2,20,4.5,12176,7729,1412,0,1,129,110,0,110,2025,6,14,5,24,165,2,-0.9749279121818236,-0.2225209339563146,1.2246467991473532e-16,-1.0,0.29671281927349075,-0.9549667548552551,999.8000000000002,0.20000000000000004,0.18268857549488937,1.1727272727272726,19,119.0,196.0,152.0,134.0,150.71428571428572,148.92857142857142,143.93333333333334,24.554119041512134,119.0,196.0,3999.2,0.0,157.0,-28.0,1.0
2025-06-20,B08N5WRWNW,Noise ColorFit Smartwatch,4999.0,3999.2,20,3.9,10576,11408,1798,0,0,139,126,0,126,2025,6,20,4,25,171,2,-0.433883739117558,-0.9009688679024191,1.2246467991473532e-16,-1.0,0.19667288979357647,-0.980469160361632,999.8000000000002,0.20000000000000004,0.15760869565217392,1.1031746031746033,13,110.0,153.0,123.0,112.0,138.42857142857142,145.92857142857142,143.13333333333333,19.007517309888275,110.0,153.0,3999.2,0.0,129.0,10.0,1.0
2025-06-23,B08N5WRWNW,Noise ColorFit Smartwatch,4999.0,3999.2,20,4.4,15635,9842,1526,0,0,243,134,0,134,2025,6,23,0,26,174,2,0.0,1.0,1.2246467991473532e-16,-1.0,0.1457991969198751,-0.9893142039703663,999.8000000000002,0.20000000000000004,0.155049786628734,1.8134328358208955,109,126.0,143.0,169.0,164.0,134.57142857142858,146.14285714285714,143.6,18.28348200660101,126.0,78.0,3999.2,0.0,139.0,104.0,1.0
2025-07-01,B08N5WRWNW,Noise ColorFit Smartwatch,4999.0,2999.4,40,3.8,13888,5010,512,0,0,156,115,0,115,2025,7,1,1,27,182,3,0.7818314824680298,0.6234898018587336,-0.4999999999999997,-0.8660254037844388,0.008606996888688698,-0.9999629591162655,1999.6,0.39999999999999997,0.10219560878243512,1.3565217391304347,41,134.0,135.0,136.0,147.0,133.28571428571428,143.64285714285714,142.6,17.904508610163454,134.0,135.0,3999.2,-999.7999999999997,243.0,-87.0,1.0
2025-07-04,B08N5WRWNW,Noise ColorFit Smartwatch,4999.0,2499.5,50,3.9,11668,9396,1036,0,0,88,88,1,156,2025,7,4,4,27,185,3,-0.433883739117558,-0.9009688679024191,-0.4999999999999997,-0.8660254037844388,-0.04302223300453034,-0.99907411510223,2499.5,0.5,0.11025968497232864,0.5641025641025641,-68,115.0,144.0,156.0,121.0,130.42857142857142,142.14285714285714,141.53333333333333,19.138592275444484,115.0,144.0,2999.4,-499.9000000000001,156.0,-68.0,1.0
2025-07-13,B08N5WRWNW,Noise ColorFit Smartwatch,4999.0,3999.2,20,4.0,17122,14066,1581,0,1,231,148,0,148,2025,7,13,6,28,194,3,-0.7818314824680299,0.6234898018587334,-0.4999999999999997,-0.8660254037844388,-0.19667288979357622,-0.9804691603616321,999.8000000000002,0.20000000000000004,0.1123986918811318,1.5608108108108107,83,156.0,165.0,105.0,135.0,132.14285714285714,142.14285714285714,142.7,21.00340108513014,88.0,165.0,2499.5,1499.6999999999998,88.0,143.0,1.0
2025-07-15,B08N5WRWNW,Noise ColorFit Smartwatch,4999.0,2999.4,40,3.9,7886,7411,816,0,0,223,126,0,126,2025,7,15,1,29,196,3,0.7818314824680298,0.6234898018587336,-0.4999999999999997,-0.8660254037844388,-0.23030567023061196,-0.973118337233262,1999.6,0.39999999999999997,0.11010659829982458,1.7698412698412698,97,148.0,119.0,189.0,123.0,129.71428571428572,145.21428571428572,143.13333333333333,17.211568645480405,148.0,119.0,3999.2,-999.7999999999997,231.0,-8.0,1.0
2025-07-17,B08N5WRWNW,Noise ColorFit Smartwatch,4999.0,2499.5,50,3.9,13742,9325,1404,0,0,170,153,0,153,2025,7,17,3,29,198,3,0.43388373911755823,-0.900968867902419,-0.4999999999999997,-0.8660254037844388,-0.2636654927280072,-0.9646141756912435,2499.5,0.5,0.15056300268096515,1.1111111111111112,17,126.0,110.0,196.0,189.0,130.71428571428572,140.71428571428572,143.23333333333332,16.68047047412285,126.0,110.0,2999.4,-499.9000000000001,223.0,-53.0,1.0
2025-07-23,B08N5WRWNW,Noise ColorFit Smartwatch,4999.0,3999.2,20,4.5,10854,7304,622,0,0,48,48,1,95,2025,7,23,2,30,204,3,0.9749279121818236,-0.22252093395631434,-0.4999999999999997,-0.8660254037844388,-0.3617137307297674,-0.9322892131745134,999.8000000000002,0.20000000000000004,0.08515881708652794,0.5052631578947369,-47,153.0,126.0,153.0,95.0,136.85714285714286,137.64285714285714,142.03333333333333,15.66767980513319,153.0,126.0,2499.5,1499.6999999999998,170.0,-122.0,1.0
2025-07-27,B08N5WRWNW,Noise ColorFit Smartwatch,4999.0,3999.2,20,4.0,8109,5134,505,0,1,62,62,1,100,2025,7,27,6,30,208,3,-0.7818314824680299,0.6234898018587334,-0.4999999999999997,-0.8660254037844388,-0.42500033996955394,-0.9051931898913975,999.8000000000002,0.20000000000000004,0.0983638488507986,0.62,-38,95.0,134.0,143.0,145.0,132.42857142857142,133.5,142.03333333333333,22.247525277036313,48.0,134.0,3999.2,0.0,48.0,14.0,1.0
2025-07-29,B08N5WRWNW,Noise ColorFit Smartwatch,4999.0,3499.3,30,3.9,10901,15030,1852,0,0,361,185,0,185,2025,7,29,1,31,210,3,0.7818314824680298,0.6234898018587336,-0.4999999999999997,-0.8660254037844388,-0.455906693508459,-0.8900275764346766,1499.6999999999998,0.3,0.12322022621423818,1.9513513513513514,176,100.0,115.0,135.0,139.0,127.57142857142857,130.42857142857142,140.53333333333333,25.343356413184576,62.0,115.0,3999.2,-499.89999999999964,62.0,299.0,1.0
2025-07-30,B08N5WRWNW,Noise ColorFit Smartwatch,4999.0,2999.4,40,4.5,9564,9840,1331,0,0,188,150,0,150,2025,7,30,2,31,211,3,0.9749279121818236,-0.22252093395631434,-0.4999999999999997,-0.8660254037844388,-0.47115950767386394,-0.8820480249558535,1999.6,0.39999999999999997,0.1352642276422764,1.2533333333333334,38,185.0,156.0,144.0,142.0,137.57142857142858,134.0,142.06666666666666,32.38753434505889,185.0,88.0,3499.3,-499.9000000000001,361.0,-173.0,1.0
2025-08-03,B08N5WRWNW,Noise ColorFit Smartwatch,4999.0,3499.3,30,4.1,12372,7780,1303,0,1,232,127,0,127,2025,8,3,6,31,215,3,-0.7818314824680299,0.6234898018587334,-0.8660254037844385,-0.5000000000000004,-0.5307300481619331,-0.8475409228928312,1499.6999999999998,0.3,0.16748071979434448,1.8267716535433072,105,150.0,148.0,165.0,125.0,136.71428571428572,134.42857142857142,142.33333333333334,31.8941702390591,150.0,148.0,2999.4,499.9000000000001,188.0,44.0,1.0
2025-08-04,B08N5WRWNW,Noise ColorFit Smartwatch,4999.0,2999.4,40,4.0,14041,15334,1920,0,0,147,147,1,178,2025,8,4,0,32,216,3,0.0,1.0,-0.8660254037844385,-0.5000000000000004,-0.5452404385406507,-0.8382797052177745,1999.6,0.39999999999999997,0.12521194730663884,0.8258426966292135,-31,127.0,126.0,119.0,136.0,133.71428571428572,131.71428571428572,142.4,31.642346550755107,127.0,126.0,3499.3,-499.9000000000001,232.0,-85.0,1.0
2025-08-18,B08N5WRWNW,Noise ColorFit Smartwatch,4999.0,3499.3,30,4.0,11752,16191,1985,0,0,267,185,0,185,2025,8,18,0,34,230,3,0.0,1.0,-0.8660254037844385,-0.5000000000000004,-0.7295575540864876,-0.6839194216246105,1499.6999999999998,0.3,0.12259897473905255,1.4432432432432432,82,178.0,153.0,110.0,133.0,141.14285714285714,135.92857142857142,143.8,35.40917287666448,147.0,153.0,2999.4,499.9000000000001,147.0,120.0,1.0
2025-08-21,B08N5WRWNW,Noise ColorFit Smartwatch,4999.0,3999.2,20,3.8,10871,10107,1613,0,0,275,145,0,145,2025,8,21,3,34,233,3,0.43388373911755823,-0.900968867902419,-0.8660254037844385,-0.5000000000000004,-0.7638886127905429,-0.64534811322955,999.8000000000002,0.20000000000000004,0.1595923617294944,1.896551724137931,130,185.0,95.0,126.0,193.0,145.71428571428572,141.28571428571428,145.53333333333333,39.0713632801751,185.0,48.0,3499.3,499.89999999999964,267.0,8.0,1.0
2025-08-24,B08N5WRWNW,Noise ColorFit Smartwatch,4999.0,3499.3,30,4.3,10074,6827,790,0,1,88,88,1,121,2025,8,24,6,34,236,3,-0.7818314824680299,0.6234898018587334,-0.8660254037844385,-0.5000000000000004,-0.7961828637826154,-0.6050560696488494,1499.6999999999998,0.3,0.11571700600556613,0.7272727272727273,-33,145.0,100.0,134.0,152.0,152.85714285714286,142.64285714285714,143.93333333333334,32.2253966690276,145.0,62.0,3999.2,-499.89999999999964,275.0,-187.0,1.0
2025-09-12,B08N5WRWNW,Noise ColorFit Smartwatch,4999.0,3999.2,20,4.2,8499,10869,1533,0,0,258,139,0,139,2025,9,12,4,37,255,3,-0.433883739117558,-0.9009688679024191,-1.0,-1.8369701987210297e-16,-0.9483615800121716,-0.31719128858910595,999.8000000000002,0.20000000000000004,0.14104333425338117,1.856115107913669,119,121.0,185.0,115.0,123.0,155.85714285714286,141.71428571428572,142.9,27.04581650599912,88.0,185.0,3499.3,499.89999999999964,88.0,170.0,1.0
2025-09-16,B08N5WRWNW,Noise ColorFit Smartwatch,4999.0,3999.2,20,4.3,11376,9393,1189,0,0,177,135,0,135,2025,9,16,1,38,259,3,0.7818314824680298,0.6234898018587336,-1.0,-1.8369701987210297e-16,-0.9679377830240642,-0.25119006388481957,999.8000000000002,0.20000000000000004,0.12658362610454593,1.3111111111111111,42,139.0,150.0,156.0,169.0,149.28571428571428,143.42857142857142,143.43333333333334,24.226117351006685,139.0,150.0,3999.2,0.0,258.0,-81.0,1.0
2025-09-17,B08N5WRWNW,Noise ColorFit Smartwatch,4999.0,2999.4,40,4.4,14112,9697,994,0,0,181,140,0,140,2025,9,17,2,38,260,3,0.9749279121818236,-0.22252093395631434,-1.0,-1.8369701987210297e-16,-0.9721181966290612,-0.23449138957041052,1999.6,0.39999999999999997,0.10250592966896978,1.292857142857143,41,135.0,127.0,148.0,136.0,147.14285714285714,141.92857142857142,142.3,24.80879260415904,135.0,127.0,3999.2,-999.7999999999997,177.0,4.0,1.0
2025-09-23,B08N5WRWNW,Noise ColorFit Smartwatch,4999.0,2999.4,40,3.9,9856,27506,3671,1,0,270,270,1,353,2025,9,23,1,39,266,3,0.7818314824680298,0.6234898018587336,-1.0,-1.8369701987210297e-16,-0.9911140639934546,-0.13301470653419636,1999.6,0.39999999999999997,0.1334617901548753,0.7648725212464589,-83,140.0,178.0,126.0,156.0,149.0,141.35714285714286,142.43333333333334,23.501772982762787,140.0,147.0,2999.4,0.0,181.0,89.0,1.0
2025-10-08,B08N5WRWNW,Noise ColorFit Smartwatch,4999.0,1749.65,65,3.9,8559,27619,4503,1,0,382,382,1,391,2025,10,8,2,41,281,4,0.9749279121818236,-0.22252093395631434,-0.8660254037844386,0.5000000000000001,-0.9922222094179324,0.12447926388678869,3249.35,0.65,0.1630399362757522,0.9769820971867008,-9,353.0,185.0,153.0,105.0,174.0,157.57142857142858,149.0,81.3572369245661,270.0,185.0,2999.4,-1249.75,270.0,112.0,1.0
2025-10-19,B08N5WRWNW,Noise ColorFit Smartwatch,4999.0,3999.2,20,3.8,11103,8174,797,0,1,220,113,0,113,2025,10,19,6,42,292,4,-0.7818314824680299,0.6234898018587334,-0.8660254037844386,0.5000000000000001,-0.9510565162951536,0.30901699437494723,999.8000000000002,0.20000000000000004,0.09750428186934182,1.9469026548672566,107,391.0,145.0,95.0,189.0,203.42857142857142,174.57142857142858,158.53333333333333,115.91643130988386,382.0,145.0,1749.65,2249.5499999999997,382.0,-162.0,1.0
2025-10-20,B08N5WRWNW,Noise ColorFit Smartwatch,4999.0,3499.3,30,4.1,17516,6433,990,0,0,142,127,0,127,2025,10,20,0,43,293,4,0.0,1.0,-0.8660254037844386,0.5000000000000001,-0.9455963874271428,0.3253420847119795,1499.6999999999998,0.3,0.15389398414425617,1.1181102362204725,15,113.0,121.0,100.0,196.0,198.85714285714286,175.85714285714286,156.0,119.18952494721519,113.0,88.0,3999.2,-499.89999999999964,220.0,-78.0,1.0
2025-10-21,B08N5WRWNW,Noise ColorFit Smartwatch,4999.0,3999.2,20,4.2,8803,9837,1299,0,0,192,117,0,117,2025,10,21,1,43,294,4,0.7818314824680298,0.6234898018587336,-0.8660254037844386,0.5000000000000001,-0.9398560579418953,0.341570769167856,999.8000000000002,0.20000000000000004,0.1320524550167734,1.641025641025641,75,127.0,139.0,185.0,153.0,199.71428571428572,177.78571428571428,153.7,118.55619523488178,127.0,139.0,3499.3,499.89999999999964,142.0,50.0,1.0
2025-10-22,B08N5WRWNW,Noise ColorFit Smartwatch,4999.0,2999.4,40,3.8,16307,14873,1819,0,0,288,165,0,165,2025,10,22,2,43,295,4,0.9749279121818236,-0.22252093395631434,-0.8660254037844386,0.5000000000000001,-0.9338372288229252,0.35769823883312546,1999.6,0.39999999999999997,0.1223021582733813,1.7454545454545454,123,117.0,135.0,150.0,143.0,196.57142857142858,172.92857142857142,152.5,120.70605776410876,117.0,135.0,3999.2,-999.7999999999997,192.0,96.0,1.0
2025-10-26,B08N5WRWNW,Noise ColorFit Smartwatch,4999.0,3999.2,20,4.3,11117,8274,832,0,1,144,105,0,105,2025,10,26,6,43,299,4,-0.7818314824680299,0.6234898018587334,-0.8660254037844386,0.5000000000000001,-0.9070138128026362,0.42110087079608916,999.8000000000002,0.20000000000000004,0.10055595842397873,1.3714285714285714,39,165.0,140.0,127.0,135.0,200.85714285714286,174.0,153.23333333333332,118.6710138315566,165.0,140.0,2999.4,999.7999999999997,288.0,-144.0,1.0
2025-11-10,B08N5WRWNW,Noise ColorFit Smartwatch,4999.0,1749.65,65,4.0,12719,27355,5092,1,0,221,221,1,387,2025,11,10,0,46,314,4,0.0,1.0,-0.5000000000000004,0.8660254037844384,-0.7694148268839381,0.6387494220515268,3249.35,0.65,0.1861451288612685,0.5710594315245479,-166,105.0,353.0,178.0,144.0,195.85714285714286,172.42857142857142,152.23333333333332,122.34299948836265,105.0,270.0,3999.2,-2249.5499999999997,144.0,77.0,1.0
2025-11-17,B08N5WRWNW,Noise ColorFit Smartwatch,4999.0,2999.4,40,3.8,12567,9501,1610,0,0,171,149,0,149,2025,11,17,0,47,321,4,0.0,1.0,-0.5000000000000004,0.8660254037844384,-0.6870527672236675,0.7266075247685652,1999.6,0.39999999999999997,0.16945584675297337,1.1476510067114094,22,387.0,391.0,185.0,165.0,200.71428571428572,187.35714285714286,160.33333333333334,130.05346885763848,221.0,382.0,1749.65,1249.75,221.0,-50.0,1.0
2025-12-14,B08N5WRWNW,Noise ColorFit Smartwatch,4999.0,3499.3,30,4.1,10930,7897,852,0,1,204,133,0,133,2025,12,14,6,50,348,4,-0.7818314824680299,0.6234898018587334,-2.4492935982947064e-16,1.0,-0.2884824328806098,0.9574851883550389,1499.6999999999998,0.3,0.1078890717994175,1.5338345864661653,71,149.0,113.0,145.0,119.0,166.14285714285714,184.78571428571428,159.8,99.65177464790168,149.0,113.0,2999.4,499.9000000000001,171.0,33.0,1.0
2025-12-19,B08N5WRWNW,Noise ColorFit Smartwatch,4999.0,3499.3,30,4.1,10127,7048,810,0,0,122,120,0,120,2025,12,19,4,51,353,4,-0.433883739117558,-0.9009688679024191,-2.4492935982947064e-16,1.0,-0.20510449986861926,0.9787400799669153,1499.6999999999998,0.3,0.11492622020431328,1.0166666666666666,2,133.0,127.0,121.0,110.0,169.0,183.92857142857142,160.26666666666668,98.14954576223631,133.0,127.0,3499.3,0.0,204.0,-82.0,1.0
2025-12-22,B08N5WRWNW,Noise ColorFit Smartwatch,4999.0,2999.4,40,4.1,17033,11000,1483,0,0,130,130,1,167,2025,12,22,0,52,356,4,0.0,1.0,-2.4492935982947064e-16,1.0,-0.154308820664281,0.9880226656636976,1999.6,0.39999999999999997,0.1348181818181818,0.7784431137724551,-37,120.0,117.0,139.0,126.0,168.0,183.85714285714286,160.6,98.68299414455015,120.0,117.0,3499.3,-499.9000000000001,122.0,8.0,1.0
2023-01-01,B09V4D4N5T,Samsung Galaxy M13 Smartphone,13999.0,6999.5,50,4.3,10734,4104,621,0,1,160,114,0,114,2023,1,1,6,52,1,1,-0.7818314824680299,0.6234898018587334,0.49999999999999994,0.8660254037844387,0.017213356155834685,0.9998518392091162,6999.5,0.5,0.1513157894736842,1.4035087719298245,46,0.0,0.0,0.0,0.0,0.0,0.0,0.0,0.0,0.0,0.0,0.0,0.0,0.0,0.0,1.0
2023-01-03,B09V4D4N5T,Samsung Galaxy M13 Smartphone,13999.0,9799.3,30,3.8,13672,11272,1582,0,0,256,135,0,135,2023,1,3,1,1,3,1,0.7818314824680298,0.6234898018587336,0.49999999999999994,0.8660254037844387,0.051619667223253764,0.998666816288476,4199.700000000001,0.30000000000000004,0.14034776437189497,1.8962962962962964,121,114.0,0.0,0.0,0.0,0.0,0.0,0.0,0.0,114.0,0.0,6999.5,2799.7999999999993,160.0,96.0,1.0
2023-01-15,B09V4D4N5T,Samsung Galaxy M13 Smartphone,13999.0,6999.5,50,4.4,7735,12929,1295,0,1,223,192,0,192,2023,1,15,6,2,15,1,-0.7818314824680299,0.6234898018587334,0.49999999999999994,0.8660254037844387,0.255353295116187,0.9668478136052775,6999.5,0.5,0.10016242555495398,1.1614583333333333,31,135.0,0.0,0.0,0.0,0.0,0.0,0.0,0.0,135.0,0.0,9799.3,-2799.7999999999993,256.0,-33.0,1.0
2023-01-19,B09V4D4N5T,Samsung Galaxy M13 Smartphone,13999.0,11199.2,20,4.1,12334,9124,1451,0,0,146,121,0,121,2023,1,19,3,3,19,1,0.43388373911755823,-0.900968867902419,0.49999999999999994,0.8660254037844387,0.3212696616923644,0.9469877530760753,2799.7999999999993,0.19999999999999996,0.1590311266988163,1.2066115702479339,25,192.0,0.0,0.0,0.0,0.0,0.0,0.0,0.0,192.0,0.0,6999.5,4199.700000000001,223.0,-77.0,1.0
2023-01-21,B09V4D4N5T,Samsung Galaxy M13 Smartphone,13999.0,11199.2,20,4.1,14018,7977,793,0,1,200,114,0,114,2023,1,21,5,3,21,1,-0.9749279121818236,-0.2225209339563146,0.49999999999999994,0.8660254037844387,0.3536761221763716,0.9353679493131483,2799.7999999999993,0.19999999999999996,0.0994108060674439,1.7543859649122806,86,121.0,0.0,0.0,0.0,0.0,0.0,0.0,0.0,121.0,0.0,11199.2,0.0,146.0,54.0,1.0
2023-01-23,B09V4D4N5T,Samsung Galaxy M13 Smartphone,13999.0,11199.2,20,4.2,13404,12761,1671,0,0,109,109,1,143,2023,1,23,0,4,23,1,0.0,1.0,0.49999999999999994,0.8660254037844387,0.38566340624360707,0.9226395488404876,2799.7999999999993,0.19999999999999996,0.13094585063866468,0.7622377622377622,-34,114.0,0.0,0.0,0.0,0.0,0.0,0.0,0.0,114.0,0.0,11199.2,0.0,200.0,-91.0,1.0
2023-01-27,B09V4D4N5T,Samsung Galaxy M13 Smartphone,13999.0,8399.4,40,4.3,6726,17932,1943,0,0,191,186,0,186,2023,1,27,4,4,27,1,-0.433883739117558,-0.9009688679024191,0.49999999999999994,0.8660254037844387,0.4482293417404106,0.893918596519257,5599.6,0.4,0.10835378095025652,1.0268817204301075,5,143.0,0.0,0.0,0.0,0.0,0.0,0.0,0.0,109.0,0.0,11199.2,-2799.800000000001,109.0,82.0,1.0
2023-01-29,B09V4D4N5T,Samsung Galaxy M13 Smartphone,13999.0,8399.4,40,4.0,14576,11123,1315,0,1,208,163,0,163,2023,1,29,6,4,29,1,-0.7818314824680299,0.6234898018587334,0.49999999999999994,0.8660254037844387,0.47873384011578846,0.8779600847008882,5599.6,0.4,0.11822350085408613,1.2760736196319018,45,186.0,114.0,0.0,0.0,143.57142857142858,0.0,0.0,32.85755693320864,186.0,114.0,8399.4,0.0,191.0,17.0,1.0
2023-02-01,B09V4D4N5T,Samsung Galaxy M13 Smartphone,13999.0,11199.2,20,4.3,13301,15086,1695,0,0,126,126,1,163,2023,2,1,2,5,32,1,0.9749279121818236,-0.22252093395631434,0.8660254037844386,0.5000000000000001,0.5234156073655503,0.8520775211013093,2799.7999999999993,0.19999999999999996,0.1123558265941933,0.7730061349693251,-37,163.0,135.0,0.0,0.0,150.57142857142858,0.0,0.0,30.653206155621753,163.0,135.0,8399.4,2799.800000000001,208.0,-82.0,1.0
2023-02-08,B09V4D4N5T,Samsung Galaxy M13 Smartphone,13999.0,11199.2,20,4.0,7605,10314,1112,0,0,183,137,0,137,2023,2,8,2,6,39,1,0.9749279121818236,-0.22252093395631434,0.8660254037844386,0.5000000000000001,0.6220467484408675,0.7829801036770629,2799.7999999999993,0.19999999999999996,0.10781462090362615,1.3357664233576643,46,163.0,192.0,0.0,0.0,154.57142857142858,0.0,0.0,30.104579623135642,126.0,192.0,11199.2,0.0,126.0,57.0,1.0
2023-02-17,B09V4D4N5T,Samsung Galaxy M13 Smartphone,13999.0,11199.2,20,4.5,9054,10627,1566,0,0,71,71,1,120,2023,2,17,4,7,48,1,-0.433883739117558,-0.9009688679024191,0.8660254037844386,0.5000000000000001,0.7354170229639855,0.6776147890466889,2799.7999999999993,0.19999999999999996,0.1473604968476522,0.5916666666666667,-49,137.0,121.0,0.0,0.0,146.71428571428572,0.0,0.0,25.53895250863071,137.0,121.0,11199.2,0.0,183.0,-112.0,1.0
2023-02-19,B09V4D4N5T,Samsung Galaxy M13 Smartphone,13999.0,9799.3,30,4.0,5559,16131,1899,0,1,332,168,0,168,2023,2,19,6,7,50,1,-0.7818314824680299,0.6234898018587334,0.8660254037844386,0.5000000000000001,0.7583058084785624,0.6518989958787126,4199.700000000001,0.30000000000000004,0.11772363771619862,1.9761904761904763,164,120.0,114.0,0.0,0.0,146.57142857142858,0.0,0.0,25.70899416454056,71.0,114.0,11199.2,-1399.9000000000015,71.0,261.0,1.0
2023-02-20,B09V4D4N5T,Samsung Galaxy M13 Smartphone,13999.0,11199.2,20,4.3,7936,10472,1622,0,0,218,136,0,136,2023,2,20,0,8,51,1,0.0,1.0,0.8660254037844386,0.5000000000000001,0.7694148268839378,0.6387494220515272,2799.7999999999993,0.19999999999999996,0.1548892284186402,1.6029411764705883,82,168.0,143.0,0.0,0.0,154.28571428571428,0.0,0.0,22.1638916988442,168.0,109.0,9799.3,1399.9000000000015,332.0,-114.0,1.0
2023-02-22,B09V4D4N5T,Samsung Galaxy M13 Smartphone,13999.0,8399.4,40,4.0,5854,9363,1542,0,0,296,149,0,149,2023,2,22,2,8,53,1,0.9749279121818236,-0.22252093395631434,0.8660254037844386,0.5000000000000001,0.7909456567567772,0.6118864012687243,5599.6,0.4,0.16469080422941365,1.9865771812080537,147,136.0,186.0,0.0,0.0,153.28571428571428,0.0,0.0,22.903524370092654,136.0,186.0,11199.2,-2799.800000000001,218.0,78.0,1.0
2023-02-23,B09V4D4N5T,Samsung Galaxy M13 Smartphone,13999.0,9799.3,30,4.2,10139,11864,1592,0,0,254,150,0,150,2023,2,23,3,8,54,1,0.43388373911755823,-0.900968867902419,0.8660254037844386,0.5000000000000001,0.8013610881746766,0.5981809144059165,4199.700000000001,0.30000000000000004,0.1341874578556979,1.6933333333333334,104,149.0,163.0,114.0,0.0,148.0,145.78571428571428,0.0,17.79513042005217,149.0,163.0,8399.4,1399.8999999999996,296.0,-42.0,1.0
2023-03-02,B09V4D4N5T,Samsung Galaxy M13 Smartphone,13999.0,8399.4,40,4.4,8252,6283,886,0,0,216,128,0,128,2023,3,2,3,9,61,1,0.43388373911755823,-0.900968867902419,1.0,6.123233995736766e-17,0.8674563547295969,0.49751328890718066,5599.6,0.4,0.14101543848480025,1.6875,88,150.0,163.0,135.0,0.0,146.14285714285714,148.35714285714286,0.0,16.60751407675222,150.0,126.0,9799.3,-1399.8999999999996,254.0,-38.0,1.0
2023-03-06,B09V4D4N5T,Samsung Galaxy M13 Smartphone,13999.0,11199.2,20,4.0,14529,15833,1871,0,0,303,169,0,169,2023,3,6,0,10,65,1,0.0,1.0,1.0,6.123233995736766e-17,0.8996308696522433,0.43665123195606403,2799.7999999999993,0.19999999999999996,0.11817090886123918,1.7928994082840237,134,128.0,137.0,192.0,0.0,141.14285714285714,147.85714285714286,0.0,15.941858647687729,128.0,137.0,8399.4,2799.800000000001,216.0,87.0,1.0
2023-03-24,B09V4D4N5T,Samsung Galaxy M13 Smartphone,13999.0,11199.2,20,4.1,12128,9289,1538,0,0,76,76,1,121,2023,3,24,4,12,83,1,-0.433883739117558,-0.9009688679024191,1.0,6.123233995736766e-17,0.989932495087353,0.141540295217043,2799.7999999999993,0.19999999999999996,0.1655721821509312,0.628099173553719,-45,169.0,120.0,121.0,0.0,145.71428571428572,146.21428571428572,0.0,18.874270720695268,169.0,71.0,11199.2,0.0,303.0,-227.0,1.0
2023-03-29,B09V4D4N5T,Samsung Galaxy M13 Smartphone,13999.0,11199.2,20,4.5,7812,10537,1446,0,0,149,142,0,142,2023,3,29,2,13,88,1,0.9749279121818236,-0.22252093395631434,1.0,6.123233995736766e-17,0.9984354211555643,0.055916990100603484,2799.7999999999993,0.19999999999999996,0.13723071082850907,1.0492957746478873,7,121.0,168.0,114.0,0.0,145.85714285714286,146.21428571428572,0.0,18.64965210961114,76.0,168.0,11199.2,0.0,76.0,73.0,1.0
2023-04-17,B09V4D4N5T,Samsung Galaxy M13 Smartphone,13999.0,9799.3,30,4.4,13895,12825,1733,0,0,180,147,0,147,2023,4,17,0,16,107,2,0.0,1.0,0.8660254037844387,-0.4999999999999998,0.9634705485641488,-0.2678143051621742,4199.700000000001,0.30000000000000004,0.13512670565302146,1.2244897959183674,33,142.0,136.0,143.0,0.0,142.14285714285714,148.21428571428572,0.0,15.88949937777114,142.0,136.0,11199.2,-1399.9000000000015,149.0,31.0,1.0
2023-05-07,B09V4D4N5T,Samsung Galaxy M13 Smartphone,13999.0,11199.2,20,4.4,12479,7104,864,0,1,94,94,1,110,2023,5,7,6,18,127,2,-0.7818314824680299,0.6234898018587334,0.49999999999999994,-0.8660254037844387,0.8165380514459161,-0.5772916165517272,2799.7999999999993,0.19999999999999996,0.12162162162162163,0.8545454545454545,-16,147.0,149.0,186.0,0.0,143.71428571428572,148.5,0.0,15.723806639554379,147.0,149.0,9799.3,1399.9000000000015,180.0,-86.0,1.0
2023-05-18,B09V4D4N5T,Samsung Galaxy M13 Smartphone,13999.0,9799.3,30,4.4,14865,7443,876,0,0,162,121,0,121,2023,5,18,3,20,138,2,0.43388373911755823,-0.900968867902419,0.49999999999999994,-0.8660254037844387,0.6932812268869777,-0.7206671495538609,4199.700000000001,0.30000000000000004,0.11769447803305119,1.3388429752066116,41,110.0,150.0,163.0,0.0,138.14285714285714,143.07142857142858,0.0,19.894962272131167,94.0,150.0,11199.2,-1399.9000000000015,94.0,68.0,1.0
2023-05-19,B09V4D4N5T,Samsung Galaxy M13 Smartphone,13999.0,8399.4,40,4.0,7464,14625,1952,0,0,242,181,0,181,2023,5,19,4,20,139,2,-0.433883739117558,-0.9009688679024191,0.49999999999999994,-0.8660254037844387,0.6807734094770161,-0.7324940716135789,5599.6,0.4,0.13347008547008546,1.3370165745856353,61,121.0,128.0,163.0,0.0,134.0,140.07142857142858,0.0,20.033305601755583,121.0,128.0,9799.3,-1399.8999999999996,162.0,80.0,1.0
2023-05-27,B09V4D4N5T,Samsung Galaxy M13 Smartphone,13999.0,11199.2,20,4.0,9410,10776,1699,0,1,134,134,1,137,2023,5,27,5,21,147,2,-0.9749279121818236,-0.2225209339563146,0.49999999999999994,-0.8660254037844387,0.5737722679043246,-0.8190148866680801,2799.7999999999993,0.19999999999999996,0.15766518188567186,0.9781021897810219,-3,181.0,169.0,137.0,0.0,141.57142857142858,141.35714285714286,0.0,26.39354177860649,181.0,169.0,8399.4,2799.800000000001,242.0,-108.0,1.0
2023-05-29,B09V4D4N5T,Samsung Galaxy M13 Smartphone,13999.0,8399.4,40,4.4,7148,12750,1280,0,0,213,163,0,163,2023,5,29,0,22,149,2,0.0,1.0,0.49999999999999994,-0.8660254037844387,0.545240438540651,-0.8382797052177744,5599.6,0.4,0.1003921568627451,1.3067484662576687,50,137.0,121.0,120.0,0.0,137.0,141.35714285714286,0.0,23.459184413217177,134.0,76.0,11199.2,-2799.800000000001,134.0,79.0,1.0
2023-06-03,B09V4D4N5T,Samsung Galaxy M13 Smartphone,13999.0,11199.2,20,4.3,12950,9104,1230,0,1,208,118,0,118,2023,6,3,5,22,154,2,-0.9749279121818236,-0.2225209339563146,1.2246467991473532e-16,-1.0,0.4711595076738638,-0.8820480249558537,2799.7999999999993,0.19999999999999996,0.1351054481546573,1.7627118644067796,90,163.0,142.0,168.0,0.0,143.0,144.42857142857142,0.0,24.04856198057032,163.0,142.0,8399.4,2799.800000000001,213.0,-5.0,1.0
2023-06-07,B09V4D4N5T,Samsung Galaxy M13 Smartphone,13999.0,8399.4,40,4.3,8626,11566,1545,0,0,161,161,1,163,2023,6,7,2,23,158,2,0.9749279121818236,-0.22252093395631434,1.2246467991473532e-16,-1.0,0.4093559588156213,-0.9123747579707273,5599.6,0.4,0.1335811862355179,0.9877300613496932,-2,118.0,147.0,136.0,0.0,139.57142857142858,140.85714285714286,0.0,25.857669029111,118.0,147.0,11199.2,-2799.800000000001,208.0,-47.0,1.0
2023-06-08,B09V4D4N5T,Samsung Galaxy M13 Smartphone,13999.0,11199.2,20,4.3,11920,12937,1368,0,0,72,72,1,144,2023,6,8,3,23,159,2,0.43388373911755823,-0.900968867902419,1.2246467991473532e-16,-1.0,0.39359027665646673,-0.9192859697186104,2799.7999999999993,0.19999999999999996,0.10574321712916442,0.5,-72,163.0,110.0,149.0,0.0,141.85714285714286,142.78571428571428,0.0,27.29119865102159,161.0,94.0,8399.4,2799.800000000001,161.0,-89.0,1.0
2023-06-10,B09V4D4N5T,Samsung Galaxy M13 Smartphone,13999.0,9799.3,30,4.1,9090,9893,1583,0,1,273,151,0,151,2023,6,10,5,23,161,2,-0.9749279121818236,-0.2225209339563146,1.2246467991473532e-16,-1.0,0.36171373072976765,-0.9322892131745133,4199.700000000001,0.30000000000000004,0.16001212978873952,1.8079470198675496,122,144.0,121.0,150.0,0.0,146.71428571428572,142.42857142857142,0.0,23.42871660814483,72.0,121.0,11199.2,-1399.9000000000015,72.0,201.0,1.0
2023-06-18,B09V4D4N5T,Samsung Galaxy M13 Smartphone,13999.0,11199.2,20,4.2,11586,8464,1134,0,1,105,105,1,130,2023,6,18,6,24,169,2,-0.7818314824680299,0.6234898018587334,1.2246467991473532e-16,-1.0,0.23030567023061221,-0.9731183372332619,2799.7999999999993,0.19999999999999996,0.13397920604914934,0.8076923076923077,-25,151.0,181.0,128.0,0.0,151.0,142.5,0.0,20.502032419575706,151.0,181.0,9799.3,1399.9000000000015,273.0,-168.0,1.0
2023-06-22,B09V4D4N5T,Samsung Galaxy M13 Smartphone,13999.0,8399.4,40,4.4,7872,9815,1194,0,0,232,167,0,167,2023,6,22,3,25,173,2,0.43388373911755823,-0.900968867902419,1.2246467991473532e-16,-1.0,0.16280701293851715,-0.986657932891657,5599.6,0.4,0.12165053489556801,1.3892215568862276,65,130.0,137.0,169.0,114.0,143.71428571428572,142.64285714285714,143.86666666666667,16.790019711267792,105.0,134.0,11199.2,-2799.800000000001,105.0,127.0,1.0
2023-06-25,B09V4D4N5T,Samsung Galaxy M13 Smartphone,13999.0,11199.2,20,4.4,10228,7670,919,0,1,117,105,0,105,2023,6,25,6,25,176,2,-0.7818314824680299,0.6234898018587334,1.2246467991473532e-16,-1.0,0.11165900712169512,-0.993746580436178,2799.7999999999993,0.19999999999999996,0.11981747066492829,1.1142857142857143,12,167.0,163.0,121.0,135.0,148.0,142.5,145.63333333333333,18.529256146249715,167.0,163.0,8399.4,2799.800000000001,232.0,-115.0,1.0
2023-06-30,B09V4D4N5T,Samsung Galaxy M13 Smartphone,13999.0,11199.2,20,4.5,8914,8478,786,0,0,145,107,0,107,2023,6,30,4,26,181,2,-0.433883739117558,-0.9009688679024191,1.2246467991473532e-16,-1.0,0.02581844022713308,-0.9996666485105112,2799.7999999999993,0.19999999999999996,0.0927105449398443,1.355140186915888,38,105.0,118.0,142.0,192.0,139.71428571428572,141.35714285714286,144.63333333333333,23.106379246969027,105.0,118.0,11199.2,0.0,117.0,28.0,1.0
2023-07-03,B09V4D4N5T,Samsung Galaxy M13 Smartphone,13999.0,9799.3,30,4.4,7474,9227,1119,0,0,182,139,0,139,2023,7,3,0,27,184,3,0.0,1.0,-0.4999999999999997,-0.8660254037844388,-0.02581844022713239,-0.9996666485105112,4199.700000000001,0.30000000000000004,0.12127452042917525,1.3093525179856116,43,107.0,163.0,147.0,121.0,138.14285714285714,138.85714285714286,141.8,25.11592171929039,107.0,161.0,11199.2,-1399.9000000000015,145.0,37.0,1.0
2023-07-12,B09V4D4N5T,Samsung Galaxy M13 Smartphone,13999.0,9799.3,30,4.3,7243,7992,518,0,0,171,126,0,126,2023,7,12,2,28,193,3,0.9749279121818236,-0.22252093395631434,-0.4999999999999997,-0.8660254037844388,-0.17976658572556214,-0.9837092937736098,4199.700000000001,0.30000000000000004,0.06481481481481481,1.3571428571428572,45,139.0,144.0,110.0,114.0,134.71428571428572,138.28571428571428,142.4,22.676818454935297,139.0,72.0,9799.3,0.0,182.0,-11.0,1.0
2023-07-24,B09V4D4N5T,Samsung Galaxy M13 Smartphone,13999.0,11199.2,20,4.4,12839,11289,1690,0,0,248,133,0,133,2023,7,24,0,30,205,3,0.0,1.0,-0.4999999999999997,-0.8660254037844388,-0.37770796520396466,-0.9259247771938499,2799.7999999999993,0.19999999999999996,0.1497032509522544,1.8646616541353382,115,126.0,151.0,121.0,143.0,132.14285714285714,139.42857142857142,142.8,22.467966614928084,126.0,151.0,9799.3,1399.9000000000015,171.0,77.0,1.0
2023-07-28,B09V4D4N5T,Samsung Galaxy M13 Smartphone,13999.0,8399.4,40,4.2,6749,10740,1053,0,0,242,148,0,148,2023,7,28,4,30,209,3,-0.433883739117558,-0.9009688679024191,-0.4999999999999997,-0.8660254037844388,-0.4405187843504952,-0.8977433935342336,5599.6,0.4,0.09804469273743016,1.635135135135135,94,133.0,130.0,181.0,186.0,129.57142857142858,140.28571428571428,142.46666666666667,20.92731184247944,133.0,105.0,11199.2,-2799.800000000001,248.0,-6.0,1.0
2023-07-29,B09V4D4N5T,Samsung Galaxy M13 Smartphone,13999.0,9799.3,30,4.4,10678,5436,1016,0,1,202,109,0,109,2023,7,29,5,30,210,3,-0.9749279121818236,-0.2225209339563146,-0.4999999999999997,-0.8660254037844388,-0.455906693508459,-0.8900275764346766,4199.700000000001,0.30000000000000004,0.18690213392200147,1.853211009174312,93,148.0,167.0,137.0,163.0,132.14285714285714,137.92857142857142,141.2,22.06376041860324,148.0,167.0,8399.4,1399.8999999999996,242.0,-40.0,1.0
2023-08-03,B09V4D4N5T,Samsung Galaxy M13 Smartphone,13999.0,11199.2,20,4.3,9679,6627,905,0,0,92,92,1,111,2023,8,3,3,31,215,3,0.43388373911755823,-0.900968867902419,-0.8660254037844385,-0.5000000000000004,-0.5307300481619331,-0.8475409228928312,2799.7999999999993,0.19999999999999996,0.13656254715557567,0.8288288288288288,-19,109.0,105.0,163.0,163.0,123.85714285714286,135.92857142857142,139.4,17.131146793959523,109.0,105.0,9799.3,1399.9000000000015,202.0,-110.0,1.0
2023-08-04,B09V4D4N5T,Samsung Galaxy M13 Smartphone,13999.0,8399.4,40,3.8,10221,6488,613,0,0,151,134,0,134,2023,8,4,4,31,216,3,-0.433883739117558,-0.9009688679024191,-0.8660254037844385,-0.5000000000000004,-0.5452404385406507,-0.8382797052177745,5599.6,0.4,0.09448212083847102,1.126865671641791,17,111.0,107.0,118.0,137.0,124.71428571428571,132.21428571428572,137.66666666666666,16.152546607416465,92.0,107.0,11199.2,-2799.800000000001,92.0,59.0,1.0
2023-08-06,B09V4D4N5T,Samsung Galaxy M13 Smartphone,13999.0,8399.4,40,3.9,6211,5491,541,0,1,92,92,1,117,2023,8,6,6,31,218,3,-0.7818314824680299,0.6234898018587334,-0.8660254037844385,-0.5000000000000004,-0.5737722679043243,-0.8190148866680802,5599.6,0.4,0.09852485885995264,0.7863247863247863,-25,134.0,139.0,163.0,120.0,128.57142857142858,133.35714285714286,137.56666666666666,14.339422848184892,134.0,139.0,8399.4,0.0,151.0,-59.0,1.0
2023-08-08,B09V4D4N5T,Samsung Galaxy M13 Smartphone,13999.0,9799.3,30,4.5,14641,6115,752,0,0,150,113,0,113,2023,8,8,1,32,220,3,0.7818314824680298,0.6234898018587336,-0.8660254037844385,-0.5000000000000004,-0.6016240632249227,-0.7987793728863648,4199.700000000001,0.30000000000000004,0.12297628781684383,1.3274336283185841,37,117.0,126.0,144.0,168.0,125.42857142857143,130.07142857142858,137.46666666666667,14.081396034687522,92.0,126.0,8399.4,1399.8999999999996,92.0,58.0,1.0
2023-08-11,B09V4D4N5T,Samsung Galaxy M13 Smartphone,13999.0,9799.3,30,3.9,8385,5258,542,0,0,52,52,1,97,2023,8,11,4,32,223,3,-0.433883739117558,-0.9009688679024191,-0.8660254037844385,-0.5000000000000004,-0.6420547132365636,-0.7666588193001592,4199.700000000001,0.30000000000000004,0.10308101939901103,0.5360824742268041,-45,113.0,133.0,151.0,136.0,123.57142857142857,127.85714285714286,135.63333333333333,14.830791649550608,113.0,133.0,9799.3,0.0,150.0,-98.0,1.0
2023-08-19,B09V4D4N5T,Samsung Galaxy M13 Smartphone,13999.0,9799.3,30,4.4,15341,13670,1945,0,1,207,159,0,159,2023,8,19,5,33,231,3,-0.9749279121818236,-0.2225209339563146,-0.8660254037844385,-0.5000000000000004,-0.7412220108485957,-0.6712599575675315,4199.700000000001,0.30000000000000004,0.14228237015362108,1.3018867924528301,48,97.0,148.0,130.0,149.0,118.42857142857143,124.0,134.33333333333334,17.086614086833585,52.0,148.0,9799.3,0.0,52.0,155.0,1.0
2023-08-21,B09V4D4N5T,Samsung Galaxy M13 Smartphone,13999.0,9799.3,30,4.3,12565,8255,699,0,0,133,131,0,131,2023,8,21,0,34,233,3,0.0,1.0,-0.8660254037844385,-0.5000000000000004,-0.7638886127905429,-0.64534811322955,4199.700000000001,0.30000000000000004,0.08467595396729255,1.015267175572519,2,159.0,109.0,167.0,150.0,120.0,126.07142857142857,134.66666666666666,20.436894741292416,159.0,109.0,9799.3,0.0,207.0,-74.0,1.0
2023-08-22,B09V4D4N5T,Samsung Galaxy M13 Smartphone,13999.0,9799.3,30,4.3,10639,10420,1723,0,0,197,138,0,138,2023,8,22,1,34,234,3,0.7818314824680298,0.6234898018587336,-0.8660254037844385,-0.5000000000000004,-0.7748840413670406,-0.6321034111873488,4199.700000000001,0.30000000000000004,0.16535508637236085,1.4275362318840579,59,131.0,111.0,105.0,128.0,123.14285714285714,123.5,134.03333333333333,20.15298630830816,131.0,92.0,9799.3,0.0,133.0,64.0,1.0
2023-08-28,B09V4D4N5T,Samsung Galaxy M13 Smartphone,13999.0,11199.2,20,3.8,14844,11685,1925,0,0,128,128,1,140,2023,8,28,0,35,240,3,0.0,1.0,-0.8660254037844385,-0.5000000000000004,-0.8359254794186365,-0.5488429582847199,2799.7999999999993,0.19999999999999996,0.1647411210954215,0.9142857142857143,-12,138.0,134.0,107.0,169.0,127.0,125.85714285714286,134.36666666666667,20.024984394500766,138.0,134.0,9799.3,1399.9000000000015,197.0,-69.0,1.0
2023-08-29,B09V4D4N5T,Samsung Galaxy M13 Smartphone,13999.0,11199.2,20,3.9,8181,9469,1695,0,0,93,93,1,111,2023,8,29,1,35,241,3,0.7818314824680298,0.6234898018587336,-0.8660254037844385,-0.5000000000000004,-0.8452490573530634,-0.5343725582809785,2799.7999999999993,0.19999999999999996,0.17900517478086386,0.8378378378378378,-18,140.0,117.0,139.0,121.0,127.85714285714286,128.21428571428572,133.4,20.497386592999028,128.0,92.0,11199.2,0.0,128.0,-35.0,1.0
2023-08-31,B09V4D4N5T,Samsung Galaxy M13 Smartphone,13999.0,11199.2,20,4.0,14579,7436,734,0,0,82,82,1,113,2023,8,31,3,35,243,3,0.43388373911755823,-0.900968867902419,-0.8660254037844385,-0.5000000000000004,-0.8631421280499115,-0.5049610547215202,2799.7999999999993,0.19999999999999996,0.09870898332436794,0.7256637168141593,-31,111.0,113.0,126.0,142.0,127.0,126.21428571428571,133.06666666666666,21.142374511865953,93.0,113.0,11199.2,0.0,93.0,-11.0,1.0
2023-09-08,B09V4D4N5T,Samsung Galaxy M13 Smartphone,13999.0,11199.2,20,4.1,8313,15135,1744,0,0,209,156,0,156,2023,9,8,4,36,251,3,-0.433883739117558,-0.9009688679024191,-1.0,-1.8369701987210297e-16,-0.9242907221930934,-0.3816892202666586,2799.7999999999993,0.19999999999999996,0.11522960026428808,1.3397435897435896,53,113.0,97.0,133.0,147.0,127.0,125.28571428571429,132.1,21.142374511865953,82.0,52.0,11199.2,0.0,82.0,127.0,1.0
2023-09-12,B09V4D4N5T,Samsung Galaxy M13 Smartphone,13999.0,9799.3,30,3.9,14352,8543,577,0,0,131,131,1,143,2023,9,12,1,37,255,3,0.7818314824680298,0.6234898018587336,-1.0,-1.8369701987210297e-16,-0.9483615800121716,-0.31719128858910595,4199.700000000001,0.30000000000000004,0.06754067657731476,0.916083916083916,-12,156.0,159.0,148.0,110.0,135.42857142857142,126.92857142857143,132.4,18.822478962286393,156.0,159.0,11199.2,-1399.9000000000015,209.0,-78.0,1.0
2023-09-15,B09V4D4N5T,Samsung Galaxy M13 Smartphone,13999.0,11199.2,20,3.9,13233,13991,1509,0,0,127,127,1,142,2023,9,15,4,37,258,3,-0.433883739117558,-0.9009688679024191,-1.0,-1.8369701987210297e-16,-0.9634705485641486,-0.26781430516217486,2799.7999999999993,0.19999999999999996,0.10785504967479094,0.8943661971830986,-15,143.0,131.0,109.0,121.0,133.14285714285714,126.57142857142857,133.5,16.28320782717142,131.0,131.0,9799.3,1399.9000000000015,131.0,-4.0,1.0
2023-09-16,B09V4D4N5T,Samsung Galaxy M13 Smartphone,13999.0,8399.4,40,3.9,13305,6189,687,0,1,221,128,0,128,2023,9,16,5,37,259,3,-0.9749279121818236,-0.2225209339563146,-1.0,-1.8369701987210297e-16,-0.9679377830240642,-0.25119006388481957,5599.6,0.4,0.11100339311682017,1.7265625,93,142.0,138.0,111.0,181.0,134.71428571428572,128.92857142857142,134.2,16.570196998570296,127.0,138.0,11199.2,-2799.800000000001,127.0,94.0,1.0
2023-09-17,B09V4D4N5T,Samsung Galaxy M13 Smartphone,13999.0,11199.2,20,3.8,10775,4464,662,0,1,164,91,0,91,2023,9,17,6,37,260,3,-0.7818314824680299,0.6234898018587334,-1.0,-1.8369701987210297e-16,-0.9721181966290612,-0.23449138957041052,2799.7999999999993,0.19999999999999996,0.14829749103942652,1.8021978021978022,73,128.0,140.0,134.0,137.0,133.28571428571428,130.14285714285714,132.43333333333334,16.67047575520151,128.0,128.0,8399.4,2799.800000000001,221.0,-57.0,1.0
2023-09-30,B09V4D4N5T,Samsung Galaxy M13 Smartphone,13999.0,5599.6,60,4.2,13055,39282,7000,1,1,693,452,0,452,2023,9,30,5,39,273,3,-0.9749279121818236,-0.2225209339563146,-1.0,-1.8369701987210297e-16,-0.9999166586547379,-0.012910296075008843,8399.4,0.6,0.1781986660556998,1.5331858407079646,241,91.0,111.0,117.0,163.0,126.28571428571429,127.07142857142857,130.9,22.610574854215784,91.0,93.0,11199.2,-5599.6,164.0,529.0,1.0
2023-10-01,B09V4D4N5T,Samsung Galaxy M13 Smartphone,13999.0,8399.4,40,4.2,6077,12062,2282,1,1,355,272,0,272,2023,10,1,6,39,274,4,-0.7818314824680299,0.6234898018587334,-0.8660254037844386,0.5000000000000001,-0.9999907397361901,0.004303538296243821,5599.6,0.4,0.1891891891891892,1.3051470588235294,83,452.0,113.0,113.0,118.0,175.0,151.0,140.53333333333333,124.0376286992513,452.0,82.0,5599.6,2799.7999999999993,693.0,-338.0,1.0
2023-10-05,B09V4D4N5T,Samsung Galaxy M13 Smartphone,13999.0,5599.6,60,4.4,12619,14703,2226,1,0,416,304,0,304,2023,10,5,3,40,278,4,0.43388373911755823,-0.900968867902419,-0.8660254037844386,0.5000000000000001,-0.9973249731081555,0.07309512989807776,8399.4,0.6,0.15139767394409304,1.368421052631579,112,272.0,156.0,97.0,163.0,197.71428571428572,162.35714285714286,145.66666666666666,125.34314804529507,272.0,156.0,8399.4,-2799.7999999999993,355.0,61.0,1.0
2023-10-06,B09V4D4N5T,Samsung Galaxy M13 Smartphone,13999.0,4199.7,70,3.9,13378,52760,7514,1,0,487,487,1,524,2023,10,6,4,40,279,4,-0.433883739117558,-0.9009688679024191,-0.8660254037844386,0.5000000000000001,-0.9959189961471792,0.0902516100310407,9799.3,0.7,0.14241849886277483,0.9293893129770993,-37,304.0,143.0,159.0,144.0,218.85714285714286,177.14285714285714,150.36666666666667,129.54591022931928,304.0,131.0,5599.6,-1399.9000000000005,416.0,71.0,1.0
2023-10-12,B09V4D4N5T,Samsung Galaxy M13 Smartphone,13999.0,4899.65,65,4.3,7639,48612,6940,1,0,664,517,0,517,2023,10,12,3,41,285,4,0.43388373911755823,-0.900968867902419,-0.8660254037844386,0.5000000000000001,-0.9813064702716093,0.19245158197082995,9099.35,0.65,0.1427631037603884,1.2843326885880078,147,524.0,142.0,131.0,151.0,273.2857142857143,203.21428571428572,163.03333333333333,166.98973450057167,487.0,127.0,4199.7,699.9499999999998,487.0,177.0,1.0
2023-10-18,B09V4D4N5T,Samsung Galaxy M13 Smartphone,13999.0,11199.2,20,4.4,13674,13786,1650,0,0,236,159,0,159,2023,10,18,2,42,291,4,0.9749279121818236,-0.22252093395631434,-0.8660254037844386,0.5000000000000001,-0.9562348265919058,0.2926003356333479,2799.7999999999993,0.19999999999999996,0.11968663861888873,1.4842767295597483,77,517.0,128.0,138.0,130.0,326.85714285714283,230.78571428571428,175.23333333333332,177.66300362524225,517.0,128.0,4899.65,6299.550000000001,664.0,-428.0,1.0
2023-10-19,B09V4D4N5T,Samsung Galaxy M13 Smartphone,13999.0,9799.3,30,4.5,15650,13432,1992,0,0,126,126,1,159,2023,10,19,3,42,292,4,0.43388373911755823,-0.900968867902419,-0.8660254037844386,0.5000000000000001,-0.9510565162951536,0.30901699437494723,4199.700000000001,0.30000000000000004,0.148302561048243,0.7924528301886793,-33,159.0,91.0,140.0,167.0,331.2857142857143,232.28571428571428,176.2,172.1817976110466,159.0,91.0,11199.2,-1399.9000000000015,236.0,-110.0,1.0
2023-10-20,B09V4D4N5T,Samsung Galaxy M13 Smartphone,13999.0,11199.2,20,4.1,13032,13947,1724,0,0,254,146,0,146,2023,10,20,4,42,293,4,-0.433883739117558,-0.9009688679024191,-0.8660254037844386,0.5000000000000001,-0.9455963874271428,0.3253420847119795,2799.7999999999993,0.19999999999999996,0.12361081236108123,1.7397260273972603,108,159.0,452.0,111.0,105.0,341.0,233.64285714285714,175.93333333333334,157.67265668677828,126.0,452.0,9799.3,1399.9000000000015,126.0,128.0,1.0
2023-10-21,B09V4D4N5T,Samsung Galaxy M13 Smartphone,13999.0,9799.3,30,3.9,12627,10158,905,0,1,106,106,1,139,2023,10,21,5,42,294,4,-0.9749279121818236,-0.2225209339563146,-0.8660254037844386,0.5000000000000001,-0.9398560579418953,0.341570769167856,4199.700000000001,0.30000000000000004,0.08909234101201023,0.762589928057554,-33,146.0,272.0,113.0,107.0,297.2857142857143,236.14285714285714,177.3,164.05864224489392,146.0,272.0,11199.2,-1399.9000000000015,254.0,-148.0,1.0
2023-10-22,B09V4D4N5T,Samsung Galaxy M13 Smartphone,13999.0,8399.4,40,4.2,7728,10464,1978,0,1,161,153,0,153,2023,10,22,6,42,295,4,-0.7818314824680299,0.6234898018587334,-0.8660254037844386,0.5000000000000001,-0.9338372288229252,0.35769823883312546,5599.6,0.4,0.1890290519877676,1.0522875816993464,8,139.0,304.0,156.0,139.0,278.2857142857143,238.0,178.36666666666667,174.82344835644358,106.0,304.0,9799.3,-1399.8999999999996,106.0,55.0,1.0
2023-10-23,B09V4D4N5T,Samsung Galaxy M13 Smartphone,13999.0,6999.5,50,4.2,15869,11666,1610,0,0,229,155,0,155,2023,10,23,0,43,296,4,0.0,1.0,-0.8660254037844386,0.5000000000000001,-0.9275416835791965,0.3737197147904692,6999.5,0.5,0.1380078861649237,1.4774193548387098,74,153.0,524.0,143.0,126.0,256.7142857142857,237.78571428571428,178.83333333333334,180.35032047445353,153.0,487.0,8399.4,-1399.8999999999996,161.0,68.0,1.0
2023-10-31,B09V4D4N5T,Samsung Galaxy M13 Smartphone,13999.0,9799.3,30,3.9,6898,10346,1138,0,0,217,143,0,143,2023,10,31,1,44,304,4,0.7818314824680298,0.6234898018587336,-0.8660254037844386,0.5000000000000001,-0.8674563547295971,0.4975132889071803,4199.700000000001,0.30000000000000004,0.10999420065725884,1.5174825174825175,74,155.0,517.0,142.0,133.0,204.0,238.64285714285714,179.8,138.2087792676959,155.0,517.0,6999.5,2799.7999999999993,229.0,-12.0,1.0
2023-11-01,B09V4D4N5T,Samsung Galaxy M13 Smartphone,13999.0,6999.5,50,4.4,6243,30132,5449,1,0,298,298,1,388,2023,11,1,2,44,305,4,0.9749279121818236,-0.22252093395631434,-0.5000000000000004,0.8660254037844384,-0.858763958275803,0.5123714121284235,6999.5,0.5,0.1808376476835258,0.7680412371134021,-90,143.0,159.0,128.0,148.0,150.57142857142858,238.71428571428572,180.13333333333333,7.9552318813310094,143.0,159.0,9799.3,-2799.7999999999993,217.0,81.0,1.0
2023-11-03,B09V4D4N5T,Samsung Galaxy M13 Smartphone,13999.0,8399.4,40,4.2,7546,55000,7797,1,0,564,508,0,508,2023,11,3,4,44,307,4,-0.433883739117558,-0.9009688679024191,-0.5000000000000004,0.8660254037844384,-0.8406184056344783,0.5416278206559811,5599.6,0.4,0.14176363636363637,1.110236220472441,56,388.0,159.0,91.0,109.0,183.28571428571428,257.2857142857143,188.13333333333333,90.54412236715379,298.0,126.0,6999.5,1399.8999999999996,298.0,266.0,1.0
2023-11-06,B09V4D4N5T,Samsung Galaxy M13 Smartphone,13999.0,6999.5,50,4.1,8169,43806,7275,1,0,290,290,1,457,2023,11,6,0,45,310,4,0.0,1.0,-0.5000000000000004,0.8660254037844384,-0.8115390590073611,0.5842981736283683,6999.5,0.5,0.16607314066566223,0.6345733041575492,-167,508.0,146.0,452.0,111.0,233.14285714285714,287.07142857142856,201.43333333333334,150.90772961363797,508.0,146.0,8399.4,-1399.8999999999996,564.0,-274.0,1.0
2023-11-08,B09V4D4N5T,Samsung Galaxy M13 Smartphone,13999.0,8399.4,40,4.3,8539,30468,5219,1,0,629,373,0,373,2023,11,8,2,45,312,4,0.9749279121818236,-0.22252093395631434,-0.5000000000000004,0.8660254037844384,-0.7909456567567774,0.6118864012687242,5599.6,0.4,0.17129447288958907,1.6863270777479893,256,457.0,139.0,272.0,134.0,277.57142857142856,287.42857142857144,212.96666666666667,166.0018645907902,290.0,106.0,6999.5,1399.8999999999996,290.0,339.0,1.0
2023-11-10,B09V4D4N5T,Samsung Galaxy M13 Smartphone,13999.0,8399.4,40,4.5,13008,28213,3399,1,0,261,261,1,374,2023,11,10,4,45,314,4,-0.433883739117558,-0.9009688679024191,-0.5000000000000004,0.8660254037844384,-0.7694148268839381,0.6387494220515268,5599.6,0.4,0.12047637613865948,0.6978609625668449,-113,373.0,153.0,304.0,117.0,311.0,294.64285714285717,220.93333333333334,156.74926900414346,373.0,153.0,8399.4,0.0,629.0,-368.0,1.0
2023-11-13,B09V4D4N5T,Samsung Galaxy M13 Smartphone,13999.0,4199.7,70,4.2,14936,39609,6172,1,0,503,453,0,453,2023,11,13,0,46,317,4,0.0,1.0,-0.5000000000000004,0.8660254037844384,-0.7354170229639858,0.6776147890466887,9799.3,0.7,0.15582317150142644,1.1103752759381897,50,374.0,155.0,524.0,113.0,342.57142857142856,299.64285714285717,229.5,141.09672467596724,261.0,155.0,8399.4,-4199.7,261.0,242.0,1.0
2023-11-14,B09V4D4N5T,Samsung Galaxy M13 Smartphone,13999.0,4199.7,70,4.1,7883,23088,4721,1,0,554,353,0,353,2023,11,14,1,46,318,4,0.7818314824680298,0.6234898018587336,-0.5000000000000004,0.8660254037844384,-0.7236440382959124,0.690173388242972,9799.3,0.7,0.204478516978517,1.5694050991501416,201,453.0,143.0,517.0,97.0,385.14285714285717,294.57142857142856,240.83333333333334,118.16292223229824,453.0,143.0,4199.7,0.0,503.0,51.0,1.0
2023-11-16,B09V4D4N5T,Samsung Galaxy M13 Smartphone,13999.0,11199.2,20,4.2,15452,8284,982,0,0,200,124,0,124,2023,11,16,3,46,320,4,0.43388373911755823,-0.900968867902419,-0.5000000000000004,0.8660254037844384,-0.6994583270516471,0.7146733860429608,2799.7999999999993,0.19999999999999996,0.11854176726219218,1.6129032258064515,76,353.0,388.0,159.0,159.0,415.14285714285717,282.85714285714283,249.36666666666667,57.55411532180957,353.0,298.0,4199.7,6999.500000000001,554.0,-354.0,1.0
2023-11-17,B09V4D4N5T,Samsung Galaxy M13 Smartphone,13999.0,9799.3,30,4.5,9795,7736,603,0,0,144,120,0,120,2023,11,17,4,46,321,4,-0.433883739117558,-0.9009688679024191,-0.5000000000000004,0.8660254037844384,-0.6870527672236675,0.7266075247685652,4199.700000000001,0.30000000000000004,0.07794725956566702,1.2,24,124.0,508.0,159.0,131.0,377.42857142857144,280.35714285714283,248.2,125.13040816531777,124.0,508.0,11199.2,-1399.9000000000015,200.0,-56.0,1.0
2023-11-18,B09V4D4N5T,Samsung Galaxy M13 Smartphone,13999.0,8399.4,40,4.3,9693,6142,563,0,1,77,77,1,134,2023,11,18,5,46,322,4,-0.9749279121818236,-0.2225209339563146,-0.5000000000000004,0.8660254037844384,-0.6744436188329457,0.7383263540031063,5599.6,0.4,0.09166395310973624,0.5746268656716418,-57,120.0,457.0,146.0,138.0,322.0,277.57142857142856,247.83333333333334,142.39616099694075,120.0,290.0,9799.3,-1399.8999999999996,144.0,-67.0,1.0
2023-11-25,B09V4D4N5T,Samsung Galaxy M13 Smartphone,13999.0,8399.4,40,4.0,6679,16806,1809,0,1,136,136,1,200,2023,11,25,5,47,329,4,-0.9749279121818236,-0.2225209339563146,-0.5000000000000004,0.8660254037844384,-0.5808002734538013,0.8140460935082175,5599.6,0.4,0.1076401285255266,0.68,-64,134.0,373.0,139.0,140.0,275.85714285714283,276.7142857142857,247.7,143.68649736078038,77.0,373.0,8399.4,0.0,77.0,59.0,1.0
2023-11-30,B09V4D4N5T,Samsung Galaxy M13 Smartphone,13999.0,8399.4,40,4.1,7237,9155,1473,0,0,96,96,1,140,2023,11,30,3,48,334,4,0.43388373911755823,-0.900968867902419,-0.5000000000000004,0.8660254037844384,-0.5086709438521042,0.8609610158889945,5599.6,0.4,0.16089568541780447,0.6857142857142857,-44,200.0,374.0,153.0,111.0,251.14285714285714,281.07142857142856,249.7,138.9945185626981,136.0,261.0,8399.4,0.0,136.0,-40.0,1.0
2023-12-03,B09V4D4N5T,Samsung Galaxy M13 Smartphone,13999.0,9799.3,30,4.0,12563,11312,1511,0,1,281,154,0,154,2023,12,3,6,48,337,4,-0.7818314824680299,0.6234898018587334,-2.4492935982947064e-16,1.0,-0.4635502709028512,0.8860706215341378,4199.700000000001,0.30000000000000004,0.1335749646393211,1.8246753246753247,127,140.0,453.0,155.0,113.0,217.71428571428572,280.14285714285717,250.66666666666666,132.51001759076487,96.0,453.0,8399.4,1399.8999999999996,96.0,185.0,1.0
2023-12-08,B09V4D4N5T,Samsung Galaxy M13 Smartphone,13999.0,9799.3,30,3.9,14685,8981,717,0,0,186,135,0,135,2023,12,8,4,49,342,4,-0.433883739117558,-0.9009688679024191,-2.4492935982947064e-16,1.0,-0.38566340624360745,0.9226395488404875,4199.700000000001,0.30000000000000004,0.07983520766061686,1.3777777777777778,51,154.0,353.0,143.0,156.0,175.0,280.07142857142856,252.03333333333333,82.94777473406629,154.0,353.0,9799.3,0.0,281.0,-95.0,1.0
2023-12-10,B09V4D4N5T,Samsung Galaxy M13 Smartphone,13999.0,8399.4,40,4.3,7153,11441,1827,0,1,125,125,1,170,2023,12,10,6,49,344,4,-0.7818314824680299,0.6234898018587334,-2.4492935982947064e-16,1.0,-0.3536761221763721,0.935367949313148,5599.6,0.4,0.15968883838825276,0.7352941176470589,-45,135.0,124.0,388.0,143.0,143.85714285714286,279.5,251.33333333333334,27.107370285765636,135.0,124.0,9799.3,-1399.8999999999996,186.0,-61.0,1.0
2023-12-12,B09V4D4N5T,Samsung Galaxy M13 Smartphone,13999.0,8399.4,40,3.9,10459,11100,1689,0,0,292,158,0,158,2023,12,12,1,50,346,4,0.7818314824680298,0.6234898018587336,-2.4492935982947064e-16,1.0,-0.32126966169236515,0.9469877530760751,5599.6,0.4,0.15216216216216216,1.8481012658227849,134,170.0,120.0,508.0,142.0,150.42857142857142,263.92857142857144,252.23333333333332,27.06693642840154,125.0,120.0,8399.4,0.0,125.0,167.0,1.0
2023-12-14,B09V4D4N5T,Samsung Galaxy M13 Smartphone,13999.0,11199.2,20,4.3,7502,14915,1588,0,0,316,165,0,165,2023,12,14,3,50,348,4,0.43388373911755823,-0.900968867902419,-2.4492935982947064e-16,1.0,-0.2884824328806098,0.9574851883550389,2799.7999999999993,0.19999999999999996,0.10646999664767014,1.915151515151515,151,158.0,134.0,457.0,128.0,155.85714285714286,238.92857142857142,252.76666666666668,23.526074693332724,158.0,77.0,8399.4,2799.800000000001,292.0,24.0,1.0
2023-12-17,B09V4D4N5T,Samsung Galaxy M13 Smartphone,13999.0,11199.2,20,4.1,14981,13841,1901,0,1,89,89,1,148,2023,12,17,6,50,351,4,-0.7818314824680299,0.6234898018587334,-2.4492935982947064e-16,1.0,-0.23867276600594997,0.9711000518829505,2799.7999999999993,0.19999999999999996,0.1373455675167979,0.6013513513513513,-59,165.0,200.0,373.0,91.0,160.28571428571428,218.07142857142858,254.0,21.561650259310845,165.0,136.0,11199.2,0.0,316.0,-227.0,1.0
2023-12-27,B09V4D4N5T,Samsung Galaxy M13 Smartphone,13999.0,8399.4,40,4.3,13968,7840,830,0,0,244,153,0,153,2023,12,27,2,52,361,4,0.9749279121818236,-0.22252093395631434,-2.4492935982947064e-16,1.0,-0.06880242680232064,0.9976303053065857,5599.6,0.4,0.10586734693877552,1.5947712418300655,91,148.0,140.0,374.0,452.0,152.85714285714286,202.0,255.9,12.759683530934678,89.0,96.0,11199.2,-2799.800000000001,89.0,155.0,1.0
2023-12-28,B09V4D4N5T,Samsung Galaxy M13 Smartphone,13999.0,6999.5,50,4.5,13949,11335,1613,0,0,221,167,0,167,2023,12,28,3,52,362,4,0.43388373911755823,-0.900968867902419,-2.4492935982947064e-16,1.0,-0.05161966722325418,0.9986668162884759,6999.5,0.5,0.1423026025584473,1.3233532934131738,54,153.0,154.0,453.0,272.0,154.71428571428572,186.21428571428572,245.93333333333334,11.455919659205716,153.0,154.0,8399.4,-1399.8999999999996,244.0,-23.0,1.0
2024-01-01,B09V4D4N5T,Samsung Galaxy M13 Smartphone,13999.0,11199.2,20,4.4,10104,13246,1778,0,0,248,158,0,158,2024,1,1,0,1,1,1,0.0,1.0,0.49999999999999994,0.8660254037844387,0.017213356155834685,0.9998518392091162,2799.7999999999993,0.19999999999999996,0.13422920126830742,1.5696202531645569,90,167.0,135.0,353.0,304.0,156.57142857142858,165.78571428571428,242.43333333333334,12.34040981028563,167.0,135.0,6999.5,4199.700000000001,221.0,27.0,1.0
2024-01-02,B09V4D4N5T,Samsung Galaxy M13 Smartphone,13999.0,11199.2,20,4.2,15233,10749,1289,0,0,241,139,0,139,2024,1,2,1,1,2,1,0.7818314824680298,0.6234898018587336,0.49999999999999994,0.8660254037844387,0.03442161162274574,0.9994074007397048,2799.7999999999993,0.19999999999999996,0.1199181319192483,1.7338129496402879,102,158.0,170.0,124.0,524.0,159.85714285714286,151.85714285714286,237.56666666666666,7.904188160479734,158.0,125.0,11199.2,0.0,248.0,-7.0,1.0
2024-01-09,B09V4D4N5T,Samsung Galaxy M13 Smartphone,13999.0,9799.3,30,3.9,10435,6252,1052,0,0,157,111,0,111,2024,1,9,1,2,9,1,0.7818314824680298,0.6234898018587336,0.49999999999999994,0.8660254037844387,0.15430882066428117,0.9880226656636976,4199.700000000001,0.30000000000000004,0.16826615483045426,1.4144144144144144,46,139.0,158.0,120.0,517.0,155.42857142857142,152.92857142857142,224.73333333333332,9.744351233020144,139.0,158.0,11199.2,-1399.9000000000015,241.0,-84.0,1.0
2024-01-10,B09V4D4N5T,Samsung Galaxy M13 Smartphone,13999.0,9799.3,30,4.1,6392,7339,920,0,0,251,126,0,126,2024,1,10,2,2,10,1,0.9749279121818236,-0.22252093395631434,0.49999999999999994,0.8660254037844387,0.1712931441814776,0.9852201067560606,4199.700000000001,0.30000000000000004,0.12535767815778717,1.992063492063492,125,111.0,165.0,134.0,159.0,148.71428571428572,152.28571428571428,211.2,19.24157205734967,111.0,165.0,9799.3,0.0,157.0,94.0,1.0
2024-01-11,B09V4D4N5T,Samsung Galaxy M13 Smartphone,13999.0,9799.3,30,4.3,9200,8747,789,0,0,248,137,0,137,2024,1,11,3,2,11,1,0.43388373911755823,-0.900968867902419,0.49999999999999994,0.8660254037844387,0.1882267098432442,0.9821256058680006,4199.700000000001,0.30000000000000004,0.0902023550931748,1.8102189781021898,111,126.0,148.0,200.0,159.0,143.14285714285714,151.71428571428572,210.1,19.385807277738312,126.0,89.0,9799.3,0.0,251.0,-3.0,1.0
2024-01-12,B09V4D4N5T,Samsung Galaxy M13 Smartphone,13999.0,9799.3,30,3.8,14573,6105,680,0,0,122,107,0,107,2024,1,12,4,2,12,1,-0.433883739117558,-0.9009688679024191,0.49999999999999994,0.8660254037844387,0.2051044998686192,0.9787400799669153,4199.700000000001,0.30000000000000004,0.11138411138411139,1.1401869158878504,15,137.0,153.0,140.0,146.0,141.57142857142858,147.21428571428572,209.36666666666667,19.372292437546033,137.0,153.0,9799.3,0.0,248.0,-126.0,1.0
2024-01-14,B09V4D4N5T,Samsung Galaxy M13 Smartphone,13999.0,6999.5,50,4.0,9374,15489,1866,0,1,307,204,0,204,2024,1,14,6,2,14,1,-0.7818314824680299,0.6234898018587334,0.49999999999999994,0.8660254037844387,0.2386727660059501,0.9711000518829505,6999.5,0.5,0.12047259345341856,1.5049019607843137,103,107.0,167.0,154.0,139.0,135.0,144.85714285714286,208.06666666666666,22.412793965354393,107.0,167.0,9799.3,-2799.7999999999993,122.0,185.0,1.0
2024-01-25,B09V4D4N5T,Samsung Galaxy M13 Smartphone,13999.0,9799.3,30,4.0,9260,9446,1382,0,0,74,74,1,136,2024,1,25,3,4,25,1,0.43388373911755823,-0.900968867902419,0.49999999999999994,0.8660254037844387,0.4171936026123168,0.9088176373395029,4199.700000000001,0.30000000000000004,0.1463053144188016,0.5441176470588235,-62,204.0,158.0,135.0,153.0,140.28571428571428,148.42857142857142,210.23333333333332,33.054068260526094,204.0,158.0,6999.5,2799.7999999999993,307.0,-233.0,1.0
2024-01-27,B09V4D4N5T,Samsung Galaxy M13 Smartphone,13999.0,9799.3,30,4.0,12216,9710,1345,0,1,125,125,1,134,2024,1,27,5,4,27,1,-0.9749279121818236,-0.2225209339563146,0.49999999999999994,0.8660254037844387,0.4482293417404106,0.893918596519257,4199.700000000001,0.30000000000000004,0.13851699279093718,0.9328358208955224,-9,136.0,139.0,170.0,155.0,137.14285714285714,148.5,209.66666666666666,32.121792039200045,74.0,139.0,9799.3,0.0,74.0,51.0,1.0
2024-02-03,B09V4D4N5T,Samsung Galaxy M13 Smartphone,13999.0,9799.3,30,3.9,9043,12512,1417,0,1,164,138,0,138,2024,2,3,5,5,34,1,-0.9749279121818236,-0.2225209339563146,0.8660254037844386,0.5000000000000001,0.5524353131676196,0.8335557718385699,4199.700000000001,0.30000000000000004,0.11325127877237852,1.1884057971014492,26,134.0,111.0,158.0,143.0,136.42857142857142,145.92857142857142,208.96666666666667,32.12920344928904,125.0,111.0,9799.3,0.0,125.0,39.0,1.0
2024-02-08,B09V4D4N5T,Samsung Galaxy M13 Smartphone,13999.0,8399.4,40,4.4,9885,10410,878,0,0,223,155,0,155,2024,2,8,3,6,39,1,0.43388373911755823,-0.900968867902419,0.8660254037844386,0.5000000000000001,0.6220467484408675,0.7829801036770629,5599.6,0.4,0.08434197886647454,1.4387096774193548,68,138.0,126.0,165.0,388.0,140.28571428571428,144.5,208.8,30.125926186119468,138.0,126.0,9799.3,-1399.8999999999996,164.0,59.0,1.0
2024-02-09,B09V4D4N5T,Samsung Galaxy M13 Smartphone,13999.0,9799.3,30,4.2,10229,6365,711,0,0,239,120,0,120,2024,2,9,4,6,40,1,-0.433883739117558,-0.9009688679024191,0.8660254037844386,0.5000000000000001,0.6354323008901774,0.7721565844991642,4199.700000000001,0.30000000000000004,0.11170463472113118,1.9916666666666667,119,155.0,137.0,148.0,508.0,144.42857142857142,143.78571428571428,201.03333333333333,29.82648232056766,155.0,137.0,8399.4,1399.8999999999996,223.0,16.0,1.0
2024-02-14,B09V4D4N5T,Samsung Galaxy M13 Smartphone,13999.0,8399.4,40,4.1,11965,12725,1858,0,0,144,144,1,165,2024,2,14,2,7,45,1,0.9749279121818236,-0.22252093395631434,0.8660254037844386,0.5000000000000001,0.699458327051647,0.7146733860429609,5599.6,0.4,0.14601178781925345,0.8727272727272727,-21,120.0,107.0,153.0,457.0,142.0,141.78571428571428,188.1,31.19294792096587,120.0,107.0,9799.3,-1399.8999999999996,239.0,-95.0,1.0
2024-02-29,B09V4D4N5T,Samsung Galaxy M13 Smartphone,13999.0,9799.3,30,4.3,13532,10121,1004,0,0,218,125,0,125,2024,2,29,3,9,60,1,0.43388373911755823,-0.900968867902419,0.8660254037844386,0.5000000000000001,0.8587639582758029,0.5123714121284237,4199.700000000001,0.30000000000000004,0.09919968382570893,1.744,93,165.0,204.0,167.0,373.0,150.28571428571428,142.64285714285714,178.36666666666667,27.873011353365573,144.0,204.0,8399.4,1399.8999999999996,144.0,74.0,1.0
2024-03-03,B09V4D4N5T,Samsung Galaxy M13 Smartphone,13999.0,9799.3,30,3.9,12757,8888,1056,0,1,256,130,0,130,2024,3,3,6,9,63,1,-0.7818314824680299,0.6234898018587334,1.0,6.123233995736766e-17,0.8840675099433636,0.4673592171580022,4199.700000000001,0.30000000000000004,0.1188118811881188,1.9692307692307693,126,125.0,136.0,158.0,374.0,139.0,139.64285714285714,170.1,15.937377450512075,125.0,74.0,9799.3,0.0,218.0,38.0,1.0
2024-03-05,B09V4D4N5T,Samsung Galaxy M13 Smartphone,13999.0,11199.2,20,4.0,12526,11097,1937,0,0,120,120,1,144,2024,3,5,1,10,65,1,0.7818314824680298,0.6234898018587336,1.0,6.123233995736766e-17,0.8996308696522433,0.43665123195606403,2799.7999999999993,0.19999999999999996,0.17455168063440568,0.8333333333333334,-24,130.0,134.0,139.0,453.0,138.14285714285714,137.64285714285714,161.96666666666667,16.283207827174238,130.0,125.0,9799.3,1399.9000000000015,256.0,-136.0,1.0
2024-03-13,B09V4D4N5T,Samsung Galaxy M13 Smartphone,13999.0,9799.3,30,4.0,7233,11455,1367,0,0,247,134,0,134,2024,3,13,2,11,73,1,0.9749279121818236,-0.22252093395631434,1.0,6.123233995736766e-17,0.9510565162951535,0.30901699437494745,4199.700000000001,0.30000000000000004,0.11933653426451331,1.8432835820895523,113,144.0,138.0,111.0,353.0,139.57142857142858,138.0,151.66666666666666,16.297823401274723,120.0,138.0,11199.2,-1399.9000000000015,120.0,127.0,1.0
2024-03-14,B09V4D4N5T,Samsung Galaxy M13 Smartphone,13999.0,9799.3,30,4.5,15869,8894,839,0,0,88,88,1,135,2024,3,14,3,11,74,1,0.43388373911755823,-0.900968867902419,1.0,6.123233995736766e-17,0.9562348265919056,0.29260033563334836,4199.700000000001,0.30000000000000004,0.09433325837643355,0.6518518518518519,-47,134.0,155.0,126.0,124.0,139.0,139.64285714285714,144.36666666666667,16.431676725157743,134.0,155.0,9799.3,0.0,247.0,-159.0,1.0
2024-03-28,B09V4D4N5T,Samsung Galaxy M13 Smartphone,13999.0,11199.2,20,4.3,12411,12270,1673,0,0,195,136,0,136,2024,3,28,3,13,88,1,0.43388373911755823,-0.900968867902419,1.0,6.123233995736766e-17,0.9984354211555643,0.055916990100603484,2799.7999999999993,0.19999999999999996,0.13634881825590872,1.4338235294117647,59,135.0,120.0,137.0,120.0,136.14285714285714,140.28571428571428,144.73333333333332,14.848440674908685,88.0,120.0,9799.3,1399.9000000000015,88.0,107.0,1.0
2024-03-29,B09V4D4N5T,Samsung Galaxy M13 Smartphone,13999.0,8399.4,40,4.4,12225,7557,1018,0,0,252,138,0,138,2024,3,29,4,13,89,1,-0.433883739117558,-0.9009688679024191,1.0,6.123233995736766e-17,0.9992500112396835,0.03872228089217446,5599.6,0.4,0.13470954082307793,1.826086956521739,114,136.0,165.0,107.0,134.0,138.42857142857142,140.21428571428572,145.26666666666668,13.074875944056677,136.0,144.0,11199.2,-2799.800000000001,195.0,57.0,1.0
2024-04-01,B09V4D4N5T,Samsung Galaxy M13 Smartphone,13999.0,8399.4,40,4.4,15484,8089,993,0,0,85,85,1,133,2024,4,1,0,14,92,2,0.0,1.0,0.8660254037844387,-0.4999999999999998,0.9999166586547379,-0.01291029607500882,5599.6,0.4,0.12275930275683027,0.6390977443609023,-48,138.0,125.0,204.0,200.0,134.57142857142858,142.42857142857142,145.4,5.9960304329175935,138.0,125.0,8399.4,0.0,252.0,-167.0,1.0
2024-04-03,B09V4D4N5T,Samsung Galaxy M13 Smartphone,13999.0,11199.2,20,4.4,14675,5245,691,0,0,57,57,1,90,2024,4,3,2,14,94,2,0.9749279121818236,-0.22252093395631434,0.8660254037844387,-0.4999999999999998,0.9988797155850336,-0.04732138832243185,2799.7999999999993,0.19999999999999996,0.1317445185891325,0.6333333333333333,-33,133.0,130.0,136.0,140.0,135.71428571428572,137.35714285714286,143.16666666666666,4.423960733496738,85.0,130.0,8399.4,2799.800000000001,85.0,-28.0,1.0
2024-04-04,B09V4D4N5T,Samsung Galaxy M13 Smartphone,13999.0,11199.2,20,4.4,11834,9350,665,0,0,177,116,0,116,2024,4,4,3,14,95,2,0.43388373911755823,-0.900968867902419,0.8660254037844387,-0.4999999999999998,0.9979171608653922,-0.06450844944931623,2799.7999999999993,0.19999999999999996,0.07112299465240642,1.5258620689655173,61,90.0,144.0,134.0,154.0,130.0,134.07142857142858,141.5,18.00925687898944,57.0,120.0,11199.2,0.0,57.0,120.0,1.0
2024-04-09,B09V4D4N5T,Samsung Galaxy M13 Smartphone,13999.0,11199.2,20,4.2,7236,8333,700,0,0,110,110,1,127,2024,4,9,1,15,100,2,0.7818314824680298,0.6234898018587336,0.8660254037844387,-0.4999999999999998,0.9886775902323405,-0.1500553983446526,2799.7999999999993,0.19999999999999996,0.08400336013440537,0.8661417322834646,-17,116.0,134.0,138.0,135.0,126.0,132.78571428571428,140.23333333333332,17.48332538926058,116.0,134.0,11199.2,0.0,177.0,-67.0,1.0
2024-04-16,B09V4D4N5T,Samsung Galaxy M13 Smartphone,13999.0,11199.2,20,4.4,14525,5311,775,0,0,223,120,0,120,2024,4,16,1,16,107,2,0.7818314824680298,0.6234898018587336,0.8660254037844387,-0.4999999999999998,0.9634705485641488,-0.2678143051621742,2799.7999999999993,0.19999999999999996,0.1459235548860855,1.8583333333333334,103,127.0,135.0,155.0,170.0,125.0,132.0,139.96666666666667,17.14642819948509,110.0,88.0,11199.2,0.0,110.0,113.0,1.0
2024-04-22,B09V4D4N5T,Samsung Galaxy M13 Smartphone,13999.0,8399.4,40,3.9,11479,11055,1403,0,0,87,87,1,152,2024,4,22,0,17,113,2,0.0,1.0,0.8660254037844387,-0.4999999999999998,0.9307239310379795,-0.36572252349726897,5599.6,0.4,0.1269109000452284,0.5723684210526315,-65,120.0,136.0,120.0,158.0,122.85714285714286,129.5,138.3,16.617546664383273,120.0,136.0,11199.2,-2799.800000000001,223.0,-136.0,1.0
2024-04-26,B09V4D4N5T,Samsung Galaxy M13 Smartphone,13999.0,8399.4,40,4.5,13981,15274,1767,0,0,263,175,0,175,2024,4,26,4,17,117,2,-0.433883739117558,-0.9009688679024191,0.8660254037844387,-0.4999999999999998,0.9033558023246845,-0.4288919379124835,5599.6,0.4,0.11568678800576142,1.502857142857143,88,152.0,138.0,165.0,165.0,125.14285714285714,131.78571428571428,138.1,19.565518746243896,87.0,138.0,8399.4,0.0,87.0,176.0,1.0
2024-04-29,B09V4D4N5T,Samsung Galaxy M13 Smartphone,13999.0,11199.2,20,3.9,6635,11758,1810,0,0,137,137,1,142,2024,4,29,0,18,120,2,0.0,1.0,0.8660254037844387,-0.4999999999999998,0.8800122039735357,-0.47495107206704995,2799.7999999999993,0.19999999999999996,0.1539377445143732,0.9647887323943662,-5,175.0,133.0,125.0,148.0,130.42857142857142,132.5,138.43333333333334,27.146866871749236,175.0,85.0,8399.4,2799.800000000001,263.0,-126.0,1.0
2024-05-08,B09V4D4N5T,Samsung Galaxy M13 Smartphone,13999.0,9799.3,30,4.4,12730,12653,1343,0,0,198,153,0,153,2024,5,8,2,19,129,2,0.9749279121818236,-0.22252093395631434,0.49999999999999994,-0.8660254037844387,0.7961828637826158,-0.6050560696488488,4199.700000000001,0.30000000000000004,0.10614083616533629,1.2941176470588236,45,142.0,90.0,130.0,153.0,131.71428571428572,133.71428571428572,138.23333333333332,27.499783548933433,137.0,57.0,11199.2,-1399.9000000000015,137.0,61.0,1.0
2024-05-10,B09V4D4N5T,Samsung Galaxy M13 Smartphone,13999.0,11199.2,20,4.2,14954,10755,1051,0,0,128,128,1,129,2024,5,10,4,19,131,2,-0.433883739117558,-0.9009688679024191,0.49999999999999994,-0.8660254037844387,0.7748840413670407,-0.6321034111873487,2799.7999999999993,0.19999999999999996,0.09772198977219898,0.9922480620155039,-1,153.0,116.0,144.0,167.0,140.71428571428572,135.35714285714286,138.23333333333332,21.148004521424365,153.0,116.0,9799.3,1399.9000000000015,198.0,-70.0,1.0
2024-05-15,B09V4D4N5T,Samsung Galaxy M13 Smartphone,13999.0,9799.3,30,4.3,14066,7072,518,0,0,205,119,0,119,2024,5,15,2,20,136,2,0.9749279121818236,-0.22252093395631434,0.49999999999999994,-0.8660254037844387,0.717676913675962,-0.6963762255968722,4199.700000000001,0.30000000000000004,0.07324660633484163,1.7226890756302522,86,129.0,127.0,134.0,158.0,142.57142857142858,134.28571428571428,136.96666666666667,19.086270308412896,128.0,110.0,11199.2,-1399.9000000000015,128.0,77.0,1.0
2024-05-16,B09V4D4N5T,Samsung Galaxy M13 Smartphone,13999.0,9799.3,30,4.1,8398,14176,1840,0,0,189,166,0,166,2024,5,16,3,20,137,2,0.43388373911755823,-0.900968867902419,0.49999999999999994,-0.8660254037844387,0.705583610107178,-0.7086266782644596,4199.700000000001,0.30000000000000004,0.12979683972911965,1.1385542168674698,23,119.0,120.0,135.0,139.0,141.42857142857142,133.21428571428572,135.66666666666666,20.370379990379927,119.0,120.0,9799.3,0.0,205.0,-16.0,1.0
2024-05-26,B09V4D4N5T,Samsung Galaxy M13 Smartphone,13999.0,9799.3,30,4.1,9504,11519,1760,0,1,93,93,1,139,2024,5,26,6,21,147,2,-0.7818314824680299,0.6234898018587334,0.49999999999999994,-0.8660254037844387,0.5737722679043246,-0.8190148866680801,4199.700000000001,0.30000000000000004,0.15279104088896606,0.6690647482014388,-46,166.0,152.0,136.0,111.0,148.0,135.42857142857142,136.56666666666666,19.71463077683052,166.0,87.0,9799.3,0.0,189.0,-96.0,1.0
2024-06-01,B09V4D4N5T,Samsung Galaxy M13 Smartphone,13999.0,9799.3,30,3.9,7015,5699,875,0,1,123,111,0,111,2024,6,1,5,22,153,2,-0.9749279121818236,-0.2225209339563146,1.2246467991473532e-16,-1.0,0.48627270710868997,-0.8738071036110808,4199.700000000001,0.30000000000000004,0.1535357080189507,1.1081081081081081,12,139.0,175.0,138.0,126.0,146.14285714285714,135.64285714285714,137.5,19.886583177516393,93.0,175.0,9799.3,0.0,93.0,30.0,1.0
2024-06-04,B09V4D4N5T,Samsung Galaxy M13 Smartphone,13999.0,9799.3,30,4.3,11486,10034,1687,0,0,168,138,0,138,2024,6,4,1,23,156,2,0.7818314824680298,0.6234898018587336,1.2246467991473532e-16,-1.0,0.440518784350495,-0.8977433935342337,4199.700000000001,0.30000000000000004,0.1681283635638828,1.2173913043478262,30,111.0,142.0,133.0,137.0,137.0,133.71428571428572,137.0,19.104973174545215,111.0,137.0,9799.3,0.0,123.0,45.0,1.0
2024-06-06,B09V4D4N5T,Samsung Galaxy M13 Smartphone,13999.0,11199.2,20,3.9,12948,14068,1858,0,0,74,74,1,141,2024,6,6,3,23,158,2,0.43388373911755823,-0.900968867902419,1.2246467991473532e-16,-1.0,0.4093559588156213,-0.9123747579707273,2799.7999999999993,0.19999999999999996,0.13207278930907024,0.524822695035461,-67,138.0,153.0,90.0,107.0,136.42857142857142,134.07142857142858,137.03333333333333,18.989972291163046,138.0,153.0,9799.3,1399.9000000000015,168.0,-94.0,1.0
2024-06-07,B09V4D4N5T,Samsung Galaxy M13 Smartphone,13999.0,9799.3,30,4.2,6846,14006,1488,0,0,123,123,1,165,2024,6,7,4,23,159,2,-0.433883739117558,-0.9009688679024191,1.2246467991473532e-16,-1.0,0.39359027665646673,-0.9192859697186104,4199.700000000001,0.30000000000000004,0.10624018277880908,0.7454545454545455,-42,141.0,129.0,116.0,204.0,134.71428571428572,137.71428571428572,138.16666666666666,17.745556117091837,74.0,128.0,11199.2,-1399.9000000000015,74.0,49.0,1.0
2024-06-12,B09V4D4N5T,Samsung Galaxy M13 Smartphone,13999.0,11199.2,20,4.4,8813,12121,1461,0,0,229,129,0,129,2024,6,12,2,24,164,2,0.9749279121818236,-0.22252093395631434,1.2246467991473532e-16,-1.0,0.3131070409358269,-0.9497178427914316,2799.7999999999993,0.19999999999999996,0.12053460935566372,1.7751937984496124,100,165.0,119.0,127.0,136.0,139.85714285714286,141.21428571428572,136.86666666666667,20.77200497006202,123.0,119.0,9799.3,1399.9000000000015,123.0,106.0,1.0
2024-06-13,B09V4D4N5T,Samsung Galaxy M13 Smartphone,13999.0,8399.4,40,4.0,15222,5589,797,0,0,173,138,0,138,2024,6,13,3,24,165,2,0.43388373911755823,-0.900968867902419,1.2246467991473532e-16,-1.0,0.29671281927349075,-0.9549667548552551,5599.6,0.4,0.14260153873680445,1.2536231884057971,35,129.0,166.0,120.0,134.0,141.28571428571428,141.35714285714286,136.63333333333333,19.396857870237262,129.0,166.0,11199.2,-2799.800000000001,229.0,-56.0,1.0
2024-06-29,B09V4D4N5T,Samsung Galaxy M13 Smartphone,13999.0,8399.4,40,4.3,9434,8862,934,0,1,274,138,0,138,2024,6,29,5,26,181,2,-0.9749279121818236,-0.2225209339563146,1.2246467991473532e-16,-1.0,0.02581844022713308,-0.9996666485105112,5599.6,0.4,0.10539381629429023,1.9855072463768115,136,138.0,139.0,152.0,138.0,137.28571428571428,142.64285714285714,136.76666666666668,16.049032013536536,138.0,93.0,8399.4,0.0,173.0,101.0,1.0
2024-07-01,B09V4D4N5T,Samsung Galaxy M13 Smartphone,13999.0,8399.4,40,4.4,8107,4786,551,0,0,63,63,1,114,2024,7,1,0,27,183,3,0.0,1.0,-0.4999999999999997,-0.8660254037844388,-0.008606996888688009,-0.9999629591162655,5599.6,0.4,0.11512745507730882,0.5526315789473685,-51,138.0,111.0,175.0,155.0,137.14285714285714,141.64285714285714,136.76666666666668,16.035674514748333,138.0,111.0,8399.4,0.0,274.0,-211.0,1.0
2024-07-06,B09V4D4N5T,Samsung Galaxy M13 Smartphone,13999.0,9799.3,30,3.9,7602,7005,857,0,1,221,112,0,112,2024,7,6,5,27,188,3,-0.9749279121818236,-0.2225209339563146,-0.4999999999999997,-0.8660254037844388,-0.09453674981719933,-0.9955213724144752,4199.700000000001,0.30000000000000004,0.12234118486795147,1.9732142857142858,109,114.0,138.0,142.0,120.0,137.57142857142858,137.28571428571428,135.4,15.240922356793439,63.0,138.0,8399.4,1399.8999999999996,63.0,158.0,1.0
2024-07-15,B09V4D4N5T,Samsung Galaxy M13 Smartphone,13999.0,11199.2,20,4.2,16581,7692,921,0,0,147,107,0,107,2024,7,15,0,29,197,3,0.0,1.0,-0.4999999999999997,-0.8660254037844388,-0.24702218048093527,-0.9690098257244063,2799.7999999999993,0.19999999999999996,0.11973478939157567,1.3738317757009346,40,112.0,141.0,153.0,165.0,133.85714285714286,135.14285714285714,135.13333333333333,18.031718086276495,112.0,74.0,9799.3,1399.9000000000015,221.0,-74.0,1.0
2024-07-21,B09V4D4N5T,Samsung Galaxy M13 Smartphone,13999.0,11199.2,20,3.8,14723,13336,1539,0,1,77,77,1,138,2024,7,21,6,29,203,3,-0.7818314824680299,0.6234898018587334,-0.4999999999999997,-0.8660254037844388,-0.3456123126707333,-0.9383773917408642,2799.7999999999993,0.19999999999999996,0.11540191961607678,0.5579710144927537,-61,107.0,165.0,129.0,125.0,129.0,131.85714285714286,133.2,20.231987873993738,107.0,123.0,11199.2,0.0,147.0,-70.0,1.0
2024-07-22,B09V4D4N5T,Samsung Galaxy M13 Smartphone,13999.0,11199.2,20,3.9,13174,4480,514,0,0,46,46,1,93,2024,7,22,0,30,204,3,0.0,1.0,-0.4999999999999997,-0.8660254037844388,-0.3617137307297674,-0.9322892131745134,2799.7999999999993,0.19999999999999996,0.11473214285714285,0.4946236559139785,-47,138.0,129.0,119.0,130.0,125.14285714285714,132.5,133.63333333333333,13.765035069925863,77.0,129.0,11199.2,0.0,77.0,-31.0,1.0
2024-07-26,B09V4D4N5T,Samsung Galaxy M13 Smartphone,13999.0,9799.3,30,3.8,11805,8215,822,0,0,151,117,0,117,2024,7,26,4,30,208,3,-0.433883739117558,-0.9009688679024191,-0.4999999999999997,-0.8660254037844388,-0.42500033996955394,-0.9051931898913975,4199.700000000001,0.30000000000000004,0.10006086427267194,1.2905982905982907,34,93.0,138.0,166.0,144.0,120.0,130.64285714285714,132.4,18.119970566571975,46.0,138.0,11199.2,-1399.9000000000015,46.0,105.0,1.0
2024-08-01,B09V4D4N5T,Samsung Galaxy M13 Smartphone,13999.0,6999.5,50,3.9,11273,8491,1184,0,0,102,102,1,155,2024,8,1,3,31,214,3,0.43388373911755823,-0.900968867902419,-0.8660254037844385,-0.5000000000000004,-0.5160623910158526,-0.8565509959010037,6999.5,0.5,0.13944176186550467,0.6580645161290323,-53,117.0,138.0,139.0,134.0,117.0,127.14285714285714,131.5,16.28905563049732,117.0,138.0,9799.3,-2799.7999999999993,151.0,-49.0,1.0
2024-08-10,B09V4D4N5T,Samsung Galaxy M13 Smartphone,13999.0,8399.4,40,4.1,15297,5792,544,0,1,133,128,0,128,2024,8,10,5,32,223,3,-0.9749279121818236,-0.2225209339563146,-0.8660254037844385,-0.5000000000000004,-0.6420547132365636,-0.7666588193001592,5599.6,0.4,0.09392265193370165,1.0390625,5,155.0,114.0,111.0,135.0,119.42857142857143,128.28571428571428,132.2,20.630536774867235,102.0,63.0,6999.5,1399.8999999999996,102.0,31.0,1.0
2024-08-19,B09V4D4N5T,Samsung Galaxy M13 Smartphone,13999.0,11199.2,20,3.9,11027,9311,883,0,0,91,91,1,115,2024,8,19,0,34,232,3,0.0,1.0,-0.8660254037844385,-0.5000000000000004,-0.7526668275320083,-0.6584015846980489,2799.7999999999993,0.19999999999999996,0.09483406723230588,0.7913043478260869,-24,128.0,112.0,138.0,136.0,121.42857142857143,129.5,131.96666666666667,20.695064974186835,128.0,112.0,8399.4,2799.800000000001,133.0,-42.0,1.0
2024-08-25,B09V4D4N5T,Samsung Galaxy M13 Smartphone,13999.0,9799.3,30,4.2,13186,10383,1115,0,1,247,152,0,152,2024,8,25,6,34,238,3,-0.7818314824680299,0.6234898018587334,-0.8660254037844385,-0.5000000000000004,-0.8165380514459157,-0.5772916165517278,4199.700000000001,0.30000000000000004,0.1073870750264856,1.625,95,115.0,107.0,141.0,138.0,121.85714285714286,127.85714285714286,131.26666666666668,20.497386593001494,91.0,107.0,11199.2,-1399.9000000000015,91.0,156.0,1.0
2024-09-15,B09V4D4N5T,Samsung Galaxy M13 Smartphone,13999.0,9799.3,30,4.1,13550,10537,1347,0,1,143,141,0,141,2024,9,15,6,37,259,3,-0.7818314824680299,0.6234898018587334,-1.0,-1.8369701987210297e-16,-0.9679377830240642,-0.25119006388481957,4199.700000000001,0.30000000000000004,0.12783524722406758,1.0141843971631206,2,152.0,138.0,165.0,133.0,128.28571428571428,128.64285714285714,131.73333333333332,22.058364140876925,152.0,77.0,9799.3,0.0,247.0,-104.0,1.0
2024-09-23,B09V4D4N5T,Samsung Galaxy M13 Smartphone,13999.0,6999.5,50,4.0,10971,49199,7801,1,0,302,302,1,494,2024,9,23,0,39,267,3,0.0,1.0,-1.0,-1.8369701987210297e-16,-0.9932568492674143,-0.11593459959550066,6999.5,0.5,0.1585601333360434,0.611336032388664,-192,141.0,93.0,129.0,90.0,128.71428571428572,126.92857142857143,132.0,22.30630916515605,141.0,46.0,9799.3,-2799.7999999999993,143.0,159.0,1.0
2024-10-02,B09V4D4N5T,Samsung Galaxy M13 Smartphone,13999.0,5599.6,60,4.4,15754,52737,7994,1,0,901,544,0,544,2024,10,2,2,40,276,4,0.9749279121818236,-0.22252093395631434,-0.8660254037844386,0.5000000000000001,-0.9992500112396835,0.03872228089217399,8399.4,0.6,0.15158238049187478,1.65625,357,494.0,117.0,138.0,116.0,186.0,153.0,145.46666666666667,136.7308792238732,302.0,117.0,6999.5,-1399.8999999999996,302.0,599.0,1.0
2024-10-03,B09V4D4N5T,Samsung Galaxy M13 Smartphone,13999.0,4899.65,65,4.4,16267,47064,7237,1,0,450,450,1,502,2024,10,3,3,40,277,4,0.43388373911755823,-0.900968867902419,-0.8660254037844386,0.5000000000000001,-0.9984354211555643,0.05591699010060302,9099.35,0.65,0.15376933537310897,0.896414342629482,-52,544.0,155.0,138.0,127.0,247.0,182.0,159.73333333333332,186.87250555748795,544.0,102.0,5599.6,-699.9500000000007,901.0,-451.0,1.0
2024-10-10,B09V4D4N5T,Samsung Galaxy M13 Smartphone,13999.0,4899.65,65,4.2,10066,44832,7190,1,0,867,498,0,498,2024,10,10,3,41,284,4,0.43388373911755823,-0.900968867902419,-0.8660254037844386,0.5000000000000001,-0.9844738167520923,0.17553149042142777,9099.35,0.65,0.16037651677373305,1.7409638554216869,369,502.0,128.0,114.0,120.0,296.57142857142856,208.0,172.23333333333332,203.66955028743428,450.0,128.0,4899.65,0.0,450.0,417.0,1.0
2024-10-19,B09V4D4N5T,Samsung Galaxy M13 Smartphone,13999.0,6999.5,50,4.2,12384,12738,1769,0,1,136,136,1,186,2024,10,19,5,42,293,4,-0.9749279121818236,-0.2225209339563146,-0.8660254037844386,0.5000000000000001,-0.9455963874271428,0.3253420847119795,6999.5,0.5,0.1388758046789135,0.7311827956989247,-50,498.0,115.0,112.0,152.0,349.42857142857144,235.42857142857142,184.83333333333334,200.618923287292,498.0,91.0,4899.65,2099.8500000000004,867.0,-731.0,1.0
2024-10-22,B09V4D4N5T,Samsung Galaxy M13 Smartphone,13999.0,8399.4,40,4.0,9310,6909,609,0,0,140,132,0,132,2024,10,22,1,43,296,4,0.7818314824680298,0.6234898018587336,-0.8660254037844386,0.5000000000000001,-0.9275416835791965,0.3737197147904692,5599.6,0.4,0.08814589665653495,1.0606060606060606,8,186.0,152.0,107.0,175.0,359.57142857142856,240.71428571428572,185.96666666666667,188.20189260725397,136.0,152.0,6999.5,1399.8999999999996,136.0,4.0,1.0
2024-10-31,B09V4D4N5T,Samsung Galaxy M13 Smartphone,13999.0,9799.3,30,4.0,10830,9613,1209,0,0,179,145,0,145,2024,10,31,3,44,305,4,0.43388373911755823,-0.900968867902419,-0.8660254037844386,0.5000000000000001,-0.858763958275803,0.5123714121284235,4199.700000000001,0.30000000000000004,0.12576719026318528,1.2344827586206897,34,132.0,141.0,138.0,142.0,356.7142857142857,242.5,184.53333333333333,191.99193931492212,132.0,141.0,8399.4,1399.8999999999996,140.0,39.0,1.0
2024-11-07,B09V4D4N5T,Samsung Galaxy M13 Smartphone,13999.0,6999.5,50,4.2,7600,17666,3332,1,0,256,256,1,304,2024,11,7,3,45,312,4,0.43388373911755823,-0.900968867902419,-0.5000000000000004,0.8660254037844384,-0.7909456567567774,0.6118864012687242,6999.5,0.5,0.188610890977018,0.8421052631578947,-48,145.0,494.0,93.0,153.0,357.2857142857143,243.0,184.63333333333333,191.2474089460336,145.0,302.0,9799.3,-2799.7999999999993,179.0,77.0,1.0
2024-11-08,B09V4D4N5T,Samsung Galaxy M13 Smartphone,13999.0,6999.5,50,3.9,15656,40121,7326,1,0,803,432,0,432,2024,11,8,4,45,313,4,-0.433883739117558,-0.9009688679024191,-0.5000000000000004,0.8660254037844384,-0.780295851070776,0.6254105729852457,6999.5,0.5,0.18259764213254903,1.8587962962962963,371,304.0,544.0,117.0,129.0,330.14285714285717,258.07142857142856,189.66666666666666,181.8629782477535,256.0,544.0,6999.5,0.0,256.0,547.0,1.0
2024-11-09,B09V4D4N5T,Samsung Galaxy M13 Smartphone,13999.0,6999.5,50,4.1,14368,28286,4911,1,1,282,282,1,387,2024,11,9,5,45,314,4,-0.9749279121818236,-0.2225209339563146,-0.5000000000000004,0.8660254037844384,-0.7694148268839381,0.6387494220515268,6999.5,0.5,0.1736194583893092,0.7286821705426356,-105,432.0,502.0,155.0,119.0,314.14285714285717,280.57142857142856,199.76666666666668,163.9577471702477,432.0,450.0,6999.5,0.0,803.0,-521.0,1.0
2024-11-12,B09V4D4N5T,Samsung Galaxy M13 Smartphone,13999.0,6999.5,50,4.3,14040,51207,7233,1,0,895,521,0,521,2024,11,12,1,46,317,4,0.7818314824680298,0.6234898018587336,-0.5000000000000004,0.8660254037844384,-0.7354170229639858,0.6776147890466887,6999.5,0.5,0.14125021969652587,1.7178502879078694,374,387.0,498.0,128.0,166.0,297.7142857142857,297.14285714285717,208.7,146.86809760883443,282.0,498.0,6999.5,0.0,282.0,613.0,1.0
2024-11-14,B09V4D4N5T,Samsung Galaxy M13 Smartphone,13999.0,6999.5,50,4.1,10106,28259,4084,1,0,235,235,1,382,2024,11,14,3,46,319,4,0.43388373911755823,-0.900968867902419,-0.5000000000000004,0.8660254037844384,-0.711656622281775,0.7025274741691566,6999.5,0.5,0.14452032980643334,0.6151832460732984,-147,521.0,186.0,115.0,139.0,301.0,325.2142857142857,220.53333333333333,152.25417345128295,521.0,136.0,6999.5,0.0,895.0,-660.0,1.0
2024-11-21,B09V4D4N5T,Samsung Galaxy M13 Smartphone,13999.0,9799.3,30,4.0,15417,9092,1131,0,0,189,124,0,124,2024,11,21,3,47,326,4,0.43388373911755823,-0.900968867902419,-0.5000000000000004,0.8660254037844384,-0.622046748440868,0.7829801036770624,4199.700000000001,0.30000000000000004,0.12439507259128904,1.5241935483870968,65,382.0,132.0,152.0,111.0,329.0,344.2857142857143,228.63333333333333,145.45102268461366,235.0,132.0,6999.5,2799.7999999999993,235.0,-46.0,1.0
2024-11-27,B09V4D4N5T,Samsung Galaxy M13 Smartphone,13999.0,8399.4,40,3.8,9331,6334,806,0,0,74,74,1,127,2024,11,27,2,48,332,4,0.9749279121818236,-0.22252093395631434,-0.5000000000000004,0.8660254037844384,-0.5380051715382992,0.8429415373547832,5599.6,0.4,0.12724976318282286,0.5826771653543307,-53,124.0,145.0,141.0,138.0,327.85714285714283,342.2857142857143,229.06666666666666,147.2768691630705,124.0,145.0,9799.3,-1399.8999999999996,189.0,-115.0,1.0
2024-11-29,B09V4D4N5T,Samsung Galaxy M13 Smartphone,13999.0,9799.3,30,4.4,8843,8602,1294,0,0,171,127,0,127,2024,11,29,4,48,334,4,-0.433883739117558,-0.9009688679024191,-0.5000000000000004,0.8660254037844384,-0.5086709438521042,0.8609610158889945,4199.700000000001,0.30000000000000004,0.15043013252731924,1.3464566929133859,44,127.0,304.0,494.0,141.0,325.2857142857143,341.2857142857143,228.7,151.1089168841626,74.0,256.0,8399.4,1399.8999999999996,74.0,97.0,1.0
2024-12-03,B09V4D4N5T,Samsung Galaxy M13 Smartphone,13999.0,9799.3,30,4.4,10589,11505,1727,0,0,218,142,0,142,2024,12,3,1,49,338,4,0.7818314824680298,0.6234898018587336,-2.4492935982947064e-16,1.0,-0.4482293417404106,0.893918596519257,4199.700000000001,0.30000000000000004,0.15010864841373317,1.5352112676056338,76,127.0,432.0,544.0,165.0,300.0,315.07142857142856,228.23333333333332,169.01282002656885,127.0,432.0,9799.3,0.0,171.0,47.0,1.0
2024-12-05,B09V4D4N5T,Samsung Galaxy M13 Smartphone,13999.0,6999.5,50,4.3,16685,9791,879,0,0,189,165,0,165,2024,12,5,3,49,340,4,0.43388373911755823,-0.900968867902419,-2.4492935982947064e-16,1.0,-0.41719360261231697,0.9088176373395028,6999.5,0.5,0.08977632519660914,1.1454545454545455,24,142.0,387.0,502.0,129.0,258.57142857142856,286.35714285714283,227.46666666666667,166.79214324307696,142.0,282.0,9799.3,-2799.7999999999993,218.0,-29.0,1.0
2024-12-13,B09V4D4N5T,Samsung Galaxy M13 Smartphone,13999.0,11199.2,20,3.9,9717,10171,1890,0,0,129,122,0,122,2024,12,13,4,50,348,4,-0.433883739117558,-0.9009688679024191,-2.4492935982947064e-16,1.0,-0.2884824328806098,0.9574851883550389,2799.7999999999993,0.19999999999999996,0.1858224363386098,1.0573770491803278,7,165.0,521.0,498.0,138.0,226.85714285714286,262.2857142857143,228.66666666666666,159.23716962592707,165.0,521.0,6999.5,4199.700000000001,189.0,-60.0,1.0
2024-12-14,B09V4D4N5T,Samsung Galaxy M13 Smartphone,13999.0,8399.4,40,3.8,15823,11988,1791,0,1,168,145,0,145,2024,12,14,5,50,349,4,-0.9749279121818236,-0.2225209339563146,-2.4492935982947064e-16,1.0,-0.27195815753410524,0.9623090774541487,5599.6,0.4,0.1493993993993994,1.1586206896551725,23,122.0,382.0,186.0,138.0,169.85714285714286,235.42857142857142,228.13333333333333,94.75482146295413,122.0,235.0,11199.2,-2799.800000000001,129.0,39.0,1.0
2024-12-19,B09V4D4N5T,Samsung Galaxy M13 Smartphone,13999.0,11199.2,20,4.1,15394,10203,1575,0,0,227,124,0,124,2024,12,19,3,51,354,4,0.43388373911755823,-0.900968867902419,-2.4492935982947064e-16,1.0,-0.1882267098432439,0.9821256058680006,2799.7999999999993,0.19999999999999996,0.15436636283446045,1.8306451612903225,103,145.0,124.0,132.0,114.0,136.0,232.5,228.36666666666667,15.599145275734902,145.0,124.0,8399.4,2799.800000000001,168.0,59.0,1.0
2024-12-21,B09V4D4N5T,Samsung Galaxy M13 Smartphone,13999.0,8399.4,40,3.9,7981,13084,1881,0,1,182,182,1,183,2024,12,21,5,51,356,4,-0.9749279121818236,-0.2225209339563146,-2.4492935982947064e-16,1.0,-0.154308820664281,0.9880226656636976,5599.6,0.4,0.14376337511464385,0.994535519125683,-1,124.0,127.0,145.0,112.0,136.0,231.92857142857142,228.7,15.599145275734902,124.0,74.0,11199.2,-2799.800000000001,227.0,-45.0,1.0
2025-01-08,B09V4D4N5T,Samsung Galaxy M13 Smartphone,13999.0,9799.3,30,4.0,13230,7074,616,0,0,116,116,1,125,2025,1,8,2,2,8,1,0.9749279121818236,-0.22252093395631434,0.49999999999999994,0.8660254037844387,0.13727877211326478,0.9905324521322229,4199.700000000001,0.30000000000000004,0.08707944585807181,0.928,-9,183.0,127.0,304.0,107.0,144.0,234.64285714285714,231.06666666666666,22.876479915701108,182.0,127.0,8399.4,1399.8999999999996,182.0,-66.0,1.0
2025-01-10,B09V4D4N5T,Samsung Galaxy M13 Smartphone,13999.0,11199.2,20,3.9,10862,5397,742,0,0,105,82,0,82,2025,1,10,4,2,10,1,-0.433883739117558,-0.9009688679024191,0.49999999999999994,0.8660254037844387,0.1712931441814776,0.9852201067560606,2799.7999999999993,0.19999999999999996,0.13748378728923477,1.2804878048780488,23,125.0,142.0,432.0,138.0,143.71428571428572,221.85714285714286,231.66666666666666,23.135213317327295,116.0,142.0,9799.3,1399.9000000000015,116.0,-11.0,1.0
2025-01-13,B09V4D4N5T,Samsung Galaxy M13 Smartphone,13999.0,9799.3,30,4.3,9052,12886,1551,0,0,131,131,1,152,2025,1,13,0,3,13,1,0.0,1.0,0.49999999999999994,0.8660254037844387,0.2219215130041655,0.9750645322571948,4199.700000000001,0.30000000000000004,0.12036318485177712,0.8618421052631579,-21,82.0,165.0,387.0,93.0,135.14285714285714,196.85714285714286,229.8,32.92126248808927,82.0,165.0,11199.2,-1399.9000000000015,105.0,26.0,1.0
2025-01-19,B09V4D4N5T,Samsung Galaxy M13 Smartphone,13999.0,11199.2,20,4.3,8376,6494,531,0,1,127,119,0,119,2025,1,19,6,3,19,1,-0.7818314824680299,0.6234898018587334,0.49999999999999994,0.8660254037844387,0.3212696616923644,0.9469877530760753,2799.7999999999993,0.19999999999999996,0.08176778564829074,1.0672268907563025,8,152.0,122.0,521.0,117.0,133.28571428571428,180.07142857142858,231.76666666666668,31.282126343514115,131.0,122.0,9799.3,1399.9000000000015,131.0,-4.0,1.0
2025-01-23,B09V4D4N5T,Samsung Galaxy M13 Smartphone,13999.0,11199.2,20,3.9,14524,6933,735,0,0,94,94,1,100,2025,1,23,3,4,23,1,0.43388373911755823,-0.900968867902419,0.49999999999999994,0.8660254037844387,0.38566340624360707,0.9226395488404876,2799.7999999999993,0.19999999999999996,0.10601471224578105,0.94,-6,119.0,145.0,382.0,155.0,132.85714285714286,151.35714285714286,231.83333333333334,31.482421398980872,119.0,145.0,11199.2,0.0,127.0,-33.0,1.0
2025-01-30,B09V4D4N5T,Samsung Galaxy M13 Smartphone,13999.0,8399.4,40,4.0,10977,8037,990,0,0,182,145,0,145,2025,1,30,3,5,30,1,0.43388373911755823,-0.900968867902419,0.49999999999999994,0.8660254037844387,0.49377555015997715,0.869589389346611,5599.6,0.4,0.12318029115341546,1.2551724137931035,37,100.0,124.0,124.0,128.0,126.42857142857143,131.21428571428572,230.0,33.140393997142986,94.0,124.0,11199.2,-2799.800000000001,94.0,88.0,1.0
2025-02-06,B09V4D4N5T,Samsung Galaxy M13 Smartphone,13999.0,11199.2,20,4.1,10558,8012,569,0,0,69,69,1,128,2025,2,6,3,6,37,1,0.43388373911755823,-0.900968867902419,0.8660254037844386,0.5000000000000001,0.5947266869607634,0.8039279618328213,2799.7999999999993,0.19999999999999996,0.07101847229156266,0.5390625,-59,145.0,183.0,127.0,115.0,129.42857142857142,132.71428571428572,230.56666666666666,33.82729244686705,145.0,182.0,8399.4,2799.800000000001,182.0,-113.0,1.0
2025-02-16,B09V4D4N5T,Samsung Galaxy M13 Smartphone,13999.0,8399.4,40,4.0,9680,11574,1225,0,1,220,168,0,168,2025,2,16,6,7,47,1,-0.7818314824680299,0.6234898018587334,0.8660254037844386,0.5000000000000001,0.7236440382959124,0.6901733882429719,5599.6,0.4,0.10584067738033523,1.3095238095238095,52,128.0,125.0,127.0,152.0,121.57142857142857,132.78571428571428,231.0,24.377976008805064,69.0,116.0,11199.2,-2799.800000000001,69.0,151.0,1.0
2025-02-19,B09V4D4N5T,Samsung Galaxy M13 Smartphone,13999.0,9799.3,30,4.2,10315,10797,1549,0,0,80,80,1,136,2025,2,19,2,8,50,1,0.9749279121818236,-0.22252093395631434,0.8660254037844386,0.5000000000000001,0.7583058084785624,0.6518989958787126,4199.700000000001,0.30000000000000004,0.1434657775307956,0.5882352941176471,-56,168.0,82.0,142.0,141.0,127.71428571428571,135.71428571428572,231.53333333333333,30.12592618612056,168.0,82.0,8399.4,1399.8999999999996,220.0,-140.0,1.0
2025-02-22,B09V4D4N5T,Samsung Galaxy M13 Smartphone,13999.0,9799.3,30,3.9,7680,9526,1216,0,1,156,137,0,137,2025,2,22,5,8,53,1,-0.9749279121818236,-0.2225209339563146,0.8660254037844386,0.5000000000000001,0.7909456567567772,0.6118864012687243,4199.700000000001,0.30000000000000004,0.12765064035271886,1.1386861313868613,19,136.0,152.0,165.0,494.0,135.42857142857142,135.28571428571428,231.36666666666667,22.389410762364065,80.0,131.0,9799.3,0.0,80.0,76.0,1.0
2025-02-23,B09V4D4N5T,Samsung Galaxy M13 Smartphone,13999.0,11199.2,20,4.3,14487,13068,1509,0,1,143,140,0,140,2025,2,23,6,8,54,1,-0.7818314824680299,0.6234898018587334,0.8660254037844386,0.5000000000000001,0.8013610881746766,0.5981809144059165,2799.7999999999993,0.19999999999999996,0.11547291092745639,1.0214285714285714,3,137.0,119.0,122.0,544.0,133.28571428571428,133.28571428571428,219.46666666666667,21.22666786312868,137.0,119.0,9799.3,1399.9000000000015,156.0,-13.0,1.0
2025-03-06,B09V4D4N5T,Samsung Galaxy M13 Smartphone,13999.0,8399.4,40,4.2,12406,4648,552,0,0,68,68,1,116,2025,3,6,3,10,65,1,0.43388373911755823,-0.900968867902419,1.0,6.123233995736766e-17,0.8996308696522433,0.43665123195606403,5599.6,0.4,0.11876075731497418,0.5862068965517241,-48,140.0,100.0,145.0,502.0,136.28571428571428,134.57142857142858,206.0,20.336455654109873,140.0,94.0,11199.2,-2799.800000000001,143.0,-75.0,1.0
2025-03-11,B09V4D4N5T,Samsung Galaxy M13 Smartphone,13999.0,9799.3,30,3.9,16630,12570,1734,0,0,123,123,1,148,2025,3,11,1,11,70,1,0.7818314824680298,0.6234898018587336,1.0,6.123233995736766e-17,0.9338372288229252,0.35769823883312546,4199.700000000001,0.30000000000000004,0.1379474940334129,0.831081081081081,-25,116.0,145.0,124.0,498.0,138.57142857142858,132.5,193.13333333333333,16.019333557273676,68.0,145.0,8399.4,1399.8999999999996,68.0,55.0,1.0
2025-03-17,B09V4D4N5T,Samsung Galaxy M13 Smartphone,13999.0,11199.2,20,4.4,15055,8969,1245,0,0,85,85,1,124,2025,3,17,0,12,76,1,0.0,1.0,1.0,6.123233995736766e-17,0.9657399376548549,0.2595117970697999,2799.7999999999993,0.19999999999999996,0.13881146170141598,0.6854838709677419,-39,148.0,128.0,183.0,186.0,139.0,134.21428571428572,181.46666666666667,16.25833119768077,123.0,69.0,9799.3,1399.9000000000015,123.0,-38.0,1.0
2025-03-23,B09V4D4N5T,Samsung Galaxy M13 Smartphone,13999.0,11199.2,20,4.2,10546,7614,618,0,1,202,113,0,113,2025,3,23,6,12,82,1,-0.7818314824680299,0.6234898018587334,1.0,6.123233995736766e-17,0.9873494423939864,0.15855938510313475,2799.7999999999993,0.19999999999999996,0.08116627265563436,1.7876106194690264,89,124.0,168.0,125.0,132.0,138.42857142857142,130.0,179.4,16.771574591726957,85.0,168.0,11199.2,0.0,85.0,117.0,1.0
2025-03-24,B09V4D4N5T,Samsung Galaxy M13 Smartphone,13999.0,9799.3,30,4.4,12463,8277,1251,0,0,86,86,1,130,2025,3,24,0,13,83,1,0.0,1.0,1.0,6.123233995736766e-17,0.989932495087353,0.141540295217043,4199.700000000001,0.30000000000000004,0.1511417180137731,0.6615384615384615,-44,113.0,136.0,82.0,145.0,130.57142857142858,129.14285714285714,178.76666666666668,13.087616829884208,113.0,80.0,11199.2,-1399.9000000000015,202.0,-116.0,1.0
2025-03-27,B09V4D4N5T,Samsung Galaxy M13 Smartphone,13999.0,9799.3,30,4.4,12694,14982,1627,0,0,128,128,1,179,2025,3,27,3,13,86,1,0.43388373911755823,-0.900968867902419,1.0,6.123233995736766e-17,0.995918996147179,0.09025161003104117,4199.700000000001,0.30000000000000004,0.10859698304632226,0.7150837988826816,-51,130.0,137.0,152.0,304.0,129.71428571428572,132.57142857142858,178.26666666666668,12.867456181063273,86.0,137.0,9799.3,0.0,86.0,42.0,1.0
2025-03-29,B09V4D4N5T,Samsung Galaxy M13 Smartphone,13999.0,9799.3,30,4.0,16347,11221,1441,0,1,117,117,1,145,2025,3,29,5,13,88,1,-0.9749279121818236,-0.2225209339563146,1.0,6.123233995736766e-17,0.9984354211555643,0.055916990100603484,4199.700000000001,0.30000000000000004,0.12841992692273416,0.8068965517241379,-28,179.0,140.0,119.0,432.0,135.71428571428572,134.5,174.1,22.794109514775478,128.0,140.0,9799.3,0.0,128.0,-11.0,1.0
2025-03-31,B09V4D4N5T,Samsung Galaxy M13 Smartphone,13999.0,8399.4,40,4.0,9284,6550,943,0,0,81,81,1,144,2025,3,31,0,14,90,1,0.0,1.0,1.0,6.123233995736766e-17,0.9997685019798909,0.021516097436222254,5599.6,0.4,0.14396946564885496,0.5625,-63,145.0,116.0,100.0,387.0,136.42857142857142,136.35714285714286,164.53333333333333,23.027933348128816,117.0,68.0,9799.3,-1399.8999999999996,117.0,-36.0,1.0
2025-04-04,B09V4D4N5T,Samsung Galaxy M13 Smartphone,13999.0,11199.2,20,4.3,13006,16172,1758,0,0,156,156,1,165,2025,4,4,4,14,94,2,-0.433883739117558,-0.9009688679024191,0.8660254037844387,-0.4999999999999998,0.9988797155850336,-0.04732138832243185,2799.7999999999993,0.19999999999999996,0.10870640613405887,0.9454545454545454,-9,144.0,148.0,145.0,521.0,140.42857142857142,139.5,156.43333333333334,21.25133049056442,81.0,123.0,8399.4,2799.800000000001,81.0,75.0,1.0
2025-04-07,B09V4D4N5T,Samsung Galaxy M13 Smartphone,13999.0,8399.4,40,4.2,8224,6726,962,0,0,208,138,0,138,2025,4,7,0,15,97,2,0.0,1.0,0.8660254037844387,-0.4999999999999998,0.9951053111006976,-0.09882013873287143,5599.6,0.4,0.14302705917335712,1.5072463768115942,70,165.0,124.0,128.0,382.0,142.85714285714286,140.92857142857142,144.56666666666666,23.14755978088548,156.0,85.0,11199.2,-2799.800000000001,156.0,52.0,1.0
2025-05-03,B09V4D4N5T,Samsung Galaxy M13 Smartphone,13999.0,9799.3,30,3.9,15899,14457,1569,0,1,205,173,0,173,2025,5,3,5,18,123,2,-0.9749279121818236,-0.2225209339563146,0.49999999999999994,-0.8660254037844387,0.854322169749827,-0.5197438121555155,4199.700000000001,0.30000000000000004,0.10852874040257315,1.1849710982658959,32,138.0,113.0,168.0,124.0,144.85714285714286,141.64285714285714,136.43333333333334,21.813058561551273,138.0,113.0,8399.4,1399.8999999999996,208.0,-3.0,1.0
2025-05-04,B09V4D4N5T,Samsung Galaxy M13 Smartphone,13999.0,11199.2,20,4.4,14795,14880,1602,0,1,166,152,0,152,2025,5,4,6,18,124,2,-0.7818314824680299,0.6234898018587334,0.49999999999999994,-0.8660254037844387,0.8452490573530633,-0.5343725582809786,2799.7999999999993,0.19999999999999996,0.10766129032258065,1.0921052631578947,14,173.0,130.0,136.0,127.0,153.42857142857142,142.0,138.06666666666666,18.787026932234777,173.0,86.0,9799.3,1399.9000000000015,205.0,-39.0,1.0
2025-05-08,B09V4D4N5T,Samsung Galaxy M13 Smartphone,13999.0,6999.5,50,4.0,7596,5863,654,0,0,246,138,0,138,2025,5,8,3,19,128,2,0.43388373911755823,-0.900968867902419,0.49999999999999994,-0.8660254037844387,0.8064799463209448,-0.5912614448635781,6999.5,0.5,0.11154698959577009,1.7826086956521738,108,152.0,179.0,137.0,127.0,156.57142857142858,143.14285714285714,138.9,15.820420799898002,152.0,128.0,11199.2,-4199.700000000001,166.0,80.0,1.0
2025-05-13,B09V4D4N5T,Samsung Galaxy M13 Smartphone,13999.0,8399.4,40,3.9,17366,11422,1509,0,0,156,150,0,150,2025,5,13,1,20,133,2,0.7818314824680298,0.6234898018587336,0.49999999999999994,-0.8660254037844387,0.7526668275320085,-0.6584015846980488,5599.6,0.4,0.13211346524251444,1.04,6,138.0,145.0,140.0,142.0,150.71428571428572,143.21428571428572,139.26666666666668,13.561148989112173,138.0,117.0,6999.5,1399.8999999999996,246.0,-90.0,1.0
2025-05-14,B09V4D4N5T,Samsung Galaxy M13 Smartphone,13999.0,9799.3,30,4.1,13819,12192,1493,0,0,210,145,0,145,2025,5,14,2,20,134,2,0.9749279121818236,-0.22252093395631434,0.49999999999999994,-0.8660254037844387,0.7412220108485958,-0.6712599575675313,4199.700000000001,0.30000000000000004,0.12245734908136482,1.4482758620689655,65,150.0,144.0,116.0,165.0,151.42857142857142,143.92857142857142,139.53333333333333,13.339879345500714,150.0,81.0,8399.4,1399.8999999999996,156.0,54.0,1.0
2025-05-16,B09V4D4N5T,Samsung Galaxy M13 Smartphone,13999.0,11199.2,20,4.3,17454,13613,1809,0,0,96,96,1,146,2025,5,16,4,20,136,2,-0.433883739117558,-0.9009688679024191,0.49999999999999994,-0.8660254037844387,0.717676913675962,-0.6963762255968722,2799.7999999999993,0.19999999999999996,0.1328876808932638,0.6575342465753424,-50,145.0,165.0,148.0,122.0,151.57142857142858,146.0,138.86666666666667,13.25213370062282,145.0,156.0,9799.3,1399.9000000000015,210.0,-114.0,1.0
2025-05-17,B09V4D4N5T,Samsung Galaxy M13 Smartphone,13999.0,11199.2,20,4.4,15560,9408,1163,0,1,145,133,0,133,2025,5,17,5,20,137,2,-0.9749279121818236,-0.2225209339563146,0.49999999999999994,-0.8660254037844387,0.705583610107178,-0.7086266782644596,2799.7999999999993,0.19999999999999996,0.12361819727891156,1.0902255639097744,12,146.0,138.0,124.0,145.0,148.85714285714286,145.85714285714286,139.66666666666666,11.922367933552252,96.0,138.0,11199.2,0.0,96.0,49.0,1.0
2025-05-25,B09V4D4N5T,Samsung Galaxy M13 Smartphone,13999.0,8399.4,40,3.9,15648,9977,1205,0,1,283,146,0,146,2025,5,25,6,21,145,2,-0.7818314824680299,0.6234898018587334,0.49999999999999994,-0.8660254037844387,0.6016240632249226,-0.7987793728863649,5599.6,0.4,0.12077778891450336,1.9383561643835616,137,133.0,173.0,113.0,124.0,148.14285714285714,146.5,139.26666666666668,12.7988094684491,133.0,173.0,11199.2,-2799.800000000001,145.0,138.0,1.0
2025-06-01,B09V4D4N5T,Samsung Galaxy M13 Smartphone,13999.0,11199.2,20,4.1,14169,7391,609,0,1,131,97,0,97,2025,6,1,6,22,152,2,-0.7818314824680299,0.6234898018587334,1.2246467991473532e-16,-1.0,0.5012418134457758,-0.865307254363206,2799.7999999999993,0.19999999999999996,0.08239751048572588,1.3505154639175259,34,146.0,152.0,130.0,183.0,144.28571428571428,148.85714285714286,140.0,6.651172470943549,146.0,152.0,8399.4,2799.800000000001,283.0,-152.0,1.0
2025-06-05,B09V4D4N5T,Samsung Galaxy M13 Smartphone,13999.0,8399.4,40,4.2,10861,7603,855,0,0,277,148,0,148,2025,6,5,3,23,156,2,0.43388373911755823,-0.900968867902419,1.2246467991473532e-16,-1.0,0.440518784350495,-0.8977433935342337,5599.6,0.4,0.11245560962777851,1.8716216216216217,129,97.0,138.0,179.0,125.0,136.42857142857142,146.5,137.13333333333333,18.301704318246706,97.0,138.0,11199.2,-2799.800000000001,131.0,146.0,1.0
2025-06-07,B09V4D4N5T,Samsung Galaxy M13 Smartphone,13999.0,6999.5,50,4.0,11041,7144,552,0,1,193,155,0,155,2025,6,7,5,23,158,2,-0.9749279121818236,-0.2225209339563146,1.2246467991473532e-16,-1.0,0.4093559588156213,-0.9123747579707273,6999.5,0.5,0.07726763717805152,1.2451612903225806,38,148.0,150.0,145.0,82.0,137.85714285714286,144.28571428571428,137.9,18.827538088564275,148.0,150.0,8399.4,-1399.8999999999996,277.0,-84.0,1.0
2025-06-17,B09V4D4N5T,Samsung Galaxy M13 Smartphone,13999.0,8399.4,40,4.4,9579,8975,1416,0,0,245,143,0,143,2025,6,17,1,25,168,2,0.7818314824680298,0.6234898018587336,1.2246467991473532e-16,-1.0,0.24702218048093552,-0.9690098257244062,5599.6,0.4,0.1577715877437326,1.7132867132867133,102,155.0,145.0,144.0,152.0,138.57142857142858,145.0,140.33333333333334,19.449568485852367,155.0,145.0,6999.5,1399.8999999999996,193.0,52.0,1.0
2025-06-22,B09V4D4N5T,Samsung Galaxy M13 Smartphone,13999.0,11199.2,20,4.0,15034,10988,1969,0,1,121,121,1,150,2025,6,22,6,25,173,2,-0.7818314824680299,0.6234898018587334,1.2246467991473532e-16,-1.0,0.16280701293851715,-0.986657932891657,2799.7999999999993,0.19999999999999996,0.1791954859847106,0.8066666666666666,-29,143.0,146.0,165.0,119.0,138.28571428571428,144.92857142857142,140.03333333333333,19.35384790091046,143.0,96.0,8399.4,2799.800000000001,245.0,-124.0,1.0
2025-06-27,B09V4D4N5T,Samsung Galaxy M13 Smartphone,13999.0,8399.4,40,4.0,13709,10626,1324,0,0,140,140,1,161,2025,6,27,4,26,178,2,-0.433883739117558,-0.9009688679024191,1.2246467991473532e-16,-1.0,0.07738647923346301,-0.9970011699250151,5599.6,0.4,0.1246000376435159,0.8695652173913043,-21,150.0,133.0,138.0,100.0,138.85714285714286,143.85714285714286,141.06666666666666,19.67594615623361,121.0,133.0,11199.2,-2799.800000000001,121.0,19.0,1.0
2025-07-03,B09V4D4N5T,Samsung Galaxy M13 Smartphone,13999.0,11199.2,20,3.9,11430,14866,1879,0,0,270,162,0,162,2025,7,3,3,27,184,3,0.43388373911755823,-0.900968867902419,-0.4999999999999997,-0.8660254037844388,-0.02581844022713239,-0.9996666485105112,2799.7999999999993,0.19999999999999996,0.12639580250235435,1.6666666666666667,108,161.0,146.0,173.0,145.0,142.85714285714286,145.5,143.1,21.08260397760044,140.0,146.0,8399.4,2799.800000000001,140.0,130.0,1.0
2025-07-10,B09V4D4N5T,Samsung Galaxy M13 Smartphone,13999.0,9799.3,30,4.1,9166,11457,1926,0,0,84,84,1,148,2025,7,10,3,28,191,3,0.43388373911755823,-0.900968867902419,-0.4999999999999997,-0.8660254037844388,-0.14579919691987442,-0.9893142039703664,4199.700000000001,0.30000000000000004,0.1681068342498036,0.5675675675675675,-64,162.0,97.0,152.0,128.0,145.14285714285714,144.71428571428572,143.66666666666666,22.3116454751698,162.0,97.0,11199.2,-1399.9000000000015,270.0,-186.0,1.0
2025-07-18,B09V4D4N5T,Samsung Galaxy M13 Smartphone,13999.0,11199.2,20,4.2,8560,6729,1009,0,0,93,93,1,125,2025,7,18,4,29,199,3,-0.433883739117558,-0.9009688679024191,-0.4999999999999997,-0.8660254037844388,-0.2802306751992161,-0.9599326896597445,2799.7999999999993,0.19999999999999996,0.14994798632783474,0.744,-32,148.0,148.0,138.0,168.0,152.42857142857142,144.42857142857142,144.33333333333334,7.138093649743978,84.0,148.0,9799.3,1399.9000000000015,84.0,9.0,1.0
2025-07-19,B09V4D4N5T,Samsung Galaxy M13 Smartphone,13999.0,9799.3,30,4.0,7907,8356,981,0,1,189,112,0,112,2025,7,19,5,29,200,3,-0.9749279121818236,-0.2225209339563146,-0.4999999999999997,-0.8660254037844388,-0.2967128192734901,-0.9549667548552553,4199.700000000001,0.30000000000000004,0.11740067017711824,1.6875,77,125.0,155.0,150.0,136.0,149.14285714285714,143.5,142.9,12.667919737523121,93.0,155.0,11199.2,-1399.9000000000015,93.0,96.0,1.0
2025-07-20,B09V4D4N5T,Samsung Galaxy M13 Smartphone,13999.0,11199.2,20,4.3,17546,14265,1733,0,1,255,155,0,155,2025,7,20,6,29,201,3,-0.7818314824680299,0.6234898018587334,-0.4999999999999997,-0.8660254037844388,-0.3131070409358267,-0.9497178427914317,2799.7999999999993,0.19999999999999996,0.12148615492464072,1.6451612903225807,100,112.0,143.0,145.0,137.0,143.0,140.78571428571428,142.1,18.45715759988005,112.0,143.0,9799.3,1399.9000000000015,189.0,66.0,1.0
2025-08-05,B09V4D4N5T,Samsung Galaxy M13 Smartphone,13999.0,9799.3,30,3.9,15441,12122,1571,0,0,130,130,1,150,2025,8,5,1,32,217,3,0.7818314824680298,0.6234898018587336,-0.8660254037844385,-0.5000000000000004,-0.5595892624101763,-0.828770087174504,4199.700000000001,0.30000000000000004,0.1295990760600561,0.8666666666666667,-20,155.0,150.0,146.0,140.0,144.71428571428572,141.5,142.7,19.00626463138501,155.0,121.0,11199.2,-1399.9000000000015,255.0,-125.0,1.0
2025-08-07,B09V4D4N5T,Samsung Galaxy M13 Smartphone,13999.0,11199.2,20,4.5,9822,10244,1668,0,0,127,127,1,135,2025,8,7,3,32,219,3,0.43388373911755823,-0.900968867902419,-0.8660254037844385,-0.5000000000000004,-0.5877852522924734,-0.8090169943749472,2799.7999999999993,0.19999999999999996,0.16282702069504099,0.9407407407407408,-8,150.0,161.0,133.0,116.0,144.71428571428572,141.78571428571428,143.03333333333333,19.00626463138501,130.0,140.0,9799.3,1399.9000000000015,130.0,-3.0,1.0
2025-08-12,B09V4D4N5T,Samsung Galaxy M13 Smartphone,13999.0,11199.2,20,4.3,15700,6222,611,0,0,123,99,0,99,2025,8,12,1,33,224,3,0.7818314824680298,0.6234898018587336,-0.8660254037844385,-0.5000000000000004,-0.655156357209085,-0.7554933140726804,2799.7999999999993,0.19999999999999996,0.09819993571198972,1.2424242424242424,24,135.0,162.0,146.0,148.0,141.0,141.92857142857142,143.66666666666666,17.79513042005626,127.0,162.0,11199.2,0.0,127.0,-4.0,1.0
2025-08-17,B09V4D4N5T,Samsung Galaxy M13 Smartphone,13999.0,11199.2,20,4.3,10903,7691,1065,0,1,118,117,0,117,2025,8,17,6,33,229,3,-0.7818314824680299,0.6234898018587334,-0.8660254037844385,-0.5000000000000004,-0.7176769136759615,-0.6963762255968726,2799.7999999999993,0.19999999999999996,0.13847354050188532,1.0085470085470085,1,99.0,148.0,97.0,124.0,132.0,138.57142857142858,142.03333333333333,21.03964511741631,99.0,84.0,11199.2,0.0,123.0,-5.0,1.0
2025-08-19,B09V4D4N5T,Samsung Galaxy M13 Smartphone,13999.0,8399.4,40,4.4,13851,5164,622,0,0,107,107,1,118,2025,8,19,1,34,231,3,0.7818314824680298,0.6234898018587336,-0.8660254037844385,-0.5000000000000004,-0.7412220108485957,-0.6712599575675315,5599.6,0.4,0.12044926413632842,0.9067796610169492,-11,117.0,125.0,148.0,113.0,127.57142857142857,140.0,141.8,20.36219653228023,117.0,93.0,11199.2,-2799.800000000001,118.0,-11.0,1.0
2025-09-01,B09V4D4N5T,Samsung Galaxy M13 Smartphone,13999.0,6999.5,50,4.4,17838,11618,1162,0,0,186,180,0,180,2025,9,1,0,36,244,3,0.0,1.0,-1.0,-1.8369701987210297e-16,-0.8717063187093217,-0.4900286664290594,6999.5,0.5,0.1000172146668962,1.0333333333333334,6,118.0,112.0,155.0,130.0,126.57142857142857,137.85714285714286,141.96666666666667,20.67895180175257,107.0,112.0,8399.4,-1399.8999999999996,107.0,79.0,1.0
2025-09-05,B09V4D4N5T,Samsung Galaxy M13 Smartphone,13999.0,8399.4,40,4.3,12025,13248,1638,0,0,318,186,0,186,2025,9,5,4,36,248,3,-0.433883739117558,-0.9009688679024191,-1.0,-1.8369701987210297e-16,-0.9033558023246842,-0.4288919379124841,5599.6,0.4,0.12364130434782608,1.7096774193548387,132,180.0,155.0,143.0,179.0,136.28571428571428,139.64285714285714,143.63333333333333,27.530070139847286,180.0,155.0,6999.5,1399.8999999999996,186.0,132.0,1.0
2025-09-13,B09V4D4N5T,Samsung Galaxy M13 Smartphone,13999.0,9799.3,30,4.3,15973,13219,1582,0,1,94,94,1,172,2025,9,13,5,37,256,3,-0.9749279121818236,-0.2225209339563146,-1.0,-1.8369701987210297e-16,-0.9536809966304455,-0.300819807635668,4199.700000000001,0.30000000000000004,0.11967622361752024,0.5465116279069767,-78,186.0,150.0,150.0,145.0,140.71428571428572,142.71428571428572,143.86666666666667,32.99350585450982,186.0,130.0,8399.4,1399.8999999999996,318.0,-224.0,1.0
2025-09-20,B09V4D4N5T,Samsung Galaxy M13 Smartphone,13999.0,11199.2,20,4.1,14161,13126,1696,0,1,113,113,1,137,2025,9,20,5,38,263,3,-0.9749279121818236,-0.2225209339563146,-1.0,-1.8369701987210297e-16,-0.9829265519799822,-0.18399835165767986,2799.7999999999993,0.19999999999999996,0.1292092031083346,0.8248175182481752,-24,172.0,135.0,161.0,144.0,143.85714285714286,144.28571428571428,144.76666666666668,35.01156271590382,94.0,127.0,9799.3,1399.9000000000015,94.0,19.0,1.0
2025-10-01,B09V4D4N5T,Samsung Galaxy M13 Smartphone,13999.0,6999.5,50,3.8,11092,16820,3076,1,0,260,260,1,298,2025,10,1,2,40,274,4,0.9749279121818236,-0.22252093395631434,-0.8660254037844386,0.5000000000000001,-0.9999907397361901,0.004303538296243821,6999.5,0.5,0.18287752675386446,0.87248322147651,-38,137.0,99.0,162.0,165.0,144.14285714285714,142.57142857142858,144.53333333333333,34.93531437494635,113.0,99.0,11199.2,-4199.700000000001,113.0,147.0,1.0
2025-10-11,B09V4D4N5T,Samsung Galaxy M13 Smartphone,13999.0,4899.65,65,3.8,17297,20583,3709,1,1,618,351,0,351,2025,10,11,5,41,284,4,-0.9749279121818236,-0.2225209339563146,-0.8660254037844386,0.5000000000000001,-0.9844738167520923,0.17553149042142777,9099.35,0.65,0.18019725015789728,1.7606837606837606,267,298.0,117.0,148.0,138.0,172.57142857142858,152.28571428571428,148.96666666666667,62.316014910180456,260.0,117.0,6999.5,-2099.8500000000004,260.0,358.0,1.0
2025-10-14,B09V4D4N5T,Samsung Galaxy M13 Smartphone,13999.0,4899.65,65,4.0,12131,44476,7947,1,0,808,482,0,482,2025,10,14,1,42,287,4,0.7818314824680298,0.6234898018587336,-0.8660254037844386,0.5000000000000001,-0.9741004551724206,0.22611568550828803,9099.35,0.65,0.178680636747909,1.6763485477178424,326,351.0,118.0,125.0,173.0,206.0,166.78571428571428,156.06666666666666,85.85452812752564,351.0,107.0,4899.65,0.0,618.0,190.0,1.0
2025-10-17,B09V4D4N5T,Samsung Galaxy M13 Smartphone,13999.0,9799.3,30,3.9,9249,7765,1512,0,0,165,122,0,122,2025,10,17,4,42,290,4,-0.433883739117558,-0.9009688679024191,-0.8660254037844386,0.5000000000000001,-0.9611297838723007,0.27609697309746883,4199.700000000001,0.30000000000000004,0.19471989697359948,1.3524590163934427,43,482.0,180.0,112.0,152.0,258.0,192.28571428571428,166.36666666666667,124.98666595547989,482.0,180.0,4899.65,4899.65,808.0,-643.0,1.0
2025-11-01,B09V4D4N5T,Samsung Galaxy M13 Smartphone,13999.0,5599.6,60,4.5,17989,29934,3793,1,1,660,396,0,396,2025,11,1,5,44,305,4,-0.9749279121818236,-0.2225209339563146,-0.5000000000000004,0.8660254037844384,-0.858763958275803,0.5123714121284235,8399.4,0.6,0.12671209995323043,1.6666666666666667,264,122.0,186.0,155.0,138.0,249.71428571428572,193.0,165.36666666666667,132.70357227760732,122.0,186.0,9799.3,-4199.699999999999,165.0,495.0,1.0
2025-11-03,B09V4D4N5T,Samsung Galaxy M13 Smartphone,13999.0,8399.4,40,4.0,12876,32213,5612,1,0,482,380,0,380,2025,11,3,0,45,307,4,0.0,1.0,-0.5000000000000004,0.8660254037844384,-0.8406184056344783,0.5416278206559811,5599.6,0.4,0.17421537888430136,1.268421052631579,102,396.0,172.0,150.0,150.0,279.7142857142857,210.21428571428572,173.96666666666667,139.46411041998627,396.0,94.0,5599.6,2799.7999999999993,660.0,-178.0,1.0
2025-11-06,B09V4D4N5T,Samsung Galaxy M13 Smartphone,13999.0,6999.5,50,4.0,12052,40423,7794,1,0,693,448,0,448,2025,11,6,3,45,310,4,0.43388373911755823,-0.900968867902419,-0.5000000000000004,0.8660254037844384,-0.8115390590073611,0.5842981736283683,6999.5,0.5,0.19281102342725676,1.546875,245,380.0,137.0,135.0,145.0,309.42857142857144,226.64285714285714,181.63333333333333,134.76876139380022,380.0,113.0,8399.4,-1399.8999999999996,482.0,211.0,1.0
2025-11-13,B09V4D4N5T,Samsung Galaxy M13 Smartphone,13999.0,8399.4,40,4.1,8902,39120,5185,1,0,717,421,0,421,2025,11,13,3,46,317,4,0.43388373911755823,-0.900968867902419,-0.5000000000000004,0.8660254037844384,-0.7354170229639858,0.6776147890466887,5599.6,0.4,0.13254089979550102,1.7030878859857481,296,448.0,298.0,99.0,146.0,353.85714285714283,249.0,191.73333333333332,118.76367089227872,448.0,260.0,6999.5,1399.8999999999996,693.0,24.0,1.0
2025-11-15,B09V4D4N5T,Samsung Galaxy M13 Smartphone,13999.0,5599.6,60,4.3,17797,37333,7957,1,1,305,305,1,440,2025,11,15,5,46,319,4,-0.9749279121818236,-0.2225209339563146,-0.5000000000000004,0.8660254037844384,-0.711656622281775,0.7025274741691566,8399.4,0.6,0.21313583156992474,0.6931818181818182,-135,421.0,351.0,117.0,133.0,371.42857142857144,272.0,200.9,118.21993224897541,421.0,351.0,8399.4,-2799.7999999999993,717.0,-412.0,1.0
2025-11-16,B09V4D4N5T,Samsung Galaxy M13 Smartphone,13999.0,8399.4,40,3.9,10960,14824,1544,0,1,160,160,1,173,2025,11,16,6,46,320,4,-0.7818314824680299,0.6234898018587334,-0.5000000000000004,0.8660254037844384,-0.6994583270516471,0.7146733860429608,5599.6,0.4,0.10415542363734484,0.9248554913294798,-13,440.0,482.0,118.0,146.0,384.14285714285717,295.07142857142856,211.13333333333333,120.42207517924665,305.0,482.0,5599.6,2799.7999999999993,305.0,-145.0,1.0
2025-11-18,B09V4D4N5T,Samsung Galaxy M13 Smartphone,13999.0,9799.3,30,4.1,9272,9159,1028,0,0,115,115,1,136,2025,11,18,1,47,322,4,0.7818314824680298,0.6234898018587336,-0.5000000000000004,0.8660254037844384,-0.6744436188329457,0.7383263540031063,4199.700000000001,0.30000000000000004,0.11223932743749318,0.8455882352941176,-21,173.0,122.0,180.0,97.0,340.0,299.0,212.03333333333333,134.39618050128252,160.0,122.0,8399.4,1399.8999999999996,160.0,-45.0,1.0
2025-11-20,B09V4D4N5T,Samsung Galaxy M13 Smartphone,13999.0,9799.3,30,4.5,14636,8504,843,0,0,263,147,0,147,2025,11,20,3,47,324,4,0.43388373911755823,-0.900968867902419,-0.5000000000000004,0.8660254037844384,-0.6486295610349818,0.7611042586607742,4199.700000000001,0.30000000000000004,0.09912982126058326,1.7891156462585034,116,136.0,396.0,186.0,148.0,342.0,295.85714285714283,213.33333333333334,130.66369044229532,115.0,396.0,9799.3,0.0,115.0,148.0,1.0
2025-11-22,B09V4D4N5T,Samsung Galaxy M13 Smartphone,13999.0,9799.3,30,3.9,13281,6794,727,0,1,96,96,1,111,2025,11,22,5,47,326,4,-0.9749279121818236,-0.2225209339563146,-0.5000000000000004,0.8660254037844384,-0.622046748440868,0.7829801036770624,4199.700000000001,0.30000000000000004,0.10700618192522814,0.8648648648648649,-15,147.0,380.0,172.0,155.0,306.42857142857144,293.07142857142856,213.3,146.45233256689949,147.0,380.0,9799.3,0.0,263.0,-167.0,1.0
2025-11-25,B09V4D4N5T,Samsung Galaxy M13 Smartphone,13999.0,9799.3,30,4.5,16053,11425,1703,0,0,264,156,0,156,2025,11,25,1,48,329,4,0.7818314824680298,0.6234898018587336,-0.5000000000000004,0.8660254037844384,-0.5808002734538013,0.8140460935082175,4199.700000000001,0.30000000000000004,0.14905908096280088,1.6923076923076923,108,111.0,448.0,137.0,143.0,268.0,288.7142857142857,211.83333333333334,158.70937800478808,96.0,448.0,9799.3,0.0,96.0,168.0,1.0
2025-11-26,B09V4D4N5T,Samsung Galaxy M13 Smartphone,13999.0,9799.3,30,4.3,9614,6880,637,0,0,198,130,0,130,2025,11,26,2,48,330,4,0.9749279121818236,-0.22252093395631434,-0.5000000000000004,0.8660254037844384,-0.5667017562911184,0.8239230057575536,4199.700000000001,0.30000000000000004,0.09258720930232558,1.523076923076923,68,156.0,421.0,298.0,150.0,226.28571428571428,290.07142857142856,212.26666666666668,140.8873241112847,156.0,421.0,9799.3,0.0,264.0,-66.0,1.0
2025-11-29,B09V4D4N5T,Samsung Galaxy M13 Smartphone,13999.0,11199.2,20,4.3,12465,6434,518,0,1,173,123,0,123,2025,11,29,5,48,333,4,-0.9749279121818236,-0.2225209339563146,-0.5000000000000004,0.8660254037844384,-0.5234156073655503,0.8520775211013093,2799.7999999999993,0.19999999999999996,0.08050979173142679,1.4065040650406504,50,130.0,440.0,351.0,161.0,184.71428571428572,278.07142857142856,211.6,114.27702347908007,130.0,305.0,9799.3,1399.9000000000015,198.0,-25.0,1.0
2025-12-01,B09V4D4N5T,Samsung Galaxy M13 Smartphone,13999.0,8399.4,40,4.1,9017,11000,1391,0,0,84,84,1,154,2025,12,1,0,49,335,4,0.0,1.0,-2.4492935982947064e-16,1.0,-0.49377555015997737,0.8695893893466109,5599.6,0.4,0.12645454545454546,0.5454545454545454,-70,123.0,173.0,482.0,162.0,139.42857142857142,261.7857142857143,210.33333333333334,20.96709440097064,123.0,160.0,11199.2,-2799.800000000001,173.0,-89.0,1.0
2025-12-03,B09V4D4N5T,Samsung Galaxy M13 Smartphone,13999.0,11199.2,20,4.4,13593,12135,1829,0,0,186,138,0,138,2025,12,3,2,49,337,4,0.9749279121818236,-0.22252093395631434,-2.4492935982947064e-16,1.0,-0.4635502709028512,0.8860706215341378,2799.7999999999993,0.19999999999999996,0.15072105480016482,1.3478260869565217,48,154.0,136.0,122.0,148.0,136.71428571428572,238.35714285714286,210.06666666666666,16.690459207930676,84.0,115.0,8399.4,2799.800000000001,84.0,102.0,1.0
2025-12-09,B09V4D4N5T,Samsung Galaxy M13 Smartphone,13999.0,11199.2,20,3.8,16396,10909,1707,0,0,124,124,1,126,2025,12,9,1,50,343,4,0.7818314824680298,0.6234898018587336,-2.4492935982947064e-16,1.0,-0.3697245428906732,0.9291414114031743,2799.7999999999993,0.19999999999999996,0.15647630396919973,0.9841269841269841,-2,138.0,147.0,396.0,125.0,137.0,239.5,209.73333333333332,16.693312034070285,138.0,147.0,11199.2,0.0,186.0,-62.0,1.0
2025-12-11,B09V4D4N5T,Samsung Galaxy M13 Smartphone,13999.0,11199.2,20,4.5,18087,10116,1019,0,0,194,139,0,139,2025,12,11,3,50,345,4,0.43388373911755823,-0.900968867902419,-2.4492935982947064e-16,1.0,-0.33752289959411347,0.941317317512847,2799.7999999999993,0.19999999999999996,0.10073151443258205,1.39568345323741,55,126.0,111.0,380.0,112.0,134.0,220.21428571428572,209.76666666666668,16.48231375344004,124.0,96.0,11199.2,0.0,124.0,70.0,1.0
2025-12-13,B09V4D4N5T,Samsung Galaxy M13 Smartphone,13999.0,11199.2,20,3.9,12269,12838,1552,0,1,163,129,0,129,2025,12,13,5,50,347,4,-0.9749279121818236,-0.2225209339563146,-2.4492935982947064e-16,1.0,-0.3049212246562894,0.9523775757303973,2799.7999999999993,0.19999999999999996,0.12089110453341642,1.2635658914728682,34,139.0,156.0,448.0,155.0,138.0,203.0,210.66666666666666,13.000000000006464,139.0,156.0,11199.2,0.0,194.0,-31.0,1.0
2025-12-16,B09V4D4N5T,Samsung Galaxy M13 Smartphone,13999.0,11199.2,20,3.9,10027,9111,639,0,0,98,98,1,117,2025,12,16,1,51,350,4,0.7818314824680298,0.6234898018587336,-2.4492935982947064e-16,1.0,-0.2553532951161881,0.9668478136052773,2799.7999999999993,0.19999999999999996,0.07013500164636154,0.8376068376068376,-19,129.0,130.0,421.0,150.0,134.14285714285714,180.21428571428572,209.8,10.542431272862496,129.0,130.0,11199.2,0.0,163.0,-65.0,1.0
2025-12-18,B09V4D4N5T,Samsung Galaxy M13 Smartphone,13999.0,8399.4,40,4.5,16133,7174,914,0,0,202,125,0,125,2025,12,18,3,51,352,4,0.43388373911755823,-0.900968867902419,-2.4492935982947064e-16,1.0,-0.22192151300416674,0.9750645322571945,5599.6,0.4,0.1274045163088932,1.616,77,117.0,123.0,440.0,135.0,132.28571428571428,158.5,208.7,12.37893756500408,98.0,123.0,11199.2,-2799.800000000001,98.0,104.0,1.0
2025-12-21,B09V4D4N5T,Samsung Galaxy M13 Smartphone,13999.0,9799.3,30,4.4,13628,12571,1465,0,1,182,149,0,149,2025,12,21,6,51,355,4,-0.7818314824680299,0.6234898018587334,-2.4492935982947064e-16,1.0,-0.1712931441814778,0.9852201067560606,4199.700000000001,0.30000000000000004,0.11653806379762946,1.221476510067114,33,125.0,154.0,173.0,99.0,132.57142857142858,136.0,208.36666666666667,12.149857925886263,125.0,84.0,8399.4,1399.8999999999996,202.0,-20.0,1.0
2025-12-23,B09V4D4N5T,Samsung Galaxy M13 Smartphone,13999.0,11199.2,20,3.8,13086,7156,872,0,0,106,106,1,121,2025,12,23,1,52,357,4,0.7818314824680298,0.6234898018587336,-2.4492935982947064e-16,1.0,-0.13727877211326517,0.9905324521322227,2799.7999999999993,0.19999999999999996,0.1218557853549469,0.8760330578512396,-15,149.0,138.0,136.0,117.0,131.85714285714286,134.28571428571428,210.03333333333333,10.74598485371931,149.0,138.0,9799.3,1399.9000000000015,182.0,-76.0,1.0
2025-12-24,B09V4D4N5T,Samsung Galaxy M13 Smartphone,13999.0,8399.4,40,3.9,9685,12357,1795,0,0,214,175,0,175,2025,12,24,2,52,358,4,0.9749279121818236,-0.22252093395631434,-2.4492935982947064e-16,1.0,-0.12020804489935275,0.9927487224577402,5599.6,0.4,0.14526179493404548,1.2228571428571429,39,121.0,126.0,147.0,118.0,129.42857142857142,133.21428571428572,210.16666666666666,11.04320519380844,106.0,124.0,11199.2,-2799.800000000001,106.0,108.0,1.0
