mrp,selling_price,discount_percent,customer_rating,total_reviews,page_views,ad_spend_inr,is_sale_season,is_weekend,inventory_level,year,month,day,day_of_week,week_of_year,day_of_year,quarter,day_of_week_sin,day_of_week_cos,month_sin,month_cos,day_of_year_sin,day_of_year_cos,discount_amount,price_discount_ratio,ad_spend_per_view,inventory_demand_ratio,inventory_gap,demand_lag_1,demand_lag_7,demand_lag_14,demand_lag_30,demand_rolling_7,demand_rolling_14,demand_rolling_30,demand_rolling_std_7,units_sold_lag_1,units_sold_lag_7,selling_price_lag_1,selling_price_change,inventory_lag_1,inventory_change,product_demand_rank
2990.0,2392.0,20,4.5,13445,9110,1276,0,0,231,2023,1,5,3,1,5,1,0.4338837391175582,-0.900968867902419,0.4999999999999999,0.8660254037844387,0.0859647987374464,0.9962981749346078,598.0,0.2,0.14006586169045,1.9090909090909087,110,0.0,0.0,0.0,0.0,0.0,0.0,0.0,0.0,0.0,0.0,0.0,0.0,0.0,0.0,1.0
2990.0,2093.0,30,4.4,11211,13083,1551,0,0,88,2023,1,10,1,2,10,1,0.7818314824680298,0.6234898018587336,0.4999999999999999,0.8660254037844387,0.1712931441814776,0.9852201067560606,897.0,0.3,0.118550791102958,0.5714285714285714,-66,121.0,0.0,0.0,0.0,0.0,0.0,0.0,0.0,121.0,0.0,2392.0,-299.0,231.0,-143.0,1.0
2990.0,2392.0,20,4.2,7574,16119,1872,0,1,269,2023,1,22,6,3,22,1,-0.7818314824680299,0.6234898018587334,0.4999999999999999,0.8660254037844387,0.3697245428906731,0.9291414114031744,598.0,0.2,0.1161362367392518,1.620481927710843,103,154.0,0.0,0.0,0.0,0.0,0.0,0.0,0.0,88.0,0.0,2093.0,299.0,88.0,181.0,1.0
2990.0,2392.0,20,3.9,9514,9017,1321,0,1,232,2023,1,28,5,4,28,1,-0.9749279121818236,-0.2225209339563146,0.4999999999999999,0.8660254037844387,0.4635502709028509,0.886070621534138,598.0,0.2,0.1465010535654874,1.8125,104,166.0,0.0,0.0,0.0,0.0,0.0,0.0,0.0,166.0,0.0,2392.0,0.0,269.0,-37.0,1.0
2990.0,2093.0,30,4.2,8533,10395,1545,0,0,183,2023,1,30,0,5,30,1,0.0,1.0,0.4999999999999999,0.8660254037844387,0.4937755501599771,0.869589389346611,897.0,0.3,0.1486291486291486,1.22,33,128.0,0.0,0.0,0.0,0.0,0.0,0.0,0.0,128.0,0.0,2392.0,-299.0,232.0,-49.0,1.0
2990.0,2392.0,20,3.9,6915,9378,1065,0,0,236,2023,2,3,4,5,34,1,-0.433883739117558,-0.9009688679024191,0.8660254037844386,0.5000000000000001,0.5524353131676196,0.8335557718385699,598.0,0.2,0.1135636596289187,1.858267716535433,109,150.0,0.0,0.0,0.0,0.0,0.0,0.0,0.0,150.0,0.0,2093.0,299.0,183.0,53.0,1.0
2990.0,2093.0,30,4.0,12593,14475,1938,0,0,163,2023,2,28,1,9,59,1,0.7818314824680298,0.6234898018587336,0.8660254037844386,0.5000000000000001,0.8498170915275278,0.5270777086423722,897.0,0.3,0.1338860103626943,1.101351351351351,15,127.0,0.0,0.0,0.0,0.0,0.0,0.0,0.0,127.0,0.0,2392.0,-299.0,236.0,-73.0,1.0
2990.0,2392.0,20,4.5,8810,11033,1184,0,0,105,2023,3,3,4,9,62,1,-0.433883739117558,-0.9009688679024191,1.0,6.123233995736766e-17,0.8758917051442429,0.4825077417612184,598.0,0.2,0.1073144203752379,0.8898305084745762,-13,148.0,121.0,0.0,0.0,142.0,0.0,0.0,16.743157806499145,148.0,121.0,2093.0,299.0,163.0,-58.0,1.0
2990.0,2093.0,30,4.2,7892,6047,970,0,1,132,2023,3,5,6,9,64,1,-0.7818314824680299,0.6234898018587334,1.0,6.123233995736766e-17,0.8919813464595485,0.4520722039323043,897.0,0.3,0.1604101207210186,1.1092436974789917,13,118.0,154.0,0.0,0.0,141.57142857142858,0.0,0.0,17.395949172696717,105.0,88.0,2392.0,-299.0,105.0,27.0,1.0
2990.0,2093.0,30,3.9,9458,16327,1993,0,1,134,2023,3,26,6,12,85,1,-0.7818314824680299,0.6234898018587334,1.0,6.123233995736766e-17,0.994217906893952,0.107381346664163,897.0,0.3,0.1220677405524591,0.7204301075268817,-52,119.0,166.0,0.0,0.0,136.57142857142858,0.0,0.0,18.237846572966003,119.0,166.0,2093.0,0.0,132.0,2.0,1.0
2990.0,2392.0,20,4.4,7016,11840,1966,0,0,275,2023,3,27,0,13,86,1,0.0,1.0,1.0,6.123233995736766e-17,0.995918996147179,0.0902516100310411,598.0,0.2,0.1660472972972973,1.751592356687898,118,186.0,128.0,0.0,0.0,139.42857142857142,0.0,0.0,24.20645329147541,134.0,128.0,2093.0,299.0,134.0,141.0,1.0
2990.0,2093.0,30,4.0,7095,8227,638,0,0,62,2023,3,31,4,13,90,1,-0.433883739117558,-0.9009688679024191,1.0,6.123233995736766e-17,0.9997685019798908,0.0215160974362222,897.0,0.3,0.077549532028686,0.5166666666666667,-58,157.0,150.0,0.0,0.0,143.57142857142858,0.0,0.0,24.405307775544387,157.0,150.0,2392.0,-299.0,275.0,-213.0,1.0
2990.0,2392.0,20,4.1,5530,5281,671,0,1,147,2023,4,1,5,13,91,2,-0.9749279121818236,-0.2225209339563146,0.8660254037844387,-0.4999999999999998,0.99999073973619,0.0043035382962442,598.0,0.2,0.1270592690778261,1.5638297872340423,53,120.0,127.0,0.0,0.0,139.28571428571428,0.0,0.0,25.68861152154319,62.0,127.0,2093.0,299.0,62.0,85.0,1.0
2990.0,1794.0,40,4.2,8763,14348,1618,0,1,327,2023,4,2,6,13,92,2,-0.7818314824680299,0.6234898018587334,0.8660254037844387,-0.4999999999999998,0.999916658654738,-0.0129102960750088,1196.0,0.4,0.1127683300808475,1.7771739130434785,143,94.0,148.0,0.0,0.0,134.57142857142858,0.0,0.0,30.83211065786848,94.0,148.0,2392.0,-598.0,147.0,180.0,1.0
2990.0,1794.0,40,3.9,11771,8453,616,0,1,133,2023,4,16,6,15,106,2,-0.7818314824680299,0.6234898018587334,0.8660254037844387,-0.4999999999999998,0.9679377830240642,-0.2511900638848193,1196.0,0.4,0.0728735360227138,0.93006993006993,-10,184.0,118.0,121.0,0.0,139.71428571428572,140.85714285714286,0.0,36.012563945167265,184.0,105.0,1794.0,0.0,327.0,-194.0,1.0
2990.0,1794.0,40,4.0,8037,7157,655,0,0,127,2023,4,19,2,16,109,2,0.9749279121818236,-0.2225209339563143,0.8660254037844387,-0.4999999999999998,0.9536809966304456,-0.3008198076356673,1196.0,0.4,0.0915187927902752,0.9769230769230768,-3,143.0,119.0,154.0,0.0,143.28571428571428,142.42857142857142,0.0,34.71653921746946,133.0,119.0,1794.0,0.0,133.0,-6.0,1.0
2990.0,2392.0,20,4.0,13858,12213,1577,0,0,140,2023,4,24,0,17,114,2,0.0,1.0,0.8660254037844387,-0.4999999999999998,0.9242907221930932,-0.3816892202666588,598.0,0.2,0.1291247031851305,0.9395973154362416,-9,130.0,186.0,166.0,0.0,144.85714285714286,140.71428571428572,0.0,33.667138139084386,127.0,134.0,1794.0,598.0,127.0,13.0,1.0
2990.0,2093.0,30,4.2,7956,8104,736,0,1,85,2023,4,30,6,17,120,2,-0.7818314824680299,0.6234898018587334,0.8660254037844387,-0.4999999999999998,0.8800122039735357,-0.4749510720670499,897.0,0.3,0.0908193484698914,0.6640625,-43,149.0,157.0,128.0,0.0,139.57142857142858,139.5,0.0,28.663897983684063,140.0,157.0,2392.0,-299.0,140.0,-55.0,1.0
2990.0,2093.0,30,4.3,7020,7784,541,0,0,195,2023,5,8,0,19,128,2,0.0,1.0,0.4999999999999999,-0.8660254037844387,0.8064799463209448,-0.5912614448635781,897.0,0.3,0.0695015416238437,1.5,65,128.0,120.0,150.0,0.0,135.42857142857142,139.5,0.0,27.80801528850475,85.0,62.0,2093.0,0.0,85.0,110.0,1.0
2990.0,1495.0,50,3.8,10266,15417,1539,0,0,376,2023,5,12,4,19,132,2,-0.433883739117558,-0.9009688679024191,0.4999999999999999,-0.8660254037844387,0.7638886127905428,-0.6453481132295501,1495.0,0.5,0.0998248686514886,1.968586387434555,185,130.0,94.0,127.0,0.0,136.85714285714286,138.07142857142858,0.0,27.13195269682698,130.0,94.0,2093.0,-598.0,195.0,181.0,1.0
2990.0,1495.0,50,3.8,9911,8773,1316,0,1,218,2023,5,20,5,20,140,2,-0.9749279121818236,-0.2225209339563146,0.4999999999999999,-0.8660254037844387,0.6680638642135335,-0.7441039398713607,1495.0,0.5,0.1500056993046848,1.379746835443038,60,191.0,184.0,148.0,0.0,150.71428571428572,142.64285714285714,0.0,26.354723079012388,191.0,184.0,1495.0,0.0,376.0,-158.0,1.0
2990.0,2392.0,20,4.4,15187,15367,1784,0,0,293,2023,5,26,4,21,146,2,-0.433883739117558,-0.9009688679024191,0.4999999999999999,-0.8660254037844387,0.5877852522924732,-0.8090169943749473,598.0,0.2,0.1160929264007288,1.8662420382165603,136,158.0,143.0,118.0,0.0,147.0,143.35714285714286,0.0,22.42022896106697,158.0,133.0,1495.0,897.0,218.0,75.0,1.0
2990.0,2093.0,30,4.0,10031,10150,1643,0,1,256,2023,6,4,6,22,155,2,-0.7818314824680299,0.6234898018587334,1.2246467991473532e-16,-1.0,0.4559066935084588,-0.8900275764346767,897.0,0.3,0.161871921182266,1.6516129032258065,101,157.0,130.0,119.0,0.0,149.0,146.14285714285714,0.0,22.627416997969508,157.0,127.0,2392.0,-299.0,293.0,-37.0,1.0
2990.0,2392.0,20,4.2,7361,6709,1020,0,0,172,2023,6,12,0,24,163,2,0.0,1.0,1.2246467991473532e-16,-1.0,0.3294084822245304,-0.9441875088341992,598.0,0.2,0.1520345804143687,1.5357142857142858,60,155.0,149.0,186.0,0.0,152.57142857142858,148.71428571428572,0.0,21.046433924833448,155.0,140.0,2093.0,299.0,256.0,-84.0,1.0
2990.0,2392.0,20,4.2,14278,15462,1833,0,0,243,2023,6,15,3,24,166,2,0.4338837391175582,-0.900968867902419,1.2246467991473532e-16,-1.0,0.2802306751992158,-0.9599326896597448,598.0,0.2,0.1185487000388048,1.4550898203592817,76,112.0,128.0,157.0,0.0,147.28571428571428,143.42857142857142,0.0,26.126067989106744,112.0,85.0,2392.0,0.0,172.0,71.0,1.0
2990.0,1794.0,40,3.9,5680,13372,1456,0,1,98,2023,6,24,5,25,175,2,-0.9749279121818236,-0.2225209339563146,1.2246467991473532e-16,-1.0,0.1287481774525813,-0.99167731989929,1196.0,0.4,0.1088842357164223,0.6163522012578616,-61,167.0,130.0,120.0,0.0,152.85714285714286,144.14285714285714,0.0,25.47828206812336,167.0,130.0,2392.0,-598.0,243.0,-145.0,1.0
2990.0,2392.0,20,4.3,12426,6373,977,0,0,57,2023,6,27,1,26,178,2,0.7818314824680298,0.6234898018587336,1.2246467991473532e-16,-1.0,0.077386479233463,-0.9970011699250152,598.0,0.2,0.1533029970186725,0.6404494382022472,-32,159.0,191.0,94.0,0.0,157.0,146.92857142857142,0.0,23.41651838624462,98.0,191.0,1794.0,598.0,98.0,-41.0,1.0
2990.0,2392.0,20,3.9,8738,13141,1630,0,1,196,2023,7,2,6,26,183,3,-0.7818314824680299,0.6234898018587334,-0.4999999999999997,-0.8660254037844388,-0.008606996888688,-0.9999629591162656,598.0,0.2,0.1240392664180808,1.264516129032258,41,89.0,158.0,184.0,0.0,142.42857142857142,146.57142857142858,0.0,29.641508862050998,57.0,158.0,2392.0,0.0,57.0,139.0,1.0
2990.0,2093.0,30,3.8,10140,7632,775,0,0,102,2023,7,5,2,27,186,3,0.9749279121818236,-0.2225209339563143,-0.4999999999999997,-0.8660254037844388,-0.0602132773657927,-0.9981855344718586,897.0,0.3,0.1015461215932914,0.85,-18,155.0,157.0,143.0,0.0,142.0,144.5,0.0,29.39954648176284,155.0,157.0,2392.0,-299.0,196.0,-94.0,1.0
2990.0,1794.0,40,4.5,12497,8860,1084,0,0,272,2023,7,11,1,28,192,3,0.7818314824680298,0.6234898018587336,-0.4999999999999997,-0.8660254037844388,-0.1628070129385164,-0.9866579328916572,1196.0,0.4,0.1223476297968397,1.9428571428571428,132,120.0,155.0,130.0,0.0,136.71428571428572,142.85714285714286,0.0,29.578789054063087,102.0,155.0,2093.0,-299.0,102.0,170.0,1.0
2990.0,2093.0,30,4.0,13830,11557,1607,0,0,128,2023,7,21,4,29,202,3,-0.433883739117558,-0.9009688679024191,-0.4999999999999997,-0.8660254037844388,-0.3294084822245302,-0.9441875088341994,897.0,0.3,0.1390499264515012,0.847682119205298,-23,140.0,112.0,149.0,121.0,134.57142857142858,143.57142857142858,141.83333333333334,28.559044935344883,140.0,112.0,1794.0,299.0,272.0,-144.0,1.0
2990.0,2392.0,20,4.2,11890,10496,1386,0,1,72,2023,7,22,5,29,203,3,-0.9749279121818236,-0.2225209339563146,-0.4999999999999997,-0.8660254037844388,-0.3456123126707333,-0.9383773917408642,598.0,0.2,0.1320503048780487,0.5581395348837209,-57,151.0,167.0,128.0,154.0,140.14285714285714,143.71428571428572,142.83333333333334,27.19331150257708,128.0,167.0,2093.0,299.0,128.0,-56.0,1.0
2990.0,2392.0,20,4.1,12449,11401,1132,0,0,284,2023,8,1,1,31,213,3,0.7818314824680298,0.6234898018587336,-0.8660254037844385,-0.5000000000000004,-0.5012418134457756,-0.8653072543632061,598.0,0.2,0.0992895360056135,1.9452054794520548,138,129.0,159.0,130.0,166.0,134.71428571428572,143.78571428571428,142.0,24.608360948495317,72.0,98.0,2392.0,0.0,72.0,212.0,1.0
2990.0,2093.0,30,4.3,8190,10407,1401,0,0,266,2023,8,9,2,32,221,3,0.9749279121818236,-0.2225209339563143,-0.8660254037844385,-0.5000000000000004,-0.6152845999633277,-0.7883050558305253,897.0,0.3,0.1346209282213894,1.86013986013986,123,146.0,89.0,191.0,128.0,132.85714285714286,144.92857142857142,141.33333333333334,22.90144516130349,146.0,57.0,2392.0,-299.0,284.0,-18.0,1.0
2990.0,2392.0,20,3.9,12842,8045,627,0,0,82,2023,8,10,3,32,222,3,0.4338837391175582,-0.900968867902419,-0.8660254037844385,-0.5000000000000004,-0.6287628145958345,-0.7775971469736268,598.0,0.2,0.0779366065879428,0.7884615384615384,-22,143.0,155.0,158.0,150.0,140.57142857142858,141.5,141.83333333333334,12.313368654395436,143.0,155.0,2093.0,299.0,266.0,-184.0,1.0
2990.0,2392.0,20,3.9,14746,8441,762,0,1,102,2023,8,13,6,32,225,3,-0.7818314824680299,0.6234898018587334,-0.8660254037844385,-0.5000000000000004,-0.6680638642135333,-0.7441039398713608,598.0,0.2,0.0902736642577893,0.8031496062992126,-25,104.0,120.0,157.0,127.0,133.28571428571428,137.64285714285714,140.3,16.67047575520155,82.0,102.0,2392.0,0.0,82.0,20.0,1.0
2990.0,2392.0,20,4.0,8967,9291,1319,0,0,243,2023,8,14,0,33,226,3,0.0,1.0,-0.8660254037844385,-0.5000000000000004,-0.6807734094770159,-0.7324940716135792,598.0,0.2,0.1419653428048649,1.8409090909090908,111,127.0,140.0,155.0,148.0,134.28571428571428,135.5,140.3,15.934389285591168,102.0,140.0,2392.0,0.0,102.0,141.0,1.0
2990.0,2392.0,20,4.2,7919,13662,1920,0,0,214,2023,8,30,2,35,242,3,0.9749279121818236,-0.2225209339563143,-0.8660254037844385,-0.5000000000000004,-0.8543221697498269,-0.5197438121555157,598.0,0.2,0.1405357927097057,1.3459119496855343,55,132.0,151.0,112.0,118.0,133.14285714285714,133.85714285714286,139.76666666666668,15.741966961263914,132.0,128.0,2392.0,0.0,243.0,-29.0,1.0
2990.0,1495.0,50,4.1,8378,12474,1514,0,0,118,2023,9,6,2,36,249,3,0.9749279121818236,-0.2225209339563143,-1.0,-1.8369701987210294e-16,-0.9106046300942162,-0.4132786077829044,1495.0,0.5,0.121372454705788,0.6178010471204188,-73,159.0,129.0,167.0,119.0,134.28571428571428,137.21428571428572,141.13333333333333,17.451974918943396,159.0,72.0,2392.0,-897.0,214.0,-96.0,1.0
2990.0,2093.0,30,4.3,6778,13175,1641,0,0,276,2023,9,11,0,37,254,3,0.0,1.0,-1.0,-1.8369701987210294e-16,-0.9427611433904206,-0.333468778918187,897.0,0.3,0.1245540796963946,1.7358490566037736,117,191.0,146.0,159.0,186.0,143.14285714285714,138.92857142857142,143.53333333333333,27.285090992631687,118.0,146.0,1495.0,598.0,118.0,158.0,1.0
2990.0,1495.0,50,3.9,13316,21859,4090,1,1,341,2023,9,23,5,38,266,3,-0.9749279121818236,-0.2225209339563146,-1.0,-1.8369701987210294e-16,-0.9911140639934546,-0.1330147065341963,1495.0,0.5,0.1871082849169678,1.0333333333333334,11,159.0,143.0,89.0,157.0,145.0,138.92857142857142,142.63333333333333,27.946377224964248,159.0,143.0,2093.0,-598.0,276.0,65.0,1.0
2990.0,1196.0,60,4.0,9446,33799,6948,1,1,307,2023,9,24,6,38,267,3,-0.7818314824680299,0.6234898018587334,-1.0,-1.8369701987210294e-16,-0.9932568492674144,-0.1159345995955006,1794.0,0.6,0.2055682120772804,0.7309523809523809,-113,330.0,104.0,155.0,120.0,171.71428571428572,156.14285714285714,148.4,75.17915111189245,330.0,82.0,1495.0,-299.0,341.0,-34.0,1.0
2990.0,1794.0,40,3.8,9780,21922,3991,1,0,590,2023,9,28,3,39,271,3,0.4338837391175582,-0.900968867902419,-1.0,-1.8369701987210294e-16,-0.9988797155850336,-0.0473213883224323,1196.0,0.4,0.1820545570659611,1.8971061093247588,279,420.0,127.0,120.0,94.0,216.8571428571429,175.07142857142858,158.4,113.06845798221616,307.0,102.0,1196.0,598.0,307.0,283.0,1.0
2990.0,1495.0,50,3.9,12665,32679,6402,1,0,783,2023,9,29,4,39,272,3,-0.433883739117558,-0.9009688679024191,-1.0,-1.8369701987210294e-16,-0.9995462806873572,-0.0301203048469083,1495.0,0.5,0.1959056274671807,1.9772727272727275,387,311.0,132.0,140.0,184.0,243.14285714285717,188.7142857142857,165.63333333333333,110.04457971117668,311.0,132.0,1794.0,-299.0,590.0,193.0,1.0
2990.0,1794.0,40,4.1,6509,32142,5690,1,0,732,2023,10,2,0,40,275,4,0.0,1.0,-0.8660254037844386,0.5000000000000001,-0.9997685019798908,0.0215160974362222,1196.0,0.4,0.1770269429407006,1.9365079365079363,354,396.0,159.0,151.0,143.0,280.85714285714283,207.0,172.7,110.84137099390963,396.0,159.0,1495.0,299.0,783.0,-51.0,1.0
2990.0,1046.5,65,4.2,13008,40985,7248,1,0,766,2023,10,3,1,40,276,4,0.7818314824680298,0.6234898018587336,-0.8660254037844386,0.5000000000000001,-0.9992500112396836,0.0387222808921739,1943.5,0.65,0.176845187263633,1.633262260127932,297,378.0,191.0,129.0,130.0,312.1428571428572,223.2142857142857,180.53333333333333,101.20182569405311,378.0,118.0,1794.0,-747.5,732.0,34.0,1.0
2990.0,1495.0,50,3.9,12290,34288,7038,1,1,480,2023,10,8,6,40,281,4,-0.7818314824680299,0.6234898018587334,-0.8660254037844386,0.5000000000000001,-0.9922222094179324,0.1244792638867886,1495.0,0.5,0.2052613159122725,1.1538461538461535,64,469.0,159.0,146.0,149.0,351.85714285714283,247.5,191.83333333333331,100.28198337925,469.0,159.0,1046.5,448.5,766.0,-286.0,1.0
2990.0,1495.0,50,4.1,10477,20758,3336,1,0,302,2023,10,11,2,41,284,4,0.9749279121818236,-0.2225209339563143,-0.8660254037844386,0.5000000000000001,-0.9844738167520924,0.1755314904214277,1495.0,0.5,0.1607091241930822,0.937888198757764,-20,416.0,330.0,143.0,128.0,388.57142857142856,266.7857142857143,200.7333333333333,54.50338565281086,416.0,330.0,1495.0,0.0,480.0,-178.0,1.0
2990.0,1495.0,50,4.4,15502,49409,7394,1,1,424,2023,10,15,6,41,288,4,-0.7818314824680299,0.6234898018587334,-0.8660254037844386,0.5000000000000001,-0.970063921851507,0.2428497220959358,1495.0,0.5,0.1496488493999068,0.8412698412698413,-80,322.0,420.0,104.0,130.0,387.4285714285714,279.57142857142856,207.2,55.999574828317776,302.0,307.0,1495.0,0.0,302.0,122.0,1.0
2990.0,2392.0,20,4.4,7395,9908,1286,0,0,226,2023,10,16,0,42,289,4,0.0,1.0,-0.8660254037844386,0.5000000000000001,-0.965739937654855,0.2595117970697994,598.0,0.2,0.1297941057731126,1.779527559055118,99,504.0,311.0,127.0,191.0,399.4285714285714,308.1428571428572,219.66666666666663,71.10522049014659,424.0,311.0,1495.0,897.0,424.0,-198.0,1.0
2990.0,2392.0,20,3.8,7629,10618,1500,0,0,102,2023,10,17,1,42,290,4,0.7818314824680298,0.6234898018587336,-0.8660254037844386,0.5000000000000001,-0.9611297838723007,0.2760969730974688,598.0,0.2,0.1412695422866829,0.816,-23,127.0,396.0,132.0,158.0,373.1428571428572,308.1428571428572,217.53333333333333,123.75840519796157,127.0,396.0,2392.0,0.0,226.0,-124.0,1.0
2990.0,2093.0,30,4.1,7346,9479,1248,0,0,201,2023,10,25,2,43,298,4,0.9749279121818236,-0.2225209339563143,-0.8660254037844386,0.5000000000000001,-0.9141279881853336,0.4054257283599973,897.0,0.3,0.1316594577487076,1.6341463414634143,78,125.0,378.0,159.0,157.0,334.42857142857144,307.6428571428572,216.4333333333333,154.0874828821354,102.0,378.0,2392.0,-299.0,102.0,99.0,1.0
2990.0,1794.0,40,4.1,7054,45031,7777,1,1,859,2023,11,5,6,44,309,4,-0.7818314824680299,0.6234898018587334,-0.5000000000000004,0.8660254037844384,-0.8214765533024145,0.5702422926917867,1196.0,0.4,0.1727032488729986,1.8962472406181012,406,123.0,469.0,191.0,155.0,298.0,305.07142857142856,215.3,171.25614344211613,123.0,469.0,2093.0,-299.0,201.0,658.0,1.0
2990.0,1495.0,50,4.2,11836,12763,1319,0,0,271,2023,11,20,0,47,324,4,0.0,1.0,-0.5000000000000004,0.8660254037844384,-0.6486295610349818,0.7611042586607742,1495.0,0.5,0.1033456083992791,1.5224719101123596,93,453.0,416.0,159.0,112.0,295.7142857142857,323.7857142857143,225.2333333333333,168.68087649534576,453.0,416.0,1794.0,-299.0,859.0,-588.0,1.0
2990.0,2392.0,20,3.8,8362,8594,1380,0,0,89,2023,11,23,3,47,327,4,0.4338837391175582,-0.900968867902419,-0.5000000000000004,0.8660254037844384,-0.6084768701151264,0.7935716089521472,598.0,0.2,0.1605771468466371,0.7478991596638656,-30,178.0,322.0,330.0,167.0,261.7142857142857,325.1428571428572,227.4333333333333,164.32459167322284,178.0,302.0,1495.0,897.0,271.0,-182.0,1.0
2990.0,1794.0,40,4.4,13246,12498,1533,0,1,130,2023,12,2,5,48,336,4,-0.9749279121818236,-0.2225209339563146,-2.4492935982947064e-16,1.0,-0.4787338401157883,0.8779600847008883,1196.0,0.4,0.1226596255400864,0.8176100628930818,-29,119.0,504.0,420.0,159.0,232.7142857142857,310.07142857142856,225.83333333333331,169.73578908184948,89.0,424.0,2392.0,-598.0,89.0,41.0,1.0
2990.0,1794.0,40,4.3,7810,5201,661,0,0,94,2023,12,13,2,50,347,4,0.9749279121818236,-0.2225209339563143,-2.4492935982947064e-16,1.0,-0.3049212246562894,0.9523775757303972,1196.0,0.4,0.1270909440492213,0.6962962962962963,-41,159.0,127.0,311.0,89.0,183.42857142857144,291.42857142857144,225.83333333333331,120.89645313636116,130.0,127.0,1794.0,0.0,130.0,-36.0,1.0
2990.0,2093.0,30,4.5,9919,7025,674,0,0,233,2023,12,18,0,51,352,4,0.0,1.0,-2.4492935982947064e-16,1.0,-0.2219215130041667,0.9750645322571944,897.0,0.3,0.0959430604982206,1.6884057971014492,95,135.0,125.0,396.0,155.0,184.57142857142856,278.85714285714283,227.36666666666667,120.31051096067642,94.0,102.0,1794.0,299.0,94.0,139.0,1.0
2990.0,2392.0,20,4.3,6090,14192,1548,0,0,159,2023,12,22,4,51,356,4,-0.433883739117558,-0.9009688679024191,-2.4492935982947064e-16,1.0,-0.154308820664281,0.9880226656636976,598.0,0.2,0.109075535512965,1.0258064516129033,4,138.0,123.0,378.0,120.0,186.42857142857144,260.42857142857144,226.8,119.33406490863808,138.0,123.0,2093.0,299.0,233.0,-74.0,1.0
2990.0,2093.0,30,4.3,13834,7183,860,0,1,218,2023,12,24,6,51,358,4,-0.7818314824680299,0.6234898018587334,-2.4492935982947064e-16,1.0,-0.1202080448993527,0.9927487224577402,897.0,0.3,0.1197271335096756,1.8632478632478635,101,155.0,453.0,469.0,140.0,191.0,244.5,227.96666666666667,117.09113259907144,155.0,453.0,2392.0,-299.0,159.0,59.0,1.0
2990.0,1794.0,40,4.1,15275,10401,903,0,0,165,2024,1,4,3,1,4,1,0.4338837391175582,-0.900968867902419,0.4999999999999999,0.8660254037844387,0.0688024268023198,0.9976303053065856,1196.0,0.4,0.086818575137006,1.0855263157894737,13,117.0,178.0,416.0,151.0,143.0,219.3571428571429,227.2,22.233608194202983,117.0,178.0,2093.0,-299.0,218.0,-53.0,1.0
2990.0,1794.0,40,4.0,6799,12476,1614,0,0,192,2024,1,5,4,1,5,1,-0.433883739117558,-0.9009688679024191,0.4999999999999999,0.8660254037844387,0.0859647987374464,0.9962981749346078,1196.0,0.4,0.1293683873036229,1.2075471698113207,33,152.0,119.0,322.0,129.0,139.28571428571428,200.5,227.2333333333333,16.957931140661746,152.0,89.0,1794.0,0.0,165.0,27.0,1.0
2990.0,2392.0,20,4.4,9809,13727,1789,0,1,245,2024,1,6,5,1,6,1,-0.9749279121818236,-0.2225209339563146,0.4999999999999999,0.8660254037844387,0.1031016974474348,0.9946708199115212,598.0,0.2,0.1303270925912435,1.5909090909090908,91,159.0,159.0,504.0,146.0,145.0,188.8571428571429,228.2333333333333,15.67375726067823,159.0,130.0,1794.0,598.0,192.0,53.0,1.0
2990.0,2392.0,20,4.4,9948,7615,1003,0,0,202,2024,1,15,0,3,15,1,0.0,1.0,0.4999999999999999,0.8660254037844387,0.255353295116187,0.9668478136052776,598.0,0.2,0.1317137229152987,1.8703703703703705,94,154.0,135.0,127.0,143.0,144.28571428571428,163.85714285714286,228.5,15.030128472663126,154.0,94.0,2392.0,0.0,245.0,-43.0,1.0
2990.0,2392.0,20,4.1,9413,6204,531,0,0,54,2024,1,16,1,3,16,1,0.7818314824680298,0.6234898018587336,0.4999999999999999,0.8660254037844387,0.2719581575341055,0.9623090774541486,598.0,0.2,0.0855899419729206,0.6,-36,108.0,138.0,125.0,104.0,140.42857142857142,162.5,227.33333333333331,20.33762640081296,108.0,138.0,2392.0,0.0,202.0,-148.0,1.0
2990.0,2392.0,20,4.5,6295,11843,1416,0,0,136,2024,1,17,2,3,17,1,0.9749279121818236,-0.2225209339563143,0.4999999999999999,0.8660254037844387,0.288482432880609,0.9574851883550392,598.0,0.2,0.1195642995862534,0.9444444444444444,-8,90.0,155.0,123.0,127.0,133.57142857142858,160.0,226.86666666666667,27.957450663804167,54.0,155.0,2392.0,0.0,54.0,82.0,1.0
2990.0,2392.0,20,4.5,13507,7231,603,0,0,210,2024,1,18,3,3,18,1,0.4338837391175582,-0.900968867902419,0.4999999999999999,0.8660254037844387,0.304921224656289,0.9523775757303974,598.0,0.2,0.0833909556077997,1.7355371900826446,89,144.0,117.0,453.0,132.0,132.0,161.5,227.4333333333333,26.83902631120082,136.0,117.0,2392.0,0.0,136.0,74.0,1.0
2990.0,2392.0,20,4.1,9326,11392,1363,0,1,187,2024,1,21,6,3,21,1,-0.7818314824680299,0.6234898018587334,0.4999999999999999,0.8660254037844387,0.3536761221763716,0.9353679493131484,598.0,0.2,0.1196453651685393,1.2466666666666666,37,121.0,152.0,178.0,159.0,132.57142857142858,137.78571428571428,227.06666666666663,26.506962248040495,121.0,152.0,2392.0,0.0,210.0,-23.0,1.0
2990.0,2392.0,20,4.1,6194,8594,1225,0,1,89,2024,1,28,6,4,28,1,-0.7818314824680299,0.6234898018587334,0.4999999999999999,0.8660254037844387,0.4635502709028509,0.886070621534138,598.0,0.2,0.142541307889225,0.7807017543859649,-25,150.0,159.0,119.0,191.0,132.28571428571428,135.78571428571428,226.76666666666668,26.272382747632385,150.0,159.0,2392.0,0.0,187.0,-98.0,1.0
2990.0,2093.0,30,4.0,8502,7766,912,0,1,223,2024,2,4,6,5,35,1,-0.7818314824680299,0.6234898018587334,0.8660254037844386,0.5000000000000001,0.5667017562911176,0.8239230057575542,897.0,0.3,0.1174349729590522,1.5815602836879432,82,114.0,154.0,159.0,159.0,125.85714285714286,135.42857142857142,224.2,24.058460545295084,89.0,154.0,2392.0,-299.0,89.0,134.0,1.0
2990.0,2392.0,20,4.5,10957,13552,1446,0,0,236,2024,2,5,0,6,36,1,0.0,1.0,0.8660254037844386,0.5000000000000001,0.5808002734538009,0.8140460935082178,598.0,0.2,0.1067001180637544,1.4936708860759491,78,141.0,108.0,135.0,330.0,124.0,134.14285714285714,223.6,21.931712199461227,141.0,108.0,2093.0,299.0,223.0,13.0,1.0
2990.0,2392.0,20,4.2,10599,15040,1591,0,0,247,2024,2,6,1,6,37,1,0.7818314824680298,0.6234898018587336,0.8660254037844386,0.5000000000000001,0.5947266869607634,0.8039279618328213,598.0,0.2,0.1057845744680851,1.4615384615384617,78,158.0,90.0,138.0,420.0,131.14285714285714,135.78571428571428,217.86666666666667,23.90556818977928,158.0,54.0,2392.0,0.0,236.0,11.0,1.0
2990.0,2392.0,20,4.0,11254,6508,1301,0,1,112,2024,2,10,5,6,41,1,-0.9749279121818236,-0.2225209339563146,0.8660254037844386,0.5000000000000001,0.6486295610349814,0.7611042586607747,598.0,0.2,0.1999078057775046,1.087378640776699,9,169.0,144.0,155.0,311.0,142.42857142857142,138.0,209.5,19.48381501706081,169.0,136.0,2392.0,0.0,247.0,-135.0,1.0
2990.0,2392.0,20,4.0,10166,7064,652,0,1,88,2024,2,18,6,7,49,1,-0.7818314824680299,0.6234898018587334,0.8660254037844386,0.5000000000000001,0.7469720876965552,0.6648553979642865,598.0,0.2,0.0922989807474518,0.7719298245614035,-26,103.0,121.0,117.0,396.0,136.57142857142858,134.28571428571428,202.56666666666663,24.45987968665649,103.0,121.0,2392.0,0.0,112.0,-24.0,1.0
2990.0,2093.0,30,4.3,12578,8722,1501,0,1,197,2024,2,25,6,8,56,1,-0.7818314824680299,0.6234898018587334,0.8660254037844386,0.5000000000000001,0.8214765533024142,0.5702422926917871,897.0,0.3,0.1720935565237331,1.427536231884058,59,114.0,150.0,152.0,378.0,135.57142857142858,134.07142857142858,193.16666666666663,25.330200307519167,88.0,150.0,2392.0,-299.0,88.0,109.0,1.0
2990.0,2093.0,30,4.1,9969,7788,915,0,0,92,2024,2,28,2,9,59,1,0.9749279121818236,-0.2225209339563143,0.8660254037844386,0.5000000000000001,0.8498170915275278,0.5270777086423722,897.0,0.3,0.1174884437596302,0.6764705882352942,-44,138.0,114.0,159.0,469.0,133.85714285714286,133.07142857142858,185.16666666666663,24.586097503999834,138.0,89.0,2093.0,0.0,197.0,-105.0,1.0
2990.0,2392.0,20,4.4,12750,8004,1218,0,0,161,2024,3,6,2,10,66,1,0.9749279121818236,-0.2225209339563143,1.0,6.123233995736766e-17,0.907013812802636,0.4211008707960896,598.0,0.2,0.1521739130434782,1.319672131147541,39,136.0,141.0,154.0,416.0,137.0,131.42857142857142,174.06666666666666,22.97825058615204,92.0,141.0,2093.0,299.0,92.0,69.0,1.0
2990.0,1794.0,40,4.4,14412,7896,954,0,1,253,2024,3,16,5,11,76,1,-0.9749279121818236,-0.2225209339563146,1.0,6.123233995736766e-17,0.9657399376548548,0.2595117970697999,1196.0,0.4,0.1208206686930091,1.7569444444444444,109,122.0,158.0,108.0,322.0,134.28571428571428,129.14285714285714,164.26666666666668,23.542261897236887,122.0,158.0,2392.0,-598.0,161.0,92.0,1.0
2990.0,2093.0,30,4.5,15570,8182,787,0,1,208,2024,3,23,5,12,83,1,-0.9749279121818236,-0.2225209339563146,1.0,6.123233995736766e-17,0.989932495087353,0.141540295217043,897.0,0.3,0.0961867514055243,1.908256880733945,99,144.0,169.0,90.0,504.0,132.28571428571428,131.71428571428572,158.33333333333334,21.71569544296073,144.0,169.0,1794.0,299.0,253.0,-45.0,1.0
2990.0,2392.0,20,4.3,16288,11204,1442,0,0,210,2024,3,25,0,13,85,1,0.0,1.0,1.0,6.123233995736766e-17,0.994217906893952,0.107381346664163,598.0,0.2,0.1287040342734737,1.5107913669064748,71,109.0,103.0,144.0,127.0,123.71428571428572,133.07142857142858,145.16666666666666,15.86100339106658,109.0,103.0,2093.0,299.0,208.0,2.0,1.0
2990.0,2093.0,30,4.4,10170,9144,865,0,1,116,2024,3,31,6,13,91,1,-0.7818314824680299,0.6234898018587334,1.0,6.123233995736766e-17,0.99999073973619,0.0043035382962442,897.0,0.3,0.0945975503062117,0.8992248062015504,-13,139.0,114.0,121.0,125.0,128.85714285714286,132.71428571428572,145.56666666666666,13.716517675520048,139.0,88.0,2392.0,-299.0,210.0,-94.0,1.0
2990.0,1794.0,40,4.0,13363,10803,1178,0,0,205,2024,4,8,0,15,99,2,0.0,1.0,0.8660254037844387,-0.4999999999999998,0.9911140639934548,-0.1330147065341959,1196.0,0.4,0.1090437841340368,1.4855072463768115,67,129.0,138.0,150.0,123.0,131.0,133.28571428571428,145.7,12.083045973594436,116.0,138.0,2093.0,-299.0,116.0,89.0,1.0
2990.0,1794.0,40,4.0,9663,13819,1945,0,0,310,2024,4,12,4,15,103,2,-0.433883739117558,-0.9009688679024191,0.8660254037844387,-0.4999999999999998,0.97961369164549,-0.200890555130635,1196.0,0.4,0.1407482451696939,1.7415730337078652,132,138.0,136.0,114.0,453.0,131.0,132.42857142857142,146.2,12.083045973594436,138.0,92.0,1794.0,0.0,205.0,105.0,1.0
2990.0,1794.0,40,4.0,10889,7830,1198,0,1,106,2024,4,14,6,15,105,2,-0.7818314824680299,0.6234898018587334,0.8660254037844387,-0.4999999999999998,0.9721181966290612,-0.2344913895704098,1196.0,0.4,0.1530012771392081,0.6928104575163399,-47,178.0,122.0,141.0,178.0,137.0,137.0,137.03333333333333,21.633307652783863,178.0,122.0,1794.0,0.0,310.0,-204.0,1.0
2990.0,2093.0,30,3.9,9545,13624,1851,0,0,137,2024,4,17,2,16,108,2,0.9749279121818236,-0.2225209339563143,0.8660254037844387,-0.4999999999999998,0.9587178169872964,-0.2843591872810034,897.0,0.3,0.1358631826189078,0.8616352201257862,-22,153.0,144.0,158.0,119.0,141.42857142857142,137.85714285714286,136.2,21.21993671728809,106.0,144.0,1794.0,299.0,106.0,31.0,1.0
2990.0,2093.0,30,3.9,15508,7550,638,0,0,142,2024,4,23,1,17,114,2,0.7818314824680298,0.6234898018587336,0.8660254037844387,-0.4999999999999998,0.9242907221930932,-0.3816892202666588,897.0,0.3,0.0845033112582781,1.2241379310344829,26,159.0,109.0,169.0,159.0,143.57142857142858,137.92857142857142,137.53333333333333,22.25501548608113,137.0,109.0,2093.0,0.0,137.0,5.0,1.0
2990.0,1794.0,40,4.5,12016,8406,1127,0,0,211,2024,5,3,4,18,124,2,-0.433883739117558,-0.9009688679024191,0.4999999999999999,-0.8660254037844387,0.8452490573530633,-0.5343725582809786,1196.0,0.4,0.1340709017368546,1.5289855072463767,73,116.0,139.0,103.0,135.0,144.57142857142858,134.14285714285714,136.1,20.533364254769463,116.0,139.0,2093.0,-299.0,142.0,69.0,1.0
2990.0,2093.0,30,4.1,10988,13683,1858,0,1,270,2024,5,11,5,19,132,2,-0.9749279121818236,-0.2225209339563146,0.4999999999999999,-0.8660254037844387,0.7638886127905428,-0.6453481132295501,897.0,0.3,0.1357889351750347,1.6666666666666667,108,138.0,129.0,114.0,138.0,144.42857142857142,136.64285714285714,136.2,20.58200786169912,138.0,116.0,1794.0,299.0,211.0,59.0,1.0
2990.0,2392.0,20,3.9,15339,5180,665,0,1,53,2024,5,12,6,19,133,2,-0.7818314824680299,0.6234898018587334,0.4999999999999999,-0.8660254037844387,0.7526668275320085,-0.6584015846980488,598.0,0.2,0.1283783783783783,0.5463917525773195,-44,162.0,138.0,138.0,155.0,149.14285714285714,140.07142857142858,137.0,20.235518043188005,162.0,138.0,2093.0,299.0,270.0,-217.0,1.0
2990.0,2093.0,30,4.5,7482,6456,889,0,0,207,2024,5,14,1,20,135,2,0.7818314824680298,0.6234898018587336,0.4999999999999999,-0.8660254037844387,0.7295575540864875,-0.6839194216246106,897.0,0.3,0.1377013630731103,1.6693548387096775,83,97.0,178.0,136.0,117.0,143.28571428571428,137.14285714285714,135.06666666666666,28.317922980062622,53.0,178.0,2392.0,-299.0,53.0,154.0,1.0
2990.0,2093.0,30,4.3,6754,4847,612,0,1,125,2024,5,25,5,21,146,2,-0.9749279121818236,-0.2225209339563146,0.4999999999999999,-0.8660254037844387,0.5877852522924732,-0.8090169943749473,897.0,0.3,0.126263668248401,1.0964912280701755,11,124.0,153.0,122.0,152.0,135.57142857142858,136.28571428571428,135.3,24.36429862768564,124.0,106.0,2093.0,0.0,207.0,-82.0,1.0
2990.0,1794.0,40,4.0,12992,6950,797,0,0,195,2024,5,30,3,22,151,2,0.4338837391175582,-0.900968867902419,0.4999999999999999,-0.8660254037844387,0.5160623910158528,-0.8565509959010036,1196.0,0.4,0.1146762589928057,1.5234375,67,114.0,159.0,144.0,159.0,130.0,135.71428571428572,134.03333333333333,24.1729876790878,114.0,137.0,2093.0,-299.0,125.0,70.0,1.0
2990.0,2392.0,20,4.5,7742,7694,989,0,1,217,2024,6,8,5,23,160,2,-0.9749279121818236,-0.2225209339563146,1.2246467991473532e-16,-1.0,0.3777079652039649,-0.9259247771938498,598.0,0.2,0.1285417208214193,1.8389830508474576,99,128.0,116.0,109.0,154.0,125.57142857142856,134.57142857142858,133.0,20.541479521991064,128.0,116.0,1794.0,598.0,195.0,22.0,1.0
2990.0,2093.0,30,3.8,10402,8588,1287,0,1,122,2024,6,15,5,24,167,2,-0.9749279121818236,-0.2225209339563146,1.2246467991473532e-16,-1.0,0.263665492728007,-0.9646141756912436,897.0,0.3,0.1498602701443875,1.0427350427350428,5,118.0,138.0,139.0,108.0,125.85714285714286,135.21428571428572,131.8,20.399579827605628,118.0,138.0,2392.0,-299.0,217.0,-95.0,1.0
2990.0,1794.0,40,4.2,14991,5773,1162,0,0,209,2024,6,19,2,25,171,2,0.9749279121818236,-0.2225209339563143,1.2246467991473532e-16,-1.0,0.1966728897935764,-0.980469160361632,1196.0,0.4,0.2012818292049194,1.5833333333333333,77,117.0,162.0,129.0,90.0,122.85714285714286,133.64285714285714,132.1,19.853031434590907,117.0,162.0,2093.0,-299.0,122.0,87.0,1.0
2990.0,2392.0,20,4.1,14374,10674,1065,0,0,191,2024,6,24,0,26,176,2,0.0,1.0,1.2246467991473532e-16,-1.0,0.1116590071216951,-0.993746580436178,598.0,0.2,0.0997751545812254,1.4692307692307691,61,132.0,97.0,138.0,144.0,118.57142857142856,133.85714285714286,133.5,11.457997830585944,132.0,53.0,1794.0,598.0,209.0,-18.0,1.0
2990.0,2093.0,30,3.9,12220,14117,1887,0,0,325,2024,6,26,2,26,178,2,0.9749279121818236,-0.2225209339563143,1.2246467991473532e-16,-1.0,0.077386479233463,-0.9970011699250152,897.0,0.3,0.1336686264787136,1.9461077844311376,158,130.0,124.0,178.0,121.0,123.28571428571428,133.28571428571428,133.03333333333333,7.040698017343605,130.0,124.0,2392.0,-299.0,191.0,134.0,1.0
2990.0,1495.0,50,4.4,10284,5804,615,0,0,119,2024,7,3,2,27,185,3,0.9749279121818236,-0.2225209339563143,-0.4999999999999997,-0.8660254037844388,-0.0430222330045303,-0.99907411510223,1495.0,0.5,0.1059614059269469,0.8321678321678322,-24,167.0,114.0,153.0,150.0,129.42857142857142,132.5,134.56666666666666,17.99867720007162,167.0,114.0,2093.0,-598.0,325.0,-206.0,1.0
2990.0,1495.0,50,4.3,7851,5893,829,0,1,203,2024,7,7,6,27,189,3,-0.7818314824680299,0.6234898018587334,-0.4999999999999997,-0.8660254037844388,-0.1116590071216944,-0.993746580436178,1495.0,0.5,0.1406753775666044,1.2848101265822784,45,143.0,128.0,159.0,114.0,133.57142857142858,131.78571428571428,134.33333333333334,17.17417773730019,119.0,128.0,1495.0,0.0,119.0,84.0,1.0
2990.0,2392.0,20,4.1,11051,12063,1419,0,0,194,2024,7,9,1,28,191,3,0.7818314824680298,0.6234898018587336,-0.4999999999999997,-0.8660254037844388,-0.1457991969198744,-0.9893142039703664,598.0,0.2,0.1176324297438448,1.3472222222222223,50,158.0,118.0,116.0,141.0,137.85714285714286,131.71428571428572,135.8,19.178360821757416,158.0,118.0,1495.0,897.0,203.0,-9.0,1.0
2990.0,2392.0,20,4.4,14312,11925,1226,0,0,102,2024,7,18,3,29,200,3,0.4338837391175582,-0.900968867902419,-0.4999999999999997,-0.8660254037844388,-0.2967128192734901,-0.9549667548552552,598.0,0.2,0.1028092243186582,0.7906976744186046,-27,144.0,117.0,138.0,158.0,141.57142857142858,133.71428571428572,135.9,17.096365528547576,144.0,117.0,2392.0,0.0,194.0,-92.0,1.0
2990.0,1794.0,40,4.3,10627,11321,1436,0,0,229,2024,7,24,2,30,206,3,0.9749279121818236,-0.2225209339563143,-0.4999999999999997,-0.8660254037844388,-0.3935902766564664,-0.9192859697186104,1196.0,0.4,0.1268439183817684,1.3550295857988166,60,129.0,132.0,162.0,169.0,143.28571428571428,133.07142857142858,134.93333333333334,14.64825684412394,102.0,132.0,2392.0,-598.0,102.0,127.0,1.0
2990.0,1794.0,40,4.3,8905,10627,1700,0,0,131,2024,8,5,0,32,218,3,0.0,1.0,-0.8660254037844385,-0.5000000000000004,-0.5737722679043243,-0.8190148866680802,1196.0,0.4,0.1599698880210784,0.8791946308724832,-18,169.0,130.0,97.0,103.0,148.57142857142858,133.57142857142858,134.93333333333334,16.460631244043327,169.0,130.0,1794.0,0.0,229.0,-98.0,1.0
2990.0,2392.0,20,3.9,7765,12317,1533,0,1,192,2024,8,11,6,32,224,3,-0.7818314824680299,0.6234898018587334,-0.8660254037844385,-0.5000000000000004,-0.655156357209085,-0.7554933140726804,598.0,0.2,0.1244621255175773,1.411764705882353,56,149.0,167.0,124.0,114.0,151.28571428571428,137.28571428571428,136.46666666666667,14.314494818356527,131.0,167.0,1794.0,598.0,131.0,61.0,1.0
2990.0,2093.0,30,4.1,7958,9574,1120,0,0,83,2024,8,12,0,33,225,3,0.0,1.0,-0.8660254037844385,-0.5000000000000004,-0.6680638642135333,-0.7441039398713608,897.0,0.3,0.116983496970963,0.6102941176470589,-53,136.0,143.0,114.0,138.0,146.85714285714286,138.14285714285714,137.2,13.409307357560214,136.0,119.0,2392.0,-299.0,192.0,-109.0,1.0
2990.0,2392.0,20,4.0,11370,14055,1653,0,1,138,2024,8,17,5,33,230,3,-0.9749279121818236,-0.2225209339563146,-0.8660254037844385,-0.5000000000000004,-0.7295575540864876,-0.6839194216246105,598.0,0.2,0.1176093916755603,0.9928057553956836,-1,136.0,158.0,128.0,136.0,145.85714285714286,139.71428571428572,137.13333333333333,13.993195625357297,83.0,158.0,2093.0,299.0,83.0,55.0,1.0
2990.0,2093.0,30,4.2,7958,5643,610,0,0,132,2024,8,20,1,34,233,3,0.7818314824680298,0.6234898018587336,-0.8660254037844385,-0.5000000000000004,-0.7638886127905429,-0.64534811322955,897.0,0.3,0.1080985291511607,1.0819672131147542,10,139.0,144.0,118.0,122.0,143.14285714285714,140.5,137.23333333333332,13.056653111582063,138.0,144.0,2392.0,-299.0,138.0,-6.0,1.0
2990.0,1495.0,50,3.9,8978,6369,784,0,0,151,2024,8,22,3,34,235,3,0.4338837391175582,-0.900968867902419,-0.8660254037844385,-0.5000000000000004,-0.7856498550787144,-0.6186714032625032,1495.0,0.5,0.123096247448579,1.0633802816901408,9,122.0,129.0,117.0,144.0,140.0,140.78571428571428,137.23333333333332,15.27525231651932,122.0,102.0,2093.0,-598.0,132.0,19.0,1.0
2990.0,1794.0,40,4.3,15690,9641,1074,0,0,261,2024,8,26,0,35,239,3,0.0,1.0,-0.8660254037844385,-0.5000000000000004,-0.8263541987239094,-0.5631507242749187,1196.0,0.4,0.1113992324447671,1.74,111,142.0,169.0,132.0,109.0,141.85714285714286,142.57142857142858,137.16666666666666,14.48480320230548,142.0,169.0,1495.0,299.0,151.0,110.0,1.0
2990.0,2093.0,30,4.4,12958,7534,871,0,0,125,2024,8,27,1,35,240,3,0.7818314824680298,0.6234898018587336,-0.8660254037844385,-0.5000000000000004,-0.8359254794186365,-0.5488429582847199,897.0,0.3,0.1156092381205203,0.9541984732824428,-6,150.0,149.0,130.0,139.0,139.14285714285714,143.85714285714286,138.53333333333333,9.459185508075532,150.0,131.0,1794.0,299.0,261.0,-136.0,1.0
2990.0,2392.0,20,3.9,12784,12306,1573,0,0,151,2024,8,28,2,35,241,3,0.9749279121818236,-0.2225209339563143,-0.8660254037844385,-0.5000000000000004,-0.8452490573530634,-0.5343725582809785,598.0,0.2,0.1278238257760442,1.0342465753424657,5,131.0,136.0,167.0,129.0,136.57142857142858,143.92857142857142,138.26666666666668,8.753230696094075,125.0,136.0,2093.0,299.0,125.0,26.0,1.0
2990.0,2392.0,20,3.9,8814,9693,1264,0,1,117,2024,8,31,5,35,244,3,-0.9749279121818236,-0.2225209339563146,-0.8660254037844385,-0.5000000000000004,-0.8717063187093217,-0.4900286664290594,598.0,0.2,0.130403383885278,0.9435483870967742,-7,146.0,136.0,143.0,138.0,138.0,142.42857142857142,138.83333333333334,9.433981132056385,146.0,83.0,2392.0,0.0,151.0,-34.0,1.0
2990.0,2392.0,20,4.0,9380,7230,629,0,0,126,2024,9,2,0,36,246,3,0.0,1.0,-1.0,-1.8369701987210294e-16,-0.888057322629493,-0.4597327394521046,598.0,0.2,0.0869986168741355,1.0862068965517242,10,124.0,139.0,158.0,178.0,136.28571428571428,141.07142857142858,138.36666666666667,10.8430359480832,117.0,138.0,2392.0,0.0,117.0,9.0,1.0
2990.0,2392.0,20,4.3,14138,12781,1783,0,0,244,2024,9,5,3,36,249,3,0.4338837391175582,-0.900968867902419,-1.0,-1.8369701987210294e-16,-0.9106046300942162,-0.4132786077829044,598.0,0.2,0.1395039511775291,1.6375838926174495,95,116.0,122.0,144.0,153.0,133.0,138.07142857142858,136.3,13.127579111676663,116.0,122.0,2392.0,0.0,126.0,118.0,1.0
2990.0,2392.0,20,4.3,8093,15657,1633,0,0,195,2024,9,13,4,37,257,3,-0.433883739117558,-0.9009688679024191,-1.0,-1.8369701987210294e-16,-0.9587178169872964,-0.2843591872810036,598.0,0.2,0.1042983968831832,1.2580645161290325,40,149.0,142.0,129.0,159.0,136.85714285714286,138.42857142857142,136.16666666666666,13.322019009001089,149.0,142.0,2392.0,0.0,244.0,-49.0,1.0
2990.0,2093.0,30,3.9,10007,12879,1721,0,0,228,2024,9,18,2,38,262,3,0.9749279121818236,-0.2225209339563143,-1.0,-1.8369701987210294e-16,-0.97961369164549,-0.2008905551306352,897.0,0.3,0.1336283872971504,1.52,78,155.0,150.0,169.0,116.0,138.71428571428572,140.28571428571428,136.03333333333333,14.963447527383442,155.0,150.0,2392.0,-299.0,195.0,33.0,1.0
2990.0,1495.0,50,4.3,7179,39137,7840,1,0,509,2024,9,24,1,39,268,3,0.7818314824680298,0.6234898018587336,-1.0,-1.8369701987210294e-16,-0.9951053111006974,-0.0988201387328721,1495.0,0.5,0.2003219459846181,1.1674311926605505,73,150.0,131.0,149.0,138.0,138.71428571428572,138.92857142857142,137.16666666666666,14.963447527383442,150.0,125.0,2093.0,-598.0,228.0,281.0,1.0
2990.0,1196.0,60,4.0,10139,30522,6136,1,0,427,2024,9,26,3,39,270,3,0.4338837391175582,-0.900968867902419,-1.0,-1.8369701987210294e-16,-0.9979171608653922,-0.0645084494493162,1794.0,0.6,0.2010353187864491,1.0728643216080402,29,436.0,146.0,136.0,162.0,182.28571428571428,159.42857142857142,147.1,112.82244795210194,436.0,146.0,1495.0,-299.0,509.0,-82.0,1.0
2990.0,1794.0,40,4.1,16438,31059,5720,1,0,299,2024,9,27,4,39,271,3,-0.433883739117558,-0.9009688679024191,-1.0,-1.8369701987210294e-16,-0.9988797155850336,-0.0473213883224323,1196.0,0.4,0.1841656202710969,0.8169398907103825,-67,398.0,124.0,136.0,97.0,218.28571428571428,178.14285714285714,154.96666666666667,136.9412456563206,398.0,117.0,1196.0,598.0,427.0,-128.0,1.0
2990.0,1196.0,60,4.0,13398,45041,7599,1,0,512,2024,10,1,1,40,275,4,0.7818314824680298,0.6234898018587336,-0.8660254037844386,0.5000000000000001,-0.9997685019798908,0.0215160974362222,1794.0,0.6,0.1687129504229479,1.0644490644490645,31,366.0,116.0,139.0,124.0,252.8571428571429,194.57142857142856,163.93333333333334,139.6906446061302,299.0,116.0,1794.0,-598.0,299.0,213.0,1.0
2990.0,1196.0,60,4.1,12623,39414,5010,1,1,684,2024,10,5,5,40,279,4,-0.9749279121818236,-0.2225209339563146,-0.8660254037844386,0.5000000000000001,-0.9959189961471792,0.0902516100310407,1794.0,0.6,0.1271121936367788,1.509933774834437,231,481.0,149.0,122.0,114.0,305.0,219.0,175.83333333333334,147.96846510884217,481.0,149.0,1196.0,0.0,512.0,172.0,1.0
2990.0,1046.5,65,4.2,8237,55494,7818,1,0,892,2024,10,8,1,41,282,4,0.7818314824680298,0.6234898018587336,-0.8660254037844386,0.5000000000000001,-0.989932495087353,0.141540295217043,1943.5,0.65,0.1408800951454211,1.587188612099644,330,453.0,155.0,142.0,128.0,348.42857142857144,242.64285714285717,187.13333333333333,138.88467295188607,453.0,155.0,1196.0,-149.5,684.0,208.0,1.0
2990.0,1046.5,65,3.9,16110,37045,5005,1,0,624,2024,10,14,0,42,288,4,0.0,1.0,-0.8660254037844386,0.5000000000000001,-0.970063921851507,0.2428497220959358,1943.5,0.65,0.1351059522202726,1.3654266958424508,167,562.0,150.0,150.0,118.0,406.57142857142856,272.6428571428572,201.6,129.27213819801108,562.0,150.0,1046.5,0.0,892.0,-268.0,1.0
2990.0,1794.0,40,3.9,11694,8914,806,0,0,77,2024,10,16,2,42,290,4,0.9749279121818236,-0.2225209339563143,-0.8660254037844386,0.5000000000000001,-0.9611297838723007,0.2760969730974688,1196.0,0.4,0.0904195647296387,0.55,-63,457.0,436.0,131.0,117.0,450.4285714285714,294.57142857142856,212.9,62.606861026719805,457.0,436.0,1046.5,747.5,624.0,-547.0,1.0
2990.0,2392.0,20,4.1,8922,7617,556,0,1,210,2024,10,27,6,43,301,4,-0.7818314824680299,0.6234898018587334,-0.8660254037844386,0.5000000000000001,-0.8919813464595487,0.4520722039323037,598.0,0.2,0.0729946173034002,1.9626168224299063,103,140.0,398.0,146.0,132.0,408.1428571428572,295.2142857142857,213.66666666666663,133.64059833676848,77.0,398.0,1794.0,598.0,77.0,133.0,1.0
2990.0,1495.0,50,4.4,15661,43921,7064,1,1,798,2024,11,10,6,45,315,4,-0.7818314824680299,0.6234898018587334,-0.5000000000000004,0.8660254037844384,-0.7583058084785625,0.6518989958787125,1495.0,0.5,0.1608342250859497,1.6764705882352942,322,107.0,366.0,124.0,130.0,366.57142857142856,292.42857142857144,212.83333333333331,175.90040472083157,107.0,299.0,2392.0,-897.0,210.0,588.0,1.0
2990.0,1794.0,40,3.8,13897,44064,5934,1,0,432,2024,11,13,2,46,318,4,0.9749279121818236,-0.2225209339563143,-0.5000000000000004,0.8660254037844384,-0.7236440382959124,0.690173388242972,1196.0,0.4,0.1346677559912854,0.9536423841059604,-21,476.0,481.0,116.0,167.0,382.2857142857143,317.57142857142856,224.36666666666667,180.6891569203072,476.0,481.0,1495.0,299.0,798.0,-366.0,1.0
2990.0,1794.0,40,4.0,15350,6920,626,0,0,290,2024,11,20,2,47,325,4,0.9749279121818236,-0.2225209339563143,-0.5000000000000004,0.8660254037844384,-0.6354323008901775,0.7721565844991641,1196.0,0.4,0.0904624277456647,1.9078947368421053,138,453.0,453.0,149.0,143.0,378.2857142857143,341.6428571428572,233.9,178.43552924022185,432.0,453.0,1794.0,0.0,432.0,-142.0,1.0
2990.0,1495.0,50,3.8,11445,11827,1750,0,0,233,2024,11,22,4,47,327,4,-0.433883739117558,-0.9009688679024191,-0.5000000000000004,0.8660254037844384,-0.6084768701151264,0.7935716089521472,1495.0,0.5,0.1479665172909444,1.4382716049382716,71,152.0,562.0,155.0,158.0,335.2857142857143,341.85714285714283,234.2,193.0955845220308,152.0,562.0,1794.0,-299.0,290.0,-57.0,1.0
2990.0,2392.0,20,4.4,13433,5988,1003,0,1,86,2024,11,24,6,47,329,4,-0.7818314824680299,0.6234898018587334,-0.5000000000000004,0.8660254037844384,-0.5808002734538013,0.8140460935082175,598.0,0.2,0.16750167000668,0.945054945054945,-5,162.0,457.0,150.0,144.0,278.1428571428572,342.35714285714283,234.33333333333331,172.95801857813984,162.0,457.0,1495.0,897.0,233.0,-147.0,1.0
2990.0,2392.0,20,3.9,12150,5500,602,0,1,162,2024,11,30,5,48,335,4,-0.9749279121818236,-0.2225209339563146,-0.5000000000000004,0.8660254037844384,-0.4937755501599773,0.8695893893466109,598.0,0.2,0.1094545454545454,1.588235294117647,60,91.0,140.0,436.0,129.0,225.8571428571429,338.1428571428572,232.56666666666663,165.01659368219964,86.0,77.0,2392.0,0.0,86.0,76.0,1.0
2990.0,2392.0,20,4.3,16824,13079,1579,0,0,214,2024,12,11,2,50,346,4,0.9749279121818236,-0.2225209339563143,-2.4492935982947064e-16,1.0,-0.3212696616923651,0.9469877530760752,598.0,0.2,0.1207278843948314,1.436241610738255,65,102.0,107.0,398.0,169.0,220.42857142857144,314.2857142857143,231.66666666666663,168.89134292285587,102.0,107.0,2392.0,0.0,162.0,52.0,1.0
2990.0,1794.0,40,4.2,7314,7401,758,0,1,255,2024,12,15,6,50,350,4,-0.7818314824680299,0.6234898018587334,-2.4492935982947064e-16,1.0,-0.2553532951161881,0.9668478136052772,1196.0,0.4,0.102418592082151,1.7708333333333333,111,149.0,476.0,366.0,149.0,226.42857142857144,296.5,231.0,164.8887070550488,149.0,476.0,2392.0,-598.0,214.0,41.0,1.0
2990.0,2392.0,20,4.3,9933,8950,963,0,0,129,2024,12,17,1,51,352,4,0.7818314824680298,0.6234898018587336,-2.4492935982947064e-16,1.0,-0.2219215130041667,0.9750645322571944,598.0,0.2,0.1075977653631285,1.075,9,144.0,453.0,481.0,136.0,179.0,280.6428571428572,230.83333333333331,123.75513457361404,144.0,432.0,1794.0,598.0,255.0,-126.0,1.0
2990.0,2392.0,20,3.9,12145,9857,1024,0,0,205,2024,12,30,0,1,365,4,0.0,1.0,-2.4492935982947064e-16,1.0,6.432490598706546e-16,1.0,598.0,0.2,0.1038855635588921,1.7982456140350878,91,120.0,152.0,453.0,136.0,131.42857142857142,254.8571428571429,230.3,27.25103755123894,120.0,152.0,2392.0,0.0,129.0,76.0,1.0
2990.0,1794.0,40,3.8,11706,8384,931,0,0,186,2025,1,3,4,1,3,1,-0.433883739117558,-0.9009688679024191,0.4999999999999999,0.8660254037844387,0.0516196672232537,0.998666816288476,1196.0,0.4,0.1110448473282442,1.3285714285714283,46,114.0,162.0,562.0,139.0,126.0,230.64285714285717,229.56666666666663,26.236107434856283,114.0,162.0,2392.0,-598.0,205.0,-19.0,1.0
2990.0,2093.0,30,4.0,11900,7497,715,0,1,135,2025,1,4,5,1,4,1,-0.9749279121818236,-0.2225209339563146,0.4999999999999999,0.8660254037844387,0.0688024268023198,0.9976303053065856,897.0,0.3,0.0953714819261037,1.0546875,7,140.0,91.0,457.0,122.0,122.85714285714286,200.5,229.6,22.214323993229648,140.0,86.0,1794.0,299.0,186.0,-51.0,1.0
2990.0,2392.0,20,4.0,9669,3918,538,0,0,120,2025,1,16,3,3,16,1,0.4338837391175582,-0.900968867902419,0.4999999999999999,0.8660254037844387,0.2719581575341055,0.9623090774541486,598.0,0.2,0.1373149566105155,1.2371134020618555,23,128.0,102.0,140.0,142.0,128.14285714285714,177.0,229.8,17.20880173466022,128.0,102.0,2093.0,299.0,135.0,-15.0,1.0
2990.0,2392.0,20,4.3,7478,11900,1409,0,0,255,2025,1,17,4,3,17,1,-0.433883739117558,-0.9009688679024191,0.4999999999999999,0.8660254037844387,0.288482432880609,0.9574851883550392,598.0,0.2,0.1184033613445378,1.8214285714285716,115,97.0,149.0,107.0,150.0,127.42857142857144,173.92857142857142,228.3,18.527971132471624,97.0,149.0,2392.0,0.0,120.0,135.0,1.0
2990.0,2392.0,20,4.3,11936,6881,1041,0,0,82,2025,1,24,4,4,24,1,-0.433883739117558,-0.9009688679024191,0.4999999999999999,0.8660254037844387,0.401487989205973,0.9158642882672872,598.0,0.2,0.1512861502688562,0.7663551401869159,-25,140.0,144.0,476.0,131.0,126.14285714285714,176.28571428571428,227.96666666666667,17.033580279637185,140.0,144.0,2392.0,0.0,255.0,-173.0,1.0
2990.0,2392.0,20,4.5,11940,14901,1664,0,1,139,2025,1,25,5,4,25,1,-0.9749279121818236,-0.2225209339563146,0.4999999999999999,0.8660254037844387,0.4171936026123168,0.9088176373395028,598.0,0.2,0.1116703576941144,0.8176470588235294,-31,107.0,120.0,453.0,146.0,120.85714285714286,149.92857142857142,227.16666666666663,16.29344010564309,82.0,120.0,2392.0,0.0,82.0,57.0,1.0
2990.0,1794.0,40,3.9,15631,36306,6126,1,1,780,2025,1,26,6,4,26,1,-0.7818314824680299,0.6234898018587334,0.4999999999999999,0.8660254037844387,0.4327755925504312,0.901501684131884,1196.0,0.4,0.1687324409188564,1.95,380,170.0,114.0,152.0,124.0,128.0,129.71428571428572,227.96666666666667,24.66441431158098,139.0,114.0,2392.0,-598.0,139.0,641.0,1.0
2990.0,1794.0,40,4.0,14406,6743,1157,0,0,243,2025,1,29,2,5,29,1,0.9749279121818236,-0.2225209339563143,0.4999999999999999,0.8660254037844387,0.4787338401157884,0.8779600847008882,1196.0,0.4,0.1715853477680557,1.8984375,115,400.0,140.0,162.0,116.0,168.85714285714286,147.42857142857142,237.16666666666663,104.68433275237275,400.0,140.0,1794.0,0.0,780.0,-537.0,1.0
2990.0,2392.0,20,4.3,16773,11365,1272,0,0,141,2025,1,31,4,5,31,1,-0.433883739117558,-0.9009688679024191,0.4999999999999999,0.8660254037844387,0.5086709438521044,0.8609610158889943,598.0,0.2,0.111922569291685,1.0071428571428571,1,128.0,128.0,91.0,149.0,167.14285714285714,145.0,237.56666666666663,105.33190173831244,128.0,128.0,1794.0,598.0,243.0,-102.0,1.0
2990.0,2093.0,30,3.9,16284,14155,1667,0,0,237,2025,2,4,1,6,35,1,0.7818314824680298,0.6234898018587336,0.8660254037844386,0.5000000000000001,0.5667017562911176,0.8239230057575542,897.0,0.3,0.1177675732956552,1.4107142857142858,69,140.0,97.0,102.0,155.0,168.85714285714286,148.5,237.26666666666668,104.68433275237275,140.0,97.0,2392.0,-299.0,141.0,96.0,1.0
2990.0,2392.0,20,4.0,14087,8201,1057,0,0,131,2025,2,5,2,6,36,1,0.9749279121818236,-0.2225209339563143,0.8660254037844386,0.5000000000000001,0.5808002734538009,0.8140460935082178,598.0,0.2,0.1288867211315693,1.0916666666666666,11,168.0,140.0,149.0,150.0,179.0,153.21428571428572,237.7,99.8916079224542,168.0,140.0,2093.0,299.0,237.0,-106.0,1.0
2990.0,2392.0,20,4.3,14107,5778,620,0,0,180,2025,2,10,0,7,41,1,0.0,1.0,0.8660254037844386,0.5000000000000001,0.6486295610349814,0.7611042586607747,598.0,0.2,0.1073035652474904,1.7142857142857142,75,120.0,107.0,144.0,436.0,176.14285714285714,151.14285714285714,236.7,101.46662599335887,120.0,82.0,2392.0,0.0,131.0,49.0,1.0
2990.0,1495.0,50,4.0,16283,16769,1738,0,0,294,2025,2,13,3,7,44,1,0.4338837391175582,-0.900968867902419,0.8660254037844386,0.5000000000000001,0.6870527672236669,0.7266075247685656,1495.0,0.5,0.1036436281233228,1.47,94,105.0,170.0,120.0,398.0,175.85714285714286,148.35714285714286,225.66666666666663,101.6963266649432,105.0,139.0,2392.0,-897.0,180.0,114.0,1.0
2990.0,2392.0,20,4.0,8817,8076,1023,0,1,72,2025,3,1,5,9,60,1,-0.9749279121818236,-0.2225209339563146,1.0,6.123233995736766e-17,0.8587639582758029,0.5123714121284237,598.0,0.2,0.1266716196136701,0.6371681415929203,-41,200.0,400.0,114.0,366.0,180.14285714285714,154.07142857142858,219.06666666666663,102.03990815922386,200.0,400.0,1495.0,897.0,294.0,-222.0,1.0
2990.0,2093.0,30,4.0,16654,5061,936,0,1,157,2025,3,2,6,9,61,1,-0.7818314824680299,0.6234898018587334,1.0,6.123233995736766e-17,0.8674563547295969,0.4975132889071806,897.0,0.3,0.1849436870183758,1.4144144144144144,46,113.0,128.0,140.0,481.0,139.14285714285714,154.0,210.63333333333333,33.85473168026658,72.0,128.0,2392.0,-299.0,72.0,85.0,1.0
2990.0,1794.0,40,4.5,10236,5404,725,0,0,243,2025,3,3,0,10,62,1,0.0,1.0,1.0,6.123233995736766e-17,0.8758917051442429,0.4825077417612184,1196.0,0.4,0.134159881569208,1.944,118,111.0,140.0,128.0,453.0,136.71428571428572,151.92857142857142,198.3,35.36341935632664,111.0,140.0,2093.0,-299.0,157.0,86.0,1.0
2990.0,1794.0,40,4.2,13934,7097,895,0,0,185,2025,3,7,4,10,66,1,-0.433883739117558,-0.9009688679024191,1.0,6.123233995736766e-17,0.907013812802636,0.4211008707960896,1196.0,0.4,0.1261096237846977,1.2758620689655171,40,125.0,168.0,97.0,562.0,134.57142857142858,151.71428571428572,187.36666666666667,35.58490851872045,125.0,168.0,1794.0,0.0,243.0,-58.0,1.0
2990.0,2093.0,30,4.0,14668,8591,725,0,0,124,2025,3,13,3,11,72,1,0.4338837391175582,-0.900968867902419,1.0,6.123233995736766e-17,0.9455963874271426,0.3253420847119801,897.0,0.3,0.0843906413688744,1.0420168067226891,5,145.0,120.0,140.0,457.0,131.28571428571428,155.14285714285714,173.46666666666667,32.94801099567951,145.0,120.0,1794.0,299.0,185.0,-61.0,1.0
2990.0,2392.0,20,4.1,12875,12418,1785,0,1,107,2025,3,15,5,11,74,1,-0.9749279121818236,-0.2225209339563146,1.0,6.123233995736766e-17,0.9562348265919056,0.2926003356333483,598.0,0.2,0.1437429537767756,0.7181208053691275,-42,119.0,105.0,107.0,140.0,131.14285714285714,153.64285714285714,162.2,33.00721421865498,119.0,105.0,2093.0,299.0,124.0,-17.0,1.0
2990.0,2093.0,30,4.1,16578,6919,1188,0,0,106,2025,4,2,2,14,92,2,0.9749279121818236,-0.2225209339563143,0.8660254037844387,-0.4999999999999998,0.999916658654738,-0.0129102960750088,897.0,0.3,0.1717011128775834,0.9724770642201837,-3,149.0,200.0,170.0,107.0,137.42857142857142,156.64285714285714,162.5,31.34675497749386,107.0,200.0,2392.0,-299.0,107.0,-1.0,1.0
2990.0,2392.0,20,4.5,16062,7858,1530,0,1,163,2025,4,5,5,14,95,2,-0.9749279121818236,-0.2225209339563146,0.8660254037844387,-0.4999999999999998,0.9979171608653922,-0.0645084494493162,598.0,0.2,0.1947060320692288,1.4051724137931034,47,109.0,113.0,400.0,476.0,124.42857142857144,152.28571428571428,162.56666666666666,16.359066220876954,106.0,72.0,2093.0,299.0,106.0,57.0,1.0
2990.0,1495.0,50,4.0,12994,9200,1251,0,0,181,2025,4,11,4,15,101,2,-0.433883739117558,-0.9009688679024191,0.8660254037844387,-0.4999999999999998,0.9859481499638304,-0.1670516255021192,1495.0,0.5,0.1359782608695652,1.1830065359477124,28,116.0,111.0,128.0,453.0,124.85714285714286,132.0,150.56666666666666,16.046064641406012,116.0,111.0,2392.0,-897.0,163.0,18.0,1.0
2990.0,2392.0,20,4.4,16095,11810,1474,0,0,135,2025,4,14,0,16,104,2,0.0,1.0,0.8660254037844387,-0.4999999999999998,0.9760105506323684,-0.2177232303965317,598.0,0.2,0.124809483488569,0.906040268456376,-14,153.0,125.0,140.0,152.0,130.85714285714286,133.78571428571428,140.56666666666666,17.761649430055186,153.0,125.0,1495.0,897.0,181.0,-46.0,1.0
2990.0,2093.0,30,4.3,7640,10374,1290,0,0,94,2025,4,16,2,16,106,2,0.9749279121818236,-0.2225209339563143,0.8660254037844387,-0.4999999999999998,0.9679377830240642,-0.2511900638848193,897.0,0.3,0.1243493348756506,0.6438356164383562,-52,149.0,145.0,168.0,162.0,134.28571428571428,134.42857142857142,140.46666666666667,18.732452106031158,135.0,145.0,2392.0,-299.0,135.0,-41.0,1.0
2990.0,2392.0,20,4.2,12667,8339,741,0,0,114,2025,4,18,4,16,108,2,-0.433883739117558,-0.9009688679024191,0.8660254037844387,-0.4999999999999998,0.9587178169872964,-0.2843591872810034,598.0,0.2,0.0888595754886677,0.9661016949152542,-4,146.0,119.0,120.0,91.0,134.42857142857142,132.85714285714286,139.93333333333334,18.83133154131796,94.0,119.0,2093.0,299.0,94.0,20.0,1.0
2990.0,1794.0,40,4.0,14896,14608,1941,0,1,243,2025,4,19,5,16,109,2,-0.9749279121818236,-0.2225209339563146,0.8660254037844387,-0.4999999999999998,0.9536809966304456,-0.3008198076356673,1196.0,0.4,0.1328723986856517,1.4046242774566473,70,118.0,149.0,105.0,102.0,134.28571428571428,132.71428571428572,140.83333333333334,18.97115605082492,114.0,107.0,2392.0,-598.0,114.0,129.0,1.0
2990.0,1495.0,50,4.1,12127,4496,544,0,1,71,2025,4,20,6,16,110,2,-0.7818314824680299,0.6234898018587334,0.8660254037844387,-0.4999999999999998,0.9483615800121716,-0.3171912885891061,1495.0,0.5,0.1209964412811387,0.5772357723577236,-52,173.0,109.0,200.0,149.0,137.71428571428572,137.57142857142858,143.2,23.6623067748001,173.0,106.0,1794.0,-299.0,243.0,-172.0,1.0
2990.0,1495.0,50,3.9,16260,9994,1138,0,0,90,2025,4,24,3,17,114,2,0.4338837391175582,-0.900968867902419,0.8660254037844387,-0.4999999999999998,0.9242907221930932,-0.3816892202666588,1495.0,0.5,0.1138683209925955,0.569620253164557,-68,123.0,116.0,113.0,144.0,139.71428571428572,132.07142857142858,142.33333333333334,21.305040762804243,71.0,116.0,1495.0,0.0,71.0,19.0,1.0
2990.0,1794.0,40,4.4,15407,11170,1408,0,1,271,2025,4,26,5,17,116,2,-0.9749279121818236,-0.2225209339563146,0.8660254037844387,-0.4999999999999998,0.9106046300942162,-0.4132786077829042,1196.0,0.4,0.1260519247985675,1.7371794871794872,115,158.0,153.0,111.0,120.0,145.71428571428572,135.28571428571428,142.8,19.33661712670419,90.0,153.0,1495.0,299.0,90.0,181.0,1.0
2990.0,2093.0,30,4.0,14488,11426,954,0,0,195,2025,4,29,1,18,119,2,0.7818314824680298,0.6234898018587336,0.8660254037844387,-0.4999999999999998,0.8880573226294932,-0.4597327394521039,897.0,0.3,0.0834937861018729,1.4028776978417266,56,156.0,149.0,125.0,114.0,146.14285714285714,138.5,144.0,19.55699850376275,156.0,135.0,1794.0,299.0,271.0,-76.0,1.0
2990.0,2093.0,30,3.9,7641,5547,638,0,0,77,2025,4,30,2,18,120,2,0.9749279121818236,-0.2225209339563143,0.8660254037844387,-0.4999999999999998,0.8800122039735357,-0.4749510720670499,897.0,0.3,0.1150171263746169,0.8105263157894737,-18,139.0,146.0,145.0,140.0,144.71428571428572,139.5,144.83333333333334,19.67836617298508,139.0,94.0,2093.0,0.0,195.0,-118.0,1.0
2990.0,2392.0,20,4.1,14578,6621,550,0,0,156,2025,5,9,4,19,129,2,-0.433883739117558,-0.9009688679024191,0.4999999999999999,-0.8660254037844387,0.7961828637826158,-0.6050560696488488,598.0,0.2,0.0830690228062226,1.5145631067961165,53,95.0,118.0,119.0,128.0,137.42857142857142,135.92857142857142,143.33333333333334,27.14686687174729,77.0,114.0,2093.0,299.0,77.0,79.0,1.0
2990.0,1794.0,40,3.9,10343,10494,1278,0,1,123,2025,5,10,5,19,130,2,-0.9749279121818236,-0.2225209339563146,0.4999999999999999,-0.8660254037844387,0.7856498550787147,-0.6186714032625031,1196.0,0.4,0.1217838765008576,0.8482758620689655,-22,103.0,173.0,149.0,97.0,135.28571428571428,134.78571428571428,142.5,29.431923063878877,103.0,173.0,2392.0,-598.0,156.0,-33.0,1.0
2990.0,1495.0,50,4.5,13366,13039,1212,0,1,351,2025,5,11,6,19,131,2,-0.7818314824680299,0.6234898018587334,0.4999999999999999,-0.8660254037844387,0.7748840413670407,-0.6321034111873487,1495.0,0.5,0.0929519134902983,1.763819095477387,152,145.0,123.0,109.0,140.0,131.28571428571428,134.5,144.1,25.0247496538544,123.0,71.0,1794.0,-299.0,123.0,228.0,1.0
2990.0,2093.0,30,4.3,7856,11577,1310,0,0,183,2025,5,12,0,20,132,2,0.0,1.0,0.4999999999999999,-0.8660254037844387,0.7638886127905428,-0.6453481132295501,897.0,0.3,0.1131553943163168,1.2119205298013245,32,199.0,158.0,116.0,107.0,142.14285714285714,140.92857142857142,146.06666666666666,35.23458798504929,199.0,90.0,1495.0,598.0,351.0,-168.0,1.0
2990.0,2093.0,30,4.1,11564,12301,1736,0,0,222,2025,5,15,3,20,135,2,0.4338837391175582,-0.900968867902419,0.4999999999999999,-0.8660254037844387,0.7295575540864875,-0.6839194216246106,897.0,0.3,0.1411267376636046,1.4899328859060403,73,151.0,156.0,153.0,170.0,141.14285714285714,143.42857142857142,147.53333333333333,34.80626654032546,151.0,156.0,2093.0,0.0,183.0,39.0,1.0
2990.0,2392.0,20,4.4,9438,12022,1688,0,1,235,2025,5,18,6,20,138,2,-0.7818314824680299,0.6234898018587334,0.4999999999999999,-0.8660254037844387,0.6932812268869777,-0.7206671495538609,598.0,0.2,0.1404092497088671,1.7938931297709924,104,149.0,139.0,149.0,400.0,140.14285714285714,143.14285714285714,146.83333333333334,34.40653315592132,149.0,139.0,2093.0,299.0,222.0,13.0,1.0
2990.0,2392.0,20,4.0,9528,5250,667,0,0,151,2025,5,21,2,21,141,2,0.9749279121818236,-0.2225209339563143,0.4999999999999999,-0.8660254037844387,0.6551563572090853,-0.7554933140726803,598.0,0.2,0.127047619047619,1.5894736842105264,56,131.0,95.0,146.0,128.0,139.0,141.85714285714286,137.86666666666667,34.58323293158101,131.0,77.0,2392.0,0.0,235.0,-84.0,1.0
2990.0,2093.0,30,4.4,15432,7832,893,0,0,255,2025,5,26,0,22,146,2,0.0,1.0,0.4999999999999999,-0.8660254037844387,0.5877852522924732,-0.8090169943749473,897.0,0.3,0.1140194075587334,1.795774647887324,113,95.0,103.0,118.0,140.0,139.0,138.21428571428572,136.76666666666668,34.58323293158101,95.0,103.0,2392.0,-299.0,151.0,104.0,1.0
2990.0,2392.0,20,4.3,16623,9672,1039,0,0,168,2025,6,2,0,23,153,2,0.0,1.0,1.2246467991473532e-16,-1.0,0.4862727071086899,-0.8738071036110808,598.0,0.2,0.1074234904880066,1.4,48,142.0,145.0,173.0,168.0,144.57142857142858,139.92857142857142,136.83333333333334,30.74549908987823,142.0,123.0,2093.0,299.0,255.0,-87.0,1.0
2990.0,1495.0,50,3.9,8356,4935,522,0,0,221,2025,6,11,2,24,162,2,0.9749279121818236,-0.2225209339563143,1.2246467991473532e-16,-1.0,0.3456123126707335,-0.938377391740864,1495.0,0.5,0.1057750759878419,1.6742424242424243,89,120.0,199.0,123.0,120.0,141.0,136.14285714285714,135.23333333333332,32.109188716004475,120.0,199.0,2392.0,-897.0,168.0,53.0,1.0
2990.0,1794.0,40,4.1,13108,11528,1245,0,0,255,2025,6,25,2,26,176,2,0.9749279121818236,-0.2225209339563143,1.2246467991473532e-16,-1.0,0.1116590071216951,-0.993746580436178,1196.0,0.4,0.1079979181124219,1.5178571428571428,87,132.0,151.0,158.0,105.0,131.42857142857142,136.78571428571428,135.63333333333333,19.41526154735937,132.0,151.0,1495.0,299.0,221.0,34.0,1.0
2990.0,2392.0,20,3.9,17664,9591,994,0,1,68,2025,6,28,5,26,179,2,-0.9749279121818236,-0.2225209339563146,1.2246467991473532e-16,-1.0,0.060213277365793,-0.9981855344718586,598.0,0.2,0.1036388280679804,0.5714285714285714,-51,168.0,149.0,156.0,200.0,133.85714285714286,137.5,137.73333333333332,23.00310538042304,168.0,149.0,1794.0,598.0,255.0,-187.0,1.0
2990.0,1794.0,40,4.0,12620,14199,1470,0,1,97,2025,6,29,6,26,180,2,-0.7818314824680299,0.6234898018587334,1.2246467991473532e-16,-1.0,0.0430222330045305,-0.99907411510223,1196.0,0.4,0.1035284174941897,0.5808383233532934,-70,119.0,131.0,139.0,113.0,129.57142857142858,134.85714285714286,135.03333333333333,22.50079363679657,68.0,131.0,2392.0,-598.0,68.0,29.0,1.0
2990.0,2392.0,20,4.4,8391,9107,1120,0,0,173,2025,7,2,2,27,183,3,0.9749279121818236,-0.2225209339563143,-0.4999999999999997,-0.8660254037844388,-0.008606996888688,-0.9999629591162656,598.0,0.2,0.1229823212913143,1.3515625,45,167.0,95.0,95.0,111.0,134.71428571428572,136.85714285714286,136.83333333333334,26.619005025947512,97.0,95.0,1794.0,598.0,97.0,76.0,1.0
2990.0,2392.0,20,4.5,17052,13310,1878,0,1,260,2025,7,5,5,27,186,3,-0.9749279121818236,-0.2225209339563146,-0.4999999999999997,-0.8660254037844388,-0.0602132773657927,-0.9981855344718586,598.0,0.2,0.1410969196093163,1.7567567567567568,112,128.0,142.0,103.0,125.0,139.42857142857142,139.21428571428572,137.4,20.67089050538714,128.0,142.0,2392.0,0.0,173.0,87.0,1.0
2990.0,2093.0,30,4.2,9475,14615,1868,0,0,302,2025,7,7,0,28,188,3,0.0,1.0,-0.4999999999999997,-0.8660254037844388,-0.0945367498171993,-0.9955213724144752,897.0,0.3,0.1278138898392063,1.8414634146341464,138,148.0,120.0,145.0,145.0,140.28571428571428,142.42857142857142,138.16666666666666,20.91820806310661,148.0,120.0,2392.0,-299.0,260.0,42.0,1.0
2990.0,2093.0,30,3.9,10294,11618,1338,0,0,142,2025,7,16,2,29,197,3,0.9749279121818236,-0.2225209339563143,-0.4999999999999997,-0.8660254037844388,-0.2470221804809352,-0.9690098257244064,897.0,0.3,0.1151661215355482,0.9659863945578232,-5,164.0,132.0,199.0,119.0,146.57142857142858,143.78571428571428,138.8,20.41124806617755,164.0,132.0,2093.0,0.0,302.0,-160.0,1.0
2990.0,2093.0,30,4.2,11566,8836,1359,0,0,88,2025,7,21,0,30,202,3,0.0,1.0,-0.4999999999999997,-0.8660254037844388,-0.3294084822245302,-0.9441875088341994,897.0,0.3,0.1538026256224536,0.624113475177305,-53,147.0,168.0,151.0,149.0,148.71428571428572,140.07142857142858,139.73333333333332,19.388263509266395,142.0,168.0,2093.0,0.0,142.0,-54.0,1.0
2990.0,2392.0,20,4.0,16708,11255,1622,0,0,58,2025,7,24,3,30,205,3,0.4338837391175582,-0.900968867902419,-0.4999999999999997,-0.8660254037844388,-0.3777079652039646,-0.92592477719385,598.0,0.2,0.1441137272323411,0.4957264957264957,-59,141.0,119.0,149.0,109.0,144.85714285714286,139.35714285714286,139.46666666666667,17.50646139218831,88.0,68.0,2093.0,299.0,88.0,-30.0,1.0
2990.0,1495.0,50,3.9,8697,13530,1722,0,1,338,2025,7,26,5,30,207,3,-0.9749279121818236,-0.2225209339563146,-0.4999999999999997,-0.8660254037844388,-0.4093559588156211,-0.9123747579707274,1495.0,0.5,0.1272727272727272,1.888268156424581,159,117.0,167.0,131.0,116.0,144.57142857142858,137.07142857142858,139.73333333333332,18.00793475903619,58.0,97.0,2392.0,-897.0,58.0,280.0,1.0
2990.0,2392.0,20,4.5,12841,12474,1972,0,0,222,2025,8,6,2,32,218,3,0.9749279121818236,-0.2225209339563143,-0.8660254037844385,-0.5000000000000004,-0.5737722679043243,-0.8190148866680802,598.0,0.2,0.1580888247554914,1.4509803921568627,69,179.0,128.0,95.0,153.0,146.28571428571428,140.5,141.83333333333334,20.846376869168843,179.0,128.0,1495.0,897.0,338.0,-116.0,1.0
2990.0,2093.0,30,3.9,12379,11646,1142,0,0,152,2025,8,8,4,32,220,3,-0.433883739117558,-0.9009688679024191,-0.8660254037844385,-0.5000000000000004,-0.6016240632249227,-0.7987793728863648,897.0,0.3,0.0980594195431907,1.0410958904109588,6,153.0,148.0,142.0,149.0,149.85714285714286,144.64285714285714,141.83333333333334,19.273717609121988,153.0,148.0,2392.0,-299.0,222.0,-70.0,1.0
2990.0,2392.0,20,4.2,11500,9573,1038,0,1,104,2025,8,10,6,32,222,3,-0.7818314824680299,0.6234898018587334,-0.8660254037844385,-0.5000000000000004,-0.6287628145958345,-0.7775971469736268,598.0,0.2,0.1084299592604199,0.8739495798319328,-15,146.0,164.0,120.0,146.0,149.57142857142858,144.92857142857142,141.73333333333332,19.32060336236172,146.0,164.0,2093.0,299.0,152.0,-48.0,1.0
2990.0,2392.0,20,3.8,11759,9479,1057,0,0,196,2025,8,11,0,33,223,3,0.0,1.0,-0.8660254037844385,-0.5000000000000004,-0.6420547132365636,-0.7666588193001592,598.0,0.2,0.1115096529169743,1.568,71,119.0,147.0,132.0,118.0,143.14285714285714,144.85714285714286,140.83333333333334,21.122094052031084,104.0,142.0,2392.0,0.0,104.0,92.0,1.0
2990.0,2392.0,20,3.9,16016,7153,1421,0,0,210,2025,8,14,3,33,226,3,0.4338837391175582,-0.900968867902419,-0.8660254037844385,-0.5000000000000004,-0.6807734094770159,-0.7324940716135792,598.0,0.2,0.1986579057738012,1.9090909090909087,100,125.0,141.0,168.0,173.0,140.0,144.35714285714286,141.06666666666666,22.068076490713693,125.0,88.0,2392.0,0.0,196.0,14.0,1.0
2990.0,2093.0,30,4.1,17408,9016,1179,0,0,201,2025,8,15,4,33,227,3,-0.433883739117558,-0.9009688679024191,-0.8660254037844385,-0.5000000000000004,-0.6932812268869771,-0.7206671495538615,897.0,0.3,0.1307675244010647,1.534351145038168,70,110.0,117.0,119.0,123.0,135.57142857142858,140.21428571428572,138.96666666666667,24.7780624939153,110.0,58.0,2392.0,-299.0,210.0,-9.0,1.0
2990.0,2392.0,20,4.3,12004,7516,1065,0,0,60,2025,8,20,2,34,232,3,0.9749279121818236,-0.2225209339563143,-0.8660254037844385,-0.5000000000000004,-0.7526668275320083,-0.6584015846980489,598.0,0.2,0.1416977115486961,0.5128205128205128,-57,131.0,179.0,167.0,158.0,137.57142857142858,141.07142857142858,139.23333333333332,23.564501146548917,131.0,179.0,2093.0,299.0,201.0,-141.0,1.0
2990.0,1794.0,40,4.1,17445,10972,1694,0,0,310,2025,8,22,4,34,234,3,-0.433883739117558,-0.9009688679024191,-0.8660254037844385,-0.5000000000000004,-0.7748840413670406,-0.6321034111873488,1196.0,0.4,0.1543930003645643,1.962025316455696,152,117.0,153.0,128.0,156.0,128.71428571428572,137.5,137.86666666666667,15.755573465859229,60.0,153.0,2392.0,-598.0,60.0,250.0,1.0
2990.0,2392.0,20,3.9,12384,6011,740,0,0,200,2025,8,25,0,35,237,3,0.0,1.0,-0.8660254037844385,-0.5000000000000004,-0.8064799463209447,-0.5912614448635782,598.0,0.2,0.1231076360006654,1.96078431372549,98,158.0,146.0,148.0,139.0,129.42857142857142,139.64285714285714,137.93333333333334,17.096365528547473,158.0,146.0,1794.0,598.0,310.0,-110.0,1.0
2990.0,1794.0,40,4.2,14944,16098,1665,0,0,152,2025,8,28,3,35,240,3,0.4338837391175582,-0.900968867902419,-0.8660254037844385,-0.5000000000000004,-0.8359254794186365,-0.5488429582847199,1196.0,0.4,0.1034289973909802,0.7715736040609137,-45,102.0,119.0,164.0,95.0,123.14285714285714,136.35714285714286,136.7,18.050194564311955,102.0,104.0,2392.0,-598.0,200.0,-48.0,1.0
2990.0,2093.0,30,4.3,14133,8715,1088,0,1,153,2025,8,30,5,35,242,3,-0.9749279121818236,-0.2225209339563146,-0.8660254037844385,-0.5000000000000004,-0.8543221697498269,-0.5197438121555157,897.0,0.3,0.1248422260470453,1.1417910447761197,19,197.0,125.0,147.0,103.0,134.28571428571428,138.71428571428572,140.1,32.97329366681597,152.0,125.0,1794.0,299.0,152.0,1.0,1.0
2990.0,2392.0,20,4.4,8834,9920,1210,0,1,212,2025,9,6,5,36,249,3,-0.9749279121818236,-0.2225209339563146,-1.0,-1.8369701987210294e-16,-0.9106046300942162,-0.4132786077829044,598.0,0.2,0.1219758064516129,1.593984962406015,79,134.0,110.0,141.0,145.0,135.57142857142858,137.78571428571428,141.13333333333333,32.725408797330125,134.0,110.0,2093.0,299.0,153.0,59.0,1.0
2990.0,2392.0,20,4.2,8355,13196,1971,0,1,83,2025,9,7,6,36,250,3,-0.7818314824680299,0.6234898018587334,-1.0,-1.8369701987210294e-16,-0.9175836260593934,-0.3975428142825566,598.0,0.2,0.1493634434677175,0.5496688741721855,-68,133.0,131.0,117.0,199.0,138.85714285714286,137.21428571428572,140.73333333333332,30.82979387664116,133.0,131.0,2392.0,0.0,212.0,-129.0,1.0
2990.0,2392.0,20,3.8,9716,14288,1543,0,0,141,2025,9,8,0,37,251,3,0.0,1.0,-1.0,-1.8369701987210294e-16,-0.9242907221930934,-0.3816892202666586,598.0,0.2,0.1079927211646136,0.9724137931034482,-4,151.0,117.0,179.0,151.0,141.71428571428572,139.64285714285714,139.13333333333333,30.906926331133043,83.0,60.0,2392.0,0.0,83.0,58.0,1.0
2990.0,1794.0,40,4.0,10343,13175,1607,0,0,275,2025,9,9,1,37,252,3,0.7818314824680298,0.6234898018587336,-1.0,-1.8369701987210294e-16,-0.9307239310379792,-0.3657225234972692,1196.0,0.4,0.1219734345351043,1.6272189349112427,106,145.0,158.0,153.0,149.0,145.71428571428572,137.21428571428572,138.93333333333334,28.92354453678556,141.0,158.0,2392.0,-598.0,141.0,134.0,1.0
2990.0,2093.0,30,4.1,12217,6842,503,0,0,180,2025,9,10,2,37,253,3,0.9749279121818236,-0.2225209339563143,-1.0,-1.8369701987210294e-16,-0.9368813462954316,-0.3496474552512282,897.0,0.3,0.0735165156387021,1.267605633802817,38,169.0,102.0,146.0,131.0,147.28571428571428,138.35714285714286,139.6,29.981740474908232,169.0,102.0,1794.0,299.0,275.0,-95.0,1.0
2990.0,1794.0,40,4.1,17184,6523,707,0,1,93,2025,9,14,6,37,257,3,-0.7818314824680299,0.6234898018587334,-1.0,-1.8369701987210294e-16,-0.9587178169872964,-0.2843591872810036,1196.0,0.4,0.1083857120956615,0.7560975609756098,-30,142.0,197.0,119.0,95.0,153.0,138.07142857142858,139.96666666666667,22.88376425911293,142.0,152.0,2093.0,-299.0,180.0,-87.0,1.0
2990.0,2093.0,30,4.5,16598,8556,1188,0,0,89,2025,9,15,0,38,258,3,0.0,1.0,-1.0,-1.8369701987210294e-16,-0.9634705485641486,-0.2678143051621748,897.0,0.3,0.1388499298737728,0.6793893129770993,-42,123.0,134.0,125.0,142.0,142.42857142857142,138.35714285714286,140.9,14.853250405855194,93.0,134.0,1794.0,299.0,93.0,-4.0,1.0
2990.0,1794.0,40,4.1,11956,11437,1319,0,0,227,2025,9,18,3,38,261,3,0.4338837391175582,-0.900968867902419,-1.0,-1.8369701987210294e-16,-0.9760105506323682,-0.2177232303965322,1196.0,0.4,0.1153274460085686,1.3674698795180722,61,131.0,133.0,110.0,120.0,142.0,138.78571428571428,140.53333333333333,15.176736583775952,89.0,133.0,2093.0,-299.0,89.0,138.0,1.0
2990.0,2093.0,30,4.0,11668,8561,1060,0,0,182,2025,9,22,0,39,265,3,0.0,1.0,-1.0,-1.8369701987210294e-16,-0.9886775902323404,-0.1500553983446526,897.0,0.3,0.1238173110617918,1.4444444444444444,56,166.0,151.0,131.0,132.0,146.71428571428572,142.78571428571428,142.06666666666666,16.938263249363867,166.0,83.0,1794.0,299.0,227.0,-45.0,1.0
2990.0,1196.0,60,3.8,16451,25965,4340,1,0,380,2025,9,25,3,39,268,3,0.4338837391175582,-0.900968867902419,-1.0,-1.8369701987210294e-16,-0.9951053111006974,-0.0988201387328721,1794.0,0.6,0.1671480839591758,1.046831955922865,17,126.0,145.0,117.0,168.0,143.14285714285714,142.42857142857142,141.86666666666667,18.45199692380692,126.0,141.0,2093.0,-897.0,182.0,198.0,1.0
2990.0,1794.0,40,4.5,10787,27098,4210,1,1,510,2025,9,27,5,39,270,3,-0.9749279121818236,-0.2225209339563146,-1.0,-1.8369701987210294e-16,-0.9979171608653922,-0.0645084494493162,1196.0,0.4,0.1553620193372204,1.4166666666666667,150,363.0,169.0,158.0,119.0,174.28571428571428,160.0,148.36666666666667,85.23245525368496,363.0,169.0,1196.0,598.0,380.0,130.0,1.0
2990.0,1495.0,50,4.4,17500,28356,4523,1,0,629,2025,10,7,1,41,280,4,0.7818314824680298,0.6234898018587336,-0.8660254037844386,0.5000000000000001,-0.994217906893952,0.107381346664163,1495.0,0.5,0.1595076879672732,1.7,259,360.0,142.0,102.0,167.0,201.57142857142856,174.42857142857142,156.4,110.1799394064955,360.0,142.0,1794.0,-299.0,510.0,119.0,1.0
2990.0,1495.0,50,4.3,9376,16436,2069,1,1,523,2025,10,12,6,41,285,4,-0.7818314824680299,0.6234898018587334,-0.8660254037844386,0.5000000000000001,-0.9813064702716092,0.1924515819708299,1495.0,0.5,0.1258822097834022,1.6292834890965733,202,370.0,123.0,197.0,128.0,234.14285714285717,193.57142857142856,163.16666666666666,122.6314649283623,370.0,93.0,1495.0,0.0,629.0,-106.0,1.0
2990.0,1794.0,40,3.9,10841,27612,4892,1,0,195,2025,10,13,0,42,286,4,0.0,1.0,-0.8660254037844386,0.5000000000000001,-0.9778483415056568,0.2093146459630488,1196.0,0.4,0.177169346660872,0.5462184873949579,-162,321.0,131.0,134.0,148.0,262.42857142857144,202.42857142857144,169.6,115.34131544082112,321.0,89.0,1495.0,299.0,523.0,-328.0,1.0
2990.0,2093.0,30,4.4,16135,11587,1696,0,1,232,2025,10,25,5,43,298,4,-0.9749279121818236,-0.2225209339563146,-0.8660254037844386,0.5000000000000001,-0.9141279881853336,0.4054257283599973,897.0,0.3,0.1463709329420902,1.6571428571428573,92,357.0,166.0,133.0,164.0,294.7142857142857,218.3571428571429,176.56666666666666,103.43712145665134,195.0,166.0,1794.0,299.0,195.0,37.0,1.0
2990.0,1794.0,40,3.9,12420,12224,1561,0,0,170,2025,10,27,0,44,300,4,0.0,1.0,-0.8660254037844386,0.5000000000000001,-0.8996308696522434,0.4366512319560638,1196.0,0.4,0.1276996073298429,1.011904761904762,2,140.0,126.0,151.0,147.0,291.0,218.8571428571429,175.76666666666668,109.1390550322536,140.0,126.0,2093.0,-299.0,232.0,-62.0,1.0
2990.0,1196.0,60,4.3,10023,35489,7770,1,1,489,2025,11,8,5,45,312,4,-0.9749279121818236,-0.2225209339563146,-0.5000000000000004,0.8660254037844384,-0.7909456567567774,0.6118864012687242,1794.0,0.6,0.2189410803347516,1.1425233644859814,61,168.0,363.0,145.0,141.0,297.0,220.07142857142856,176.46666666666667,99.2639578766295,168.0,363.0,1794.0,-598.0,170.0,319.0,1.0
2990.0,1495.0,50,4.1,16387,51901,7575,1,0,724,2025,11,11,1,46,315,4,0.7818314824680298,0.6234898018587336,-0.5000000000000004,0.8660254037844384,-0.7583058084785625,0.6518989958787125,1495.0,0.5,0.1459509450684958,1.3976833976833978,206,428.0,360.0,169.0,117.0,306.2857142857143,240.28571428571428,186.03333333333333,109.02708269922984,428.0,360.0,1196.0,299.0,489.0,235.0,1.0
2990.0,1794.0,40,4.3,13298,55659,7824,1,0,827,2025,11,14,4,46,318,4,-0.433883739117558,-0.9009688679024191,-0.5000000000000004,0.8660254037844384,-0.7236440382959124,0.690173388242972,1196.0,0.4,0.1405702581792701,1.5934489402697496,308,518.0,370.0,142.0,179.0,328.85714285714283,265.2142857142857,199.4,135.2114745764678,518.0,370.0,1495.0,299.0,724.0,103.0,1.0
2990.0,2392.0,20,4.4,8496,13703,1921,0,0,141,2025,11,21,4,47,325,4,-0.433883739117558,-0.9009688679024191,-0.5000000000000004,0.8660254037844384,-0.6354323008901775,0.7721565844991641,598.0,0.2,0.1401882799386995,0.9527027027027029,-7,519.0,321.0,123.0,153.0,350.1428571428572,292.1428571428572,210.7333333333333,153.2877779118178,519.0,321.0,1794.0,598.0,827.0,-686.0,1.0
2990.0,2093.0,30,4.0,8236,4690,666,0,1,197,2025,11,23,6,47,327,4,-0.7818314824680299,0.6234898018587334,-0.5000000000000004,0.8660254037844384,-0.6084768701151264,0.7935716089521472,897.0,0.3,0.142004264392324,1.8073394495412844,88,148.0,357.0,131.0,146.0,325.42857142857144,293.92857142857144,210.56666666666663,171.619595950712,141.0,195.0,2392.0,-299.0,141.0,56.0,1.0
2990.0,1794.0,40,4.5,12866,9321,1150,0,0,210,2025,11,24,0,48,328,4,0.0,1.0,-0.5000000000000004,0.8660254037844384,-0.594726686960764,0.8039279618328208,1196.0,0.4,0.1233773200300396,1.4093959731543624,61,109.0,140.0,166.0,119.0,290.0,292.35714285714283,209.33333333333331,188.75822277894704,109.0,140.0,2093.0,-299.0,197.0,13.0,1.0
2990.0,1794.0,40,3.9,14193,14842,1963,0,0,182,2025,11,27,3,48,331,4,0.4338837391175582,-0.900968867902419,-0.5000000000000004,0.8660254037844384,-0.5524353131676203,0.8335557718385695,1196.0,0.4,0.132259803261016,0.9680851063829788,-6,149.0,168.0,126.0,125.0,291.2857142857143,291.1428571428572,210.33333333333331,187.59327838501585,149.0,168.0,1794.0,0.0,210.0,-28.0,1.0
2990.0,1495.0,50,3.9,16437,12051,1194,0,1,148,2025,11,30,6,48,334,4,-0.7818314824680299,0.6234898018587334,-0.5000000000000004,0.8660254037844384,-0.5086709438521042,0.8609610158889945,1495.0,0.5,0.0990789146128952,0.9135802469135802,-14,188.0,428.0,363.0,110.0,294.1428571428572,295.57142857142856,212.4333333333333,185.54373120770245,182.0,428.0,1794.0,-299.0,182.0,-34.0,1.0
2990.0,1794.0,40,3.8,16060,5112,748,0,0,178,2025,12,2,1,49,336,4,0.7818314824680298,0.6234898018587336,-2.4492935982947064e-16,1.0,-0.4787338401157883,0.8779600847008883,1196.0,0.4,0.1463223787167449,1.5614035087719298,64,162.0,518.0,360.0,131.0,256.1428571428572,281.2142857142857,214.16666666666663,180.73685159316423,148.0,518.0,1495.0,299.0,148.0,30.0,1.0
2990.0,2392.0,20,3.9,16198,8763,1603,0,0,67,2025,12,5,4,49,339,4,-0.433883739117558,-0.9009688679024191,-2.4492935982947064e-16,1.0,-0.4327755925504317,0.9015016841318838,598.0,0.2,0.1829282209289056,0.5929203539823009,-46,114.0,519.0,370.0,117.0,198.42857142857144,263.6428571428572,213.6,143.9407947072419,114.0,519.0,1794.0,598.0,178.0,-111.0,1.0
2990.0,2392.0,20,3.9,10980,18173,1901,0,1,122,2025,12,6,5,49,340,4,-0.9749279121818236,-0.2225209339563146,-2.4492935982947064e-16,1.0,-0.4171936026123169,0.9088176373395028,598.0,0.2,0.1046057337808837,0.6853932584269663,-56,113.0,148.0,321.0,158.0,140.42857142857142,245.28571428571428,213.46666666666667,29.714514651132664,67.0,141.0,2392.0,0.0,67.0,55.0,1.0
2990.0,2392.0,20,3.8,10530,9965,1399,0,0,109,2025,12,26,4,52,360,4,-0.433883739117558,-0.9009688679024191,-2.4492935982947064e-16,1.0,-0.0859647987374467,0.9962981749346076,598.0,0.2,0.14039136979428,0.9316239316239316,-8,178.0,109.0,357.0,102.0,144.71428571428572,235.07142857142856,214.13333333333333,32.97329366681603,122.0,109.0,2392.0,0.0,122.0,-13.0,1.0
2990.0,1794.0,40,4.2,10547,8436,922,0,1,147,2025,12,27,5,52,361,4,-0.9749279121818236,-0.2225209339563146,-2.4492935982947064e-16,1.0,-0.0688024268023206,0.9976303053065856,1196.0,0.4,0.1092935040303461,1.0352112676056338,5,117.0,149.0,140.0,197.0,145.85714285714286,217.92857142857144,214.63333333333333,31.64084159978764,109.0,149.0,2392.0,-598.0,109.0,38.0,1.0
799.0,479.4,40,3.9,8167,13892,1911,0,0,146,2023,1,6,4,1,6,1,-0.433883739117558,-0.9009688679024191,0.4999999999999999,0.8660254037844387,0.1031016974474348,0.9946708199115212,319.6,0.4,0.13756118629427,0.7849462365591398,-40,0.0,0.0,0.0,0.0,0.0,0.0,0.0,0.0,0.0,0.0,0.0,0.0,0.0,0.0,1.0
799.0,639.2,20,4.0,14289,8308,1291,0,1,181,2023,1,8,6,1,8,1,-0.7818314824680299,0.6234898018587334,0.4999999999999999,0.8660254037844387,0.1372787721132647,0.9905324521322229,159.79999999999995,0.1999999999999999,0.1553923928743379,1.547008547008547,64,186.0,0.0,0.0,0.0,0.0,0.0,0.0,0.0,146.0,0.0,479.4,159.80000000000007,146.0,35.0,1.0
799.0,639.2,20,4.4,5088,9470,1020,0,0,228,2023,1,9,0,2,9,1,0.0,1.0,0.4999999999999999,0.8660254037844387,0.1543088206642811,0.9880226656636976,159.79999999999995,0.1999999999999999,0.1077085533262935,1.7272727272727273,96,117.0,0.0,0.0,0.0,0.0,0.0,0.0,0.0,117.0,0.0,639.2,0.0,181.0,47.0,1.0
799.0,559.3,30,3.9,11707,14069,1683,0,1,165,2023,1,14,5,2,14,1,-0.9749279121818236,-0.2225209339563146,0.4999999999999999,0.8660254037844387,0.2386727660059501,0.9711000518829505,239.70000000000005,0.3,0.1196247068021892,1.0248447204968945,4,132.0,0.0,0.0,0.0,0.0,0.0,0.0,0.0,132.0,0.0,639.2,-79.90000000000009,228.0,-63.0,1.0
799.0,479.4,40,3.8,10623,14905,1934,0,0,235,2023,1,17,1,3,17,1,0.7818314824680298,0.6234898018587336,0.4999999999999999,0.8660254037844387,0.288482432880609,0.9574851883550392,319.6,0.4,0.1297551157329755,1.3988095238095235,67,161.0,0.0,0.0,0.0,0.0,0.0,0.0,0.0,161.0,0.0,559.3,-79.89999999999998,165.0,70.0,1.0
799.0,639.2,20,4.2,10306,11313,1576,0,0,266,2023,1,20,4,3,20,1,-0.433883739117558,-0.9009688679024191,0.4999999999999999,0.8660254037844387,0.3375228995941133,0.9413173175128472,159.79999999999995,0.1999999999999999,0.1393087598338195,1.9136690647482013,127,168.0,0.0,0.0,0.0,0.0,0.0,0.0,0.0,168.0,0.0,479.4,159.80000000000007,235.0,31.0,1.0
799.0,239.7,70,4.2,12475,34797,5170,1,0,347,2023,1,26,3,4,26,1,0.4338837391175582,-0.900968867902419,0.4999999999999999,0.8660254037844387,0.4327755925504312,0.901501684131884,559.3,0.7,0.1485760266689657,0.7977011494252874,-88,139.0,0.0,0.0,0.0,0.0,0.0,0.0,0.0,139.0,0.0,639.2,-399.50000000000006,266.0,81.0,1.0
799.0,479.4,40,4.3,6156,5189,779,0,0,219,2023,2,2,3,5,33,1,0.4338837391175582,-0.900968867902419,0.8660254037844386,0.5000000000000001,0.5380051715382996,0.8429415373547828,319.6,0.4,0.1501252649836192,1.8099173553719008,98,435.0,186.0,0.0,0.0,191.14285714285717,0.0,0.0,110.03852139353832,347.0,146.0,239.7,239.7,347.0,-128.0,1.0
799.0,639.2,20,3.8,13281,6638,899,0,0,112,2023,2,6,0,6,37,1,0.0,1.0,0.8660254037844386,0.5000000000000001,0.5947266869607634,0.8039279618328213,159.79999999999995,0.1999999999999999,0.1354323591443205,1.1914893617021276,18,121.0,117.0,0.0,0.0,181.8571428571429,0.0,0.0,113.24078854580708,121.0,117.0,479.4,159.80000000000007,219.0,-107.0,1.0
799.0,559.3,30,4.2,14788,9595,1080,0,1,247,2023,2,12,6,6,43,1,-0.7818314824680299,0.6234898018587334,0.8660254037844386,0.5000000000000001,0.6744436188329455,0.7383263540031065,239.70000000000005,0.3,0.1125586242834809,1.789855072463768,109,94.0,132.0,0.0,0.0,178.57142857142858,0.0,0.0,115.74232464524684,94.0,132.0,639.2,-79.90000000000009,112.0,135.0,1.0
799.0,639.2,20,4.0,14564,9958,1592,0,0,203,2023,2,13,0,7,44,1,0.0,1.0,0.8660254037844386,0.5000000000000001,0.6870527672236669,0.7266075247685656,159.79999999999995,0.1999999999999999,0.1598714601325567,1.677685950413223,82,138.0,161.0,0.0,0.0,179.42857142857142,0.0,0.0,115.36154348085724,138.0,161.0,559.3,79.90000000000009,247.0,-44.0,1.0
799.0,639.2,20,4.3,8067,11994,1372,0,0,125,2023,2,21,1,8,52,1,0.7818314824680298,0.6234898018587336,0.8660254037844386,0.5000000000000001,0.7802958510707755,0.6254105729852463,159.79999999999995,0.1999999999999999,0.1143905285976321,0.9689922480620154,-4,121.0,168.0,0.0,0.0,173.71428571428572,0.0,0.0,117.39919688213982,121.0,168.0,639.2,0.0,203.0,-78.0,1.0
799.0,479.4,40,4.2,13175,12070,1157,0,1,155,2023,2,25,5,8,56,1,-0.9749279121818236,-0.2225209339563146,0.8660254037844386,0.5000000000000001,0.8214765533024142,0.5702422926917871,319.6,0.4,0.0958574979287489,0.945121951219512,-9,129.0,139.0,0.0,0.0,168.14285714285714,0.0,0.0,118.63449269560206,125.0,139.0,639.2,-159.80000000000007,125.0,30.0,1.0
799.0,559.3,30,4.0,14751,13517,1865,0,0,148,2023,2,27,0,9,58,1,0.0,1.0,0.8660254037844386,0.5000000000000001,0.8406184056344782,0.5416278206559814,239.70000000000005,0.3,0.1379744026041281,0.9426751592356688,-9,164.0,435.0,0.0,0.0,171.71428571428572,0.0,0.0,117.98547126053882,155.0,347.0,479.4,79.89999999999998,155.0,-7.0,1.0
799.0,639.2,20,4.4,10534,15162,1750,0,1,102,2023,3,4,5,9,63,1,-0.9749279121818236,-0.2225209339563146,1.0,6.123233995736766e-17,0.8840675099433636,0.4673592171580022,159.79999999999995,0.1999999999999999,0.1154201292705447,0.5698324022346368,-77,157.0,121.0,186.0,0.0,132.0,161.57142857142858,0.0,23.734644158557327,148.0,121.0,559.3,79.90000000000009,148.0,-46.0,1.0
799.0,399.5,50,4.5,12297,11107,1668,0,0,291,2023,3,7,1,10,66,1,0.7818314824680298,0.6234898018587336,1.0,6.123233995736766e-17,0.907013812802636,0.4211008707960896,399.5,0.5,0.1501755649590348,1.81875,131,179.0,94.0,117.0,0.0,140.28571428571428,161.07142857142858,0.0,28.831200031183247,102.0,94.0,639.2,-239.70000000000005,102.0,189.0,1.0
799.0,559.3,30,3.9,6779,16045,1776,0,0,98,2023,3,8,2,10,67,1,0.9749279121818236,-0.2225209339563143,1.0,6.123233995736766e-17,0.9141279881853336,0.4054257283599973,239.70000000000005,0.3,0.1106886880648177,0.547486033519553,-81,160.0,138.0,132.0,0.0,149.71428571428572,164.14285714285714,0.0,20.862360730226587,160.0,138.0,399.5,159.79999999999995,291.0,-193.0,1.0
799.0,399.5,50,4.2,12347,8456,1176,0,1,219,2023,3,11,5,10,70,1,-0.9749279121818236,-0.2225209339563146,1.0,6.123233995736766e-17,0.9338372288229252,0.3576982388331254,399.5,0.5,0.1390728476821192,1.4503311258278146,68,179.0,121.0,161.0,0.0,155.57142857142858,167.5,0.0,22.69990560081074,98.0,121.0,559.3,-159.79999999999995,98.0,121.0,1.0
799.0,559.3,30,3.9,9990,7067,1216,0,1,154,2023,3,12,6,10,71,1,-0.7818314824680299,0.6234898018587334,1.0,6.123233995736766e-17,0.9398560579418954,0.3415707691678556,239.70000000000005,0.3,0.1720673553134286,1.2125984251968505,27,151.0,129.0,168.0,0.0,159.85714285714286,166.78571428571428,0.0,17.26681375190169,151.0,125.0,399.5,159.79999999999995,219.0,-65.0,1.0
799.0,639.2,20,4.4,11760,10075,1123,0,0,133,2023,3,14,1,11,73,1,0.7818314824680298,0.6234898018587336,1.0,6.123233995736766e-17,0.9510565162951536,0.3090169943749474,159.79999999999995,0.1999999999999999,0.1114640198511166,0.9779411764705882,-3,127.0,164.0,139.0,0.0,159.57142857142858,163.85714285714286,0.0,17.868567773767385,127.0,155.0,559.3,79.90000000000009,154.0,-21.0,1.0
799.0,639.2,20,4.4,10674,10161,1284,0,0,135,2023,3,17,4,11,76,1,-0.433883739117558,-0.9009688679024191,1.0,6.123233995736766e-17,0.9657399376548548,0.2595117970697999,159.79999999999995,0.1999999999999999,0.1263655152051963,1.007462686567164,1,136.0,157.0,435.0,0.0,155.57142857142858,163.64285714285714,0.0,19.747211979223422,133.0,148.0,639.2,0.0,133.0,2.0,1.0
799.0,399.5,50,4.2,12804,9374,1528,0,0,168,2023,3,20,0,12,79,1,0.0,1.0,1.0,6.123233995736766e-17,0.9778483415056568,0.2093146459630484,399.5,0.5,0.163004053765735,1.0566037735849056,9,134.0,179.0,121.0,0.0,152.28571428571428,142.14285714285714,0.0,21.320680771763197,134.0,102.0,639.2,-239.70000000000005,135.0,33.0,1.0
799.0,399.5,50,3.8,6991,8923,1123,0,0,151,2023,3,28,1,13,87,1,0.7818314824680298,0.6234898018587336,1.0,6.123233995736766e-17,0.9973249731081556,0.0730951298980777,399.5,0.5,0.1258545332287347,0.9805194805194806,-3,159.0,160.0,94.0,0.0,149.42857142857142,144.85714285714286,0.0,18.26524151548651,159.0,160.0,399.5,0.0,168.0,-17.0,1.0
799.0,639.2,20,4.4,11692,12634,1297,0,0,83,2023,4,4,1,14,94,2,0.7818314824680298,0.6234898018587336,0.8660254037844387,-0.4999999999999998,0.9988797155850336,-0.0473213883224318,159.79999999999995,0.1999999999999999,0.102659490264366,0.5220125786163522,-76,154.0,179.0,138.0,0.0,148.57142857142858,149.14285714285714,0.0,17.82186992487186,151.0,98.0,399.5,239.70000000000005,151.0,-68.0,1.0
799.0,399.5,50,4.2,7258,8191,697,0,0,94,2023,4,7,4,14,97,2,-0.433883739117558,-0.9009688679024191,0.8660254037844387,-0.4999999999999998,0.9951053111006976,-0.0988201387328714,399.5,0.5,0.0850933951898425,0.5875,-66,159.0,151.0,121.0,0.0,145.71428571428572,150.64285714285714,0.0,13.111245627504912,83.0,151.0,639.2,-239.70000000000005,83.0,11.0,1.0
799.0,559.3,30,4.3,6213,10938,919,0,1,173,2023,4,8,5,14,98,2,-0.9749279121818236,-0.2225209339563146,0.8660254037844387,-0.4999999999999998,0.9932568492674144,-0.1159345995955004,239.70000000000005,0.3,0.0840190162735417,1.1161290322580646,18,160.0,127.0,129.0,0.0,147.0,153.42857142857142,0.0,14.118545723031747,94.0,127.0,399.5,159.79999999999995,94.0,79.0,1.0
799.0,639.2,20,4.3,10667,8561,695,0,1,184,2023,4,9,6,14,99,2,-0.7818314824680299,0.6234898018587334,0.8660254037844387,-0.4999999999999998,0.9911140639934548,-0.1330147065341959,159.79999999999995,0.1999999999999999,0.081182104894288,1.373134328358209,50,155.0,136.0,164.0,0.0,151.0,155.28571428571428,0.0,11.165422816296353,155.0,133.0,559.3,79.90000000000009,173.0,11.0,1.0
799.0,639.2,20,4.4,11656,11740,1447,0,0,205,2023,4,10,0,15,100,2,0.0,1.0,0.8660254037844387,-0.4999999999999998,0.9886775902323404,-0.1500553983446526,159.79999999999995,0.1999999999999999,0.1232538330494037,1.4642857142857142,65,134.0,134.0,157.0,0.0,150.71428571428572,153.14285714285714,0.0,11.629191512658982,134.0,134.0,639.2,0.0,184.0,21.0,1.0
799.0,559.3,30,4.1,9056,6213,629,0,0,101,2023,4,11,1,15,101,2,0.7818314824680298,0.6234898018587336,0.8660254037844387,-0.4999999999999998,0.9859481499638304,-0.1670516255021192,239.70000000000005,0.3,0.1012393368742958,0.8487394957983193,-18,140.0,159.0,179.0,0.0,151.57142857142858,151.92857142857142,0.0,10.341778423094617,140.0,159.0,639.2,-79.90000000000009,205.0,-104.0,1.0
799.0,399.5,50,4.3,8486,13088,1508,0,0,142,2023,4,14,4,15,104,2,-0.433883739117558,-0.9009688679024191,0.8660254037844387,-0.4999999999999998,0.9760105506323684,-0.2177232303965317,399.5,0.5,0.1152200488997555,0.7675675675675676,-43,119.0,154.0,160.0,0.0,145.85714285714286,147.64285714285714,0.0,15.377782365354092,101.0,151.0,559.3,-159.79999999999995,101.0,41.0,1.0
799.0,639.2,20,4.4,7104,10598,1313,0,1,225,2023,4,15,5,15,105,2,-0.9749279121818236,-0.2225209339563146,0.8660254037844387,-0.4999999999999998,0.9721181966290612,-0.2344913895704098,159.79999999999995,0.1999999999999999,0.1238913002453293,1.4610389610389611,71,185.0,159.0,179.0,186.0,150.28571428571428,149.42857142857142,156.43333333333334,21.398709351378333,142.0,83.0,399.5,239.70000000000005,142.0,83.0,1.0
799.0,639.2,20,4.0,7086,12121,1664,0,0,186,2023,4,20,3,16,110,2,0.4338837391175582,-0.900968867902419,0.8660254037844387,-0.4999999999999998,0.9483615800121716,-0.3171912885891061,159.79999999999995,0.1999999999999999,0.1372824024420427,1.441860465116279,57,154.0,160.0,151.0,117.0,149.57142857142858,147.64285714285714,155.36666666666667,21.141248330039208,154.0,94.0,639.2,0.0,225.0,-39.0,1.0
799.0,559.3,30,4.0,11495,6726,829,0,0,144,2023,4,26,2,17,116,2,0.9749279121818236,-0.2225209339563143,0.8660254037844387,-0.4999999999999998,0.9106046300942162,-0.4132786077829042,239.70000000000005,0.3,0.123253047873922,1.2,24,129.0,155.0,127.0,132.0,145.14285714285714,146.07142857142858,155.76666666666668,21.828334578620407,129.0,155.0,639.2,-79.90000000000009,186.0,-42.0,1.0
799.0,639.2,20,4.5,6741,12058,1803,0,1,203,2023,4,29,5,17,119,2,-0.9749279121818236,-0.2225209339563146,0.8660254037844387,-0.4999999999999998,0.8880573226294932,-0.4597327394521039,159.79999999999995,0.1999999999999999,0.1495272847901808,1.3355263157894737,51,120.0,134.0,136.0,161.0,140.14285714285714,145.57142857142858,155.36666666666667,23.161955670370237,120.0,134.0,559.3,79.90000000000009,144.0,59.0,1.0
799.0,479.4,40,4.3,13369,4089,511,0,0,138,2023,5,10,2,19,130,2,0.9749279121818236,-0.2225209339563143,0.4999999999999999,-0.8660254037844387,0.7856498550787147,-0.6186714032625031,319.6,0.4,0.1249694301785277,1.2212389380530972,25,152.0,140.0,134.0,168.0,142.71428571428572,146.71428571428572,155.06666666666666,23.36460489511361,152.0,140.0,639.2,-159.80000000000007,203.0,-65.0,1.0
799.0,479.4,40,4.3,12509,11905,1209,0,0,229,2023,5,11,3,19,131,2,0.4338837391175582,-0.900968867902419,0.4999999999999999,-0.8660254037844387,0.7748840413670407,-0.6321034111873487,319.6,0.4,0.1015539689206215,1.506578947368421,77,113.0,119.0,159.0,139.0,138.85714285714286,145.21428571428572,153.23333333333332,25.97067943809318,113.0,101.0,479.4,0.0,138.0,91.0,1.0
799.0,559.3,30,4.0,9826,10915,1128,0,1,186,2023,5,13,5,19,133,2,-0.9749279121818236,-0.2225209339563146,0.4999999999999999,-0.8660254037844387,0.7526668275320085,-0.6584015846980488,239.70000000000005,0.3,0.1033440219880897,1.3006993006993006,43,152.0,185.0,154.0,435.0,143.57142857142858,144.71428571428572,153.66666666666666,24.73093301149499,152.0,142.0,479.4,79.89999999999998,229.0,-43.0,1.0
799.0,639.2,20,4.3,8385,10531,1485,0,0,74,2023,5,15,0,20,135,2,0.0,1.0,0.4999999999999999,-0.8660254037844387,0.7295575540864875,-0.6839194216246106,159.79999999999995,0.1999999999999999,0.1410122495489507,0.5174825174825175,-69,143.0,154.0,159.0,121.0,137.57142857142858,143.92857142857142,143.93333333333334,16.840993071046995,143.0,154.0,559.3,79.90000000000009,186.0,-112.0,1.0
799.0,559.3,30,4.3,14089,17442,1949,0,0,320,2023,5,16,1,20,136,2,0.7818314824680298,0.6234898018587336,0.4999999999999999,-0.8660254037844387,0.717676913675962,-0.6963762255968722,239.70000000000005,0.3,0.1117417727324848,1.702127659574468,132,143.0,129.0,160.0,94.0,136.0,142.78571428571428,144.66666666666666,15.513435037626966,74.0,129.0,639.2,-79.90000000000009,74.0,246.0,1.0
799.0,399.5,50,4.3,11113,15237,1833,0,0,208,2023,5,22,0,21,142,2,0.0,1.0,0.4999999999999999,-0.8660254037844387,0.6420547132365637,-0.766658819300159,399.5,0.5,0.1202992715101397,1.0196078431372548,4,188.0,120.0,155.0,138.0,144.42857142857142,144.78571428571428,147.8,24.50072885213254,188.0,120.0,559.3,-159.79999999999995,320.0,-112.0,1.0
799.0,559.3,30,4.2,7365,10675,1880,0,0,94,2023,5,25,3,21,145,2,0.4338837391175582,-0.900968867902419,0.4999999999999999,-0.8660254037844387,0.6016240632249226,-0.7987793728863649,239.70000000000005,0.3,0.1761124121779859,0.7121212121212122,-38,204.0,152.0,134.0,121.0,156.42857142857142,148.28571428571428,150.0,30.4020675988611,204.0,152.0,399.5,159.79999999999995,208.0,-114.0,1.0
799.0,479.4,40,3.9,7853,14582,1781,0,0,97,2023,5,31,2,22,151,2,0.9749279121818236,-0.2225209339563143,0.4999999999999999,-0.8660254037844387,0.5160623910158528,-0.8565509959010036,319.6,0.4,0.1221368810862707,0.5705882352941176,-73,132.0,113.0,140.0,129.0,153.57142857142858,148.14285714285714,150.36666666666667,31.795477366323446,94.0,113.0,559.3,-79.89999999999998,94.0,3.0,1.0
799.0,639.2,20,3.8,13278,11526,1378,0,0,120,2023,6,5,0,23,156,2,0.0,1.0,1.2246467991473532e-16,-1.0,0.440518784350495,-0.8977433935342337,159.79999999999995,0.1999999999999999,0.1195557869165365,0.9523809523809524,-6,170.0,152.0,119.0,164.0,161.71428571428572,150.28571428571428,151.73333333333332,26.537484719507635,97.0,152.0,479.4,159.80000000000007,97.0,23.0,1.0
799.0,399.5,50,4.5,14465,5471,534,0,0,278,2023,6,23,4,25,174,2,-0.433883739117558,-0.9009688679024191,1.2246467991473532e-16,-1.0,0.1457991969198751,-0.9893142039703664,399.5,0.5,0.0976055565710107,1.930555555555556,134,126.0,143.0,185.0,157.0,158.0,150.78571428571428,150.46666666666667,29.74894956128713,120.0,143.0,639.2,-239.70000000000005,120.0,158.0,1.0
799.0,639.2,20,4.5,6452,6285,874,0,0,174,2023,7,7,4,27,188,3,-0.433883739117558,-0.9009688679024191,-0.4999999999999997,-0.8660254037844388,-0.0945367498171993,-0.9955213724144752,159.79999999999995,0.1999999999999999,0.1390612569610183,1.870967741935484,81,144.0,143.0,154.0,179.0,158.14285714285714,147.85714285714286,150.03333333333333,29.66720170732088,144.0,74.0,399.5,239.70000000000005,278.0,-104.0,1.0
799.0,559.3,30,4.4,6762,15467,1716,0,1,231,2023,7,8,5,27,189,3,-0.9749279121818236,-0.2225209339563146,-0.4999999999999997,-0.8660254037844388,-0.1116590071216944,-0.993746580436178,239.70000000000005,0.3,0.1109458847869657,1.3275862068965518,57,93.0,188.0,129.0,160.0,151.0,143.5,147.16666666666666,38.59620015839218,93.0,188.0,639.2,-79.90000000000009,174.0,57.0,1.0
799.0,639.2,20,4.2,7022,7870,804,0,0,137,2023,7,14,4,28,195,3,-0.433883739117558,-0.9009688679024191,-0.4999999999999997,-0.8660254037844388,-0.2135209154397959,-0.9769384927771816,159.79999999999995,0.1999999999999999,0.1021601016518424,1.0703125,9,174.0,204.0,120.0,179.0,149.0,146.71428571428572,147.63333333333333,36.67424164178457,174.0,204.0,559.3,79.90000000000009,231.0,-94.0,1.0
799.0,639.2,20,4.1,9987,11367,1816,0,1,142,2023,7,16,6,28,197,3,-0.7818314824680299,0.6234898018587334,-0.4999999999999997,-0.8660254037844388,-0.2470221804809352,-0.9690098257244064,159.79999999999995,0.1999999999999999,0.1597607108295944,0.9726027397260274,-4,128.0,132.0,152.0,151.0,138.14285714285714,147.28571428571428,145.93333333333334,27.8713028724803,128.0,94.0,639.2,0.0,137.0,5.0,1.0
799.0,479.4,40,4.0,14500,4087,550,0,0,128,2023,7,18,1,29,199,3,0.7818314824680298,0.6234898018587336,-0.4999999999999997,-0.8660254037844388,-0.2802306751992161,-0.9599326896597444,319.6,0.4,0.1345730364570589,1.2427184466019416,25,146.0,170.0,113.0,127.0,140.14285714285714,146.85714285714286,145.76666666666668,27.859340572649277,142.0,97.0,639.2,-159.80000000000007,142.0,-14.0,1.0
799.0,559.3,30,4.2,9207,9666,1250,0,0,211,2023,7,19,2,29,200,3,0.9749279121818236,-0.2225209339563143,-0.4999999999999997,-0.8660254037844388,-0.2967128192734901,-0.9549667548552552,239.70000000000005,0.3,0.1293192633974756,1.54014598540146,74,103.0,126.0,152.0,136.0,130.57142857142858,146.14285714285714,144.96666666666667,27.397427755522088,103.0,120.0,479.4,79.89999999999998,128.0,83.0,1.0
799.0,559.3,30,4.2,12945,7581,1149,0,0,63,2023,7,26,2,30,207,3,0.9749279121818236,-0.2225209339563143,-0.4999999999999997,-0.8660254037844388,-0.4093559588156211,-0.9123747579707274,239.70000000000005,0.3,0.1515631183221211,0.504,-62,137.0,144.0,143.0,134.0,132.14285714285714,145.07142857142858,145.0,27.406985553739062,137.0,144.0,559.3,0.0,211.0,-148.0,1.0
799.0,479.4,40,4.1,7722,8150,982,0,0,149,2023,8,15,1,33,227,3,0.7818314824680298,0.6234898018587336,-0.8660254037844385,-0.5000000000000004,-0.6932812268869771,-0.7206671495538615,319.6,0.4,0.1204907975460122,1.1550387596899223,20,125.0,93.0,143.0,159.0,129.42857142857142,143.78571428571428,144.7,26.974414685383856,63.0,93.0,559.3,-79.89999999999998,63.0,86.0,1.0
799.0,639.2,20,4.1,13579,8330,904,0,0,206,2023,8,16,2,33,228,3,0.9749279121818236,-0.2225209339563143,-0.8660254037844385,-0.5000000000000004,-0.7055836101071774,-0.70862667826446,159.79999999999995,0.1999999999999999,0.1085234093637455,1.7758620689655171,90,129.0,174.0,188.0,154.0,134.57142857142858,142.78571428571428,143.7,21.80869201990464,129.0,174.0,479.4,159.80000000000007,149.0,57.0,1.0
799.0,479.4,40,3.9,13648,7077,1009,0,0,176,2023,8,18,4,33,230,3,-0.433883739117558,-0.9009688679024191,-0.8660254037844385,-0.5000000000000004,-0.7295575540864876,-0.6839194216246105,319.6,0.4,0.1425745372332909,1.3435114503816794,45,116.0,128.0,204.0,159.0,126.28571428571428,137.64285714285714,142.43333333333334,13.924969009113326,116.0,128.0,639.2,-159.80000000000007,206.0,-30.0,1.0
799.0,479.4,40,3.9,7370,8916,647,0,0,251,2023,8,23,2,34,235,3,0.9749279121818236,-0.2225209339563143,-0.8660254037844385,-0.5000000000000004,-0.7856498550787144,-0.6186714032625032,319.6,0.4,0.0725661731718259,1.7430555555555556,107,131.0,146.0,132.0,160.0,126.71428571428572,132.42857142857142,141.5,14.032275720807606,131.0,142.0,479.4,0.0,176.0,75.0,1.0
799.0,479.4,40,4.2,7385,4360,518,0,1,187,2023,9,2,5,35,245,3,-0.9749279121818236,-0.2225209339563146,-1.0,-1.8369701987210294e-16,-0.8800122039735356,-0.4749510720670502,319.6,0.4,0.1188073394495412,1.5454545454545454,66,144.0,103.0,170.0,155.0,126.42857142857144,133.28571428571428,140.96666666666667,13.58745920395172,144.0,103.0,479.4,0.0,251.0,-64.0,1.0
799.0,639.2,20,4.1,9462,5423,628,0,1,184,2023,9,3,6,35,246,3,-0.7818314824680299,0.6234898018587334,-1.0,-1.8369701987210294e-16,-0.888057322629493,-0.4597327394521046,159.79999999999995,0.1999999999999999,0.1158030610363267,1.7358490566037736,78,121.0,137.0,126.0,134.0,129.0,129.78571428571428,139.83333333333334,9.504384952922416,121.0,137.0,479.4,159.80000000000007,187.0,-3.0,1.0
799.0,559.3,30,4.2,8390,6594,813,0,0,74,2023,9,5,1,36,248,3,0.7818314824680298,0.6234898018587336,-1.0,-1.8369701987210294e-16,-0.9033558023246842,-0.4288919379124841,239.70000000000005,0.3,0.1232939035486806,0.6016260162601627,-49,106.0,125.0,144.0,140.0,124.57142857142856,128.35714285714286,138.9,12.039617143098264,106.0,63.0,639.2,-79.90000000000009,184.0,-110.0,1.0
799.0,639.2,20,4.4,10785,10003,1080,0,0,58,2023,9,14,3,37,257,3,0.4338837391175582,-0.900968867902419,-1.0,-1.8369701987210294e-16,-0.9587178169872964,-0.2843591872810036,159.79999999999995,0.1999999999999999,0.1079676097170848,0.5321100917431193,-51,123.0,129.0,93.0,119.0,124.28571428571428,126.85714285714286,138.33333333333334,12.051476890327589,74.0,129.0,559.3,79.90000000000009,74.0,-16.0,1.0
799.0,639.2,20,4.3,7542,8806,1483,0,0,145,2023,9,21,3,38,264,3,0.4338837391175582,-0.900968867902419,-1.0,-1.8369701987210294e-16,-0.9859481499638304,-0.1670516255021195,159.79999999999995,0.1999999999999999,0.1684079037020213,1.2608695652173914,30,109.0,116.0,174.0,185.0,121.42857142857144,128.0,138.0,13.074875944053376,58.0,116.0,639.2,0.0,58.0,87.0,1.0
799.0,559.3,30,4.0,14408,7718,660,0,0,143,2023,9,22,4,38,265,3,-0.433883739117558,-0.9009688679024191,-1.0,-1.8369701987210294e-16,-0.9886775902323404,-0.1500553983446526,239.70000000000005,0.3,0.0855143819642394,1.2222222222222223,26,115.0,131.0,128.0,154.0,121.28571428571428,123.78571428571428,135.66666666666666,13.14932553041283,115.0,131.0,639.2,-79.90000000000009,145.0,-2.0,1.0
799.0,319.6,60,3.9,6588,33542,5048,1,0,238,2023,9,27,2,39,270,3,0.9749279121818236,-0.2225209339563143,-1.0,-1.8369701987210294e-16,-0.9979171608653922,-0.0645084494493162,479.4,0.6,0.1504978832508496,0.5573770491803278,-189,117.0,144.0,146.0,129.0,119.28571428571428,123.0,134.43333333333334,12.472827609304687,117.0,144.0,559.3,-239.69999999999996,143.0,95.0,1.0
799.0,399.5,50,4.5,7357,51586,7854,1,0,610,2023,10,4,2,40,277,4,0.9749279121818236,-0.2225209339563143,-0.8660254037844386,0.5000000000000001,-0.9984354211555644,0.055916990100603,399.5,0.5,0.1522506106307913,1.1798839458413926,93,427.0,121.0,103.0,120.0,159.71428571428572,143.07142857142858,144.36666666666667,118.01795666439112,238.0,121.0,319.6,79.89999999999998,238.0,372.0,1.0
799.0,279.65,65,4.4,14965,31273,6384,1,0,277,2023,10,9,0,41,282,4,0.0,1.0,-0.8660254037844386,0.5000000000000001,-0.989932495087353,0.141540295217043,519.35,0.65,0.2041377546126051,0.6533018867924528,-147,517.0,106.0,137.0,152.0,216.28571428571428,172.64285714285714,157.6,176.69249586566514,517.0,106.0,399.5,-119.85000000000002,610.0,-333.0,1.0
799.0,639.2,20,3.8,15299,8709,1659,0,0,117,2023,10,26,3,43,299,4,0.4338837391175582,-0.900968867902419,-0.8660254037844386,0.5000000000000001,-0.9070138128026362,0.4211008707960891,159.79999999999995,0.1999999999999999,0.190492593868412,1.0353982300884956,4,424.0,123.0,125.0,113.0,261.7142857142857,193.14285714285717,166.66666666666666,184.32644437312325,277.0,74.0,279.65,359.55000000000007,277.0,-160.0,1.0
799.0,639.2,20,4.2,9012,7916,896,0,1,162,2023,10,28,5,43,301,4,-0.9749279121818236,-0.2225209339563146,-0.8660254037844386,0.5000000000000001,-0.8919813464595487,0.4520722039323037,159.79999999999995,0.1999999999999999,0.113188479029813,1.4727272727272729,52,113.0,109.0,129.0,152.0,260.2857142857143,192.28571428571428,166.66666666666666,185.6149367963278,113.0,58.0,639.2,0.0,117.0,45.0,1.0
799.0,479.4,40,4.5,10521,12269,1676,0,0,264,2023,10,30,0,44,303,4,0.0,1.0,-0.8660254037844386,0.5000000000000001,-0.8758917051442433,0.4825077417612176,319.6,0.4,0.1366044502404434,1.5,88,110.0,115.0,116.0,143.0,260.42857142857144,190.92857142857144,165.26666666666668,185.47943025472944,110.0,115.0,639.2,-159.80000000000007,162.0,102.0,1.0
799.0,399.5,50,4.4,10590,32526,6144,1,1,476,2023,11,4,5,44,308,4,-0.9749279121818236,-0.2225209339563146,-0.5000000000000004,0.8660254037844384,-0.8311706263658079,0.5560174366570446,399.5,0.5,0.1888950378159011,1.202020202020202,80,176.0,117.0,131.0,143.0,269.1428571428572,195.2142857142857,166.36666666666667,178.8215391308968,176.0,117.0,479.4,-79.89999999999998,264.0,212.0,1.0
799.0,399.5,50,3.8,10400,20200,3257,1,1,188,2023,11,11,5,45,315,4,-0.9749279121818236,-0.2225209339563146,-0.5000000000000004,0.8660254037844384,-0.7583058084785625,0.6518989958787125,399.5,0.5,0.1612376237623762,0.5911949685534591,-130,396.0,427.0,144.0,188.0,309.0,214.14285714285717,174.8,170.14111789923092,396.0,238.0,399.5,0.0,476.0,-288.0,1.0
799.0,559.3,30,3.8,12504,6275,975,0,1,70,2023,11,19,6,46,323,4,-0.7818314824680299,0.6234898018587334,-0.5000000000000004,0.8660254037844384,-0.661634618242279,0.749826401204568,239.70000000000005,0.3,0.1553784860557769,0.5932203389830508,-48,318.0,517.0,121.0,204.0,293.42857142857144,226.57142857142856,179.13333333333333,162.3513239273163,188.0,517.0,399.5,159.79999999999995,188.0,-118.0,1.0
799.0,399.5,50,4.1,7945,9321,1271,0,0,139,2023,11,22,2,47,326,4,0.9749279121818236,-0.2225209339563143,-0.5000000000000004,0.8660254037844384,-0.622046748440868,0.7829801036770624,399.5,0.5,0.1363587597897221,0.7554347826086957,-45,118.0,424.0,106.0,132.0,236.42857142857144,226.3571428571429,176.26666666666668,139.1616052686674,70.0,277.0,559.3,-159.79999999999995,70.0,69.0,1.0
799.0,479.4,40,4.3,13282,9155,700,0,1,102,2023,11,26,6,47,330,4,-0.7818314824680299,0.6234898018587334,-0.5000000000000004,0.8660254037844384,-0.5667017562911184,0.8239230057575536,319.6,0.4,0.0764609503003823,0.7445255474452555,-35,184.0,113.0,123.0,170.0,202.14285714285717,231.92857142857144,178.0,112.1998641880174,139.0,113.0,399.5,79.89999999999998,139.0,-37.0,1.0
799.0,559.3,30,4.4,11791,8312,936,0,0,284,2023,12,1,4,48,335,4,-0.433883739117558,-0.9009688679024191,-2.4492935982947064e-16,1.0,-0.4937755501599773,0.8695893893466109,239.70000000000005,0.3,0.1126082771896054,1.986013986013986,141,137.0,110.0,109.0,126.0,205.57142857142856,232.92857142857144,176.9,109.35242283988228,102.0,110.0,479.4,79.89999999999998,102.0,182.0,1.0
799.0,639.2,20,4.3,8622,10495,1255,0,0,176,2023,12,19,1,51,353,4,0.7818314824680298,0.6234898018587336,-2.4492935982947064e-16,1.0,-0.2051044998686192,0.9787400799669153,159.79999999999995,0.1999999999999999,0.1195807527393997,1.3233082706766917,43,143.0,176.0,115.0,144.0,210.28571428571428,235.3571428571429,177.46666666666667,105.17717478254548,143.0,176.0,559.3,79.90000000000009,284.0,-108.0,1.0
799.0,559.3,30,4.2,15147,8007,1385,0,0,124,2023,12,29,4,52,363,4,-0.433883739117558,-0.9009688679024191,-2.4492935982947064e-16,1.0,-0.0344216116227458,0.9994074007397048,239.70000000000005,0.3,0.1729736480579493,0.9393939393939394,-8,133.0,396.0,117.0,93.0,204.14285714285717,236.64285714285717,177.1,108.7097489823684,133.0,396.0,639.2,-79.90000000000009,176.0,-52.0,1.0
799.0,399.5,50,4.5,14525,11607,1347,0,1,93,2023,12,30,5,52,364,4,-0.9749279121818236,-0.2225209339563146,-2.4492935982947064e-16,1.0,-0.0172133561558352,0.9998518392091162,399.5,0.5,0.1160506590850349,0.5406976744186046,-79,132.0,318.0,427.0,174.0,166.42857142857142,237.7142857142857,178.4,69.93534428993982,124.0,188.0,559.3,-159.79999999999995,124.0,-31.0,1.0
799.0,479.4,40,4.3,13068,12885,1950,0,1,159,2023,12,31,6,52,365,4,-0.7818314824680299,0.6234898018587334,-2.4492935982947064e-16,1.0,6.432490598706546e-16,1.0,319.6,0.4,0.1513387660069848,0.9190751445086706,-14,172.0,118.0,517.0,128.0,145.57142857142858,219.5,178.33333333333334,23.656268674900737,93.0,70.0,399.5,79.89999999999998,93.0,66.0,1.0
799.0,559.3,30,4.3,8984,11273,1446,0,1,98,2024,1,7,6,1,7,1,-0.7818314824680299,0.6234898018587334,0.4999999999999999,0.8660254037844387,0.1202080448993527,0.9927487224577402,239.70000000000005,0.3,0.1282710902155593,0.6666666666666666,-49,173.0,184.0,424.0,146.0,153.42857142857142,194.92857142857144,179.83333333333334,22.05188686452373,159.0,139.0,479.4,79.89999999999998,159.0,-61.0,1.0
799.0,479.4,40,3.9,9287,11157,1840,0,1,256,2024,1,13,5,2,13,1,-0.9749279121818236,-0.2225209339563146,0.4999999999999999,0.8660254037844387,0.2219215130041655,0.9750645322571948,319.6,0.4,0.1649188850049296,1.641025641025641,100,147.0,137.0,113.0,103.0,148.14285714285714,175.14285714285714,179.86666666666667,17.45879502742286,98.0,102.0,559.3,-79.89999999999998,98.0,158.0,1.0
799.0,639.2,20,4.3,8444,13451,1860,0,1,263,2024,1,20,5,3,20,1,-0.9749279121818236,-0.2225209339563146,0.4999999999999999,0.8660254037844387,0.3375228995941133,0.9413173175128472,159.79999999999995,0.1999999999999999,0.138279681808044,1.8263888888888888,119,156.0,143.0,110.0,137.0,150.85714285714286,178.21428571428572,181.63333333333333,16.90590204069468,156.0,143.0,479.4,159.80000000000007,256.0,7.0,1.0
799.0,479.4,40,4.2,14273,10266,1691,0,0,271,2024,1,23,1,4,23,1,0.7818314824680298,0.6234898018587336,0.4999999999999999,0.8660254037844387,0.385663406243607,0.9226395488404876,319.6,0.4,0.1647184882135203,1.794701986754967,120,144.0,133.0,176.0,125.0,151.0,180.64285714285717,181.86666666666667,16.83250823060467,144.0,133.0,639.2,-159.80000000000007,263.0,8.0,1.0
799.0,479.4,40,4.3,15920,6597,714,0,0,208,2024,1,29,0,5,29,1,0.0,1.0,0.4999999999999999,0.8660254037844387,0.4787338401157884,0.8779600847008882,319.6,0.4,0.1082310140973169,1.6910569105691058,85,151.0,132.0,396.0,129.0,153.57142857142858,178.85714285714286,182.7333333333333,14.886875011871624,151.0,124.0,479.4,0.0,271.0,-63.0,1.0
799.0,639.2,20,4.5,10638,6905,1068,0,0,56,2024,1,30,1,5,30,1,0.7818314824680298,0.6234898018587336,0.4999999999999999,0.8660254037844387,0.4937755501599771,0.869589389346611,159.79999999999995,0.1999999999999999,0.1546705286024619,0.5490196078431373,-46,123.0,172.0,318.0,116.0,152.28571428571428,159.35714285714286,182.53333333333333,17.259917783836695,123.0,93.0,479.4,159.80000000000007,208.0,-152.0,1.0
799.0,479.4,40,4.1,7090,7942,1332,0,0,78,2024,2,12,0,7,43,1,0.0,1.0,0.8660254037844386,0.5000000000000001,0.6744436188329455,0.7383263540031065,319.6,0.4,0.1677159405691261,0.5492957746478874,-64,102.0,173.0,118.0,131.0,142.28571428571428,143.92857142857142,182.06666666666663,23.19277391570064,56.0,159.0,639.2,-159.80000000000007,56.0,22.0,1.0
799.0,479.4,40,4.3,7038,8316,1463,0,1,93,2024,2,17,5,7,48,1,-0.9749279121818236,-0.2225209339563146,0.8660254037844386,0.5000000000000001,0.7354170229639855,0.6776147890466889,319.6,0.4,0.1759259259259259,0.6549295774647887,-49,142.0,147.0,184.0,144.0,137.85714285714286,145.64285714285714,182.4333333333333,18.91585376898348,78.0,98.0,479.4,0.0,78.0,15.0,1.0
799.0,639.2,20,4.0,9096,11165,1347,0,0,232,2024,2,19,0,8,50,1,0.0,1.0,0.8660254037844386,0.5000000000000001,0.7583058084785624,0.6518989958787126,159.79999999999995,0.1999999999999999,0.1206448723690103,1.7984496124031009,103,142.0,156.0,137.0,121.0,137.14285714285714,142.64285714285714,182.36666666666667,18.604914865241923,93.0,156.0,479.4,159.80000000000007,93.0,139.0,1.0
799.0,559.3,30,4.4,14388,8627,913,0,0,271,2024,2,20,1,8,51,1,0.7818314824680298,0.6234898018587336,0.8660254037844386,0.5000000000000001,0.7694148268839378,0.6387494220515272,239.70000000000005,0.3,0.105830532050539,1.908450704225352,129,129.0,144.0,143.0,106.0,133.28571428571428,142.07142857142858,182.63333333333333,16.750266522401123,129.0,144.0,639.2,-79.90000000000009,232.0,39.0,1.0
799.0,559.3,30,4.1,13063,11827,1895,0,0,165,2024,2,21,2,8,52,1,0.9749279121818236,-0.2225209339563143,0.8660254037844386,0.5000000000000001,0.7802958510707755,0.6254105729852463,239.70000000000005,0.3,0.1602266001521941,1.0185185185185186,3,142.0,151.0,133.0,123.0,133.0,142.0,183.83333333333331,16.552945357248156,142.0,151.0,559.3,0.0,271.0,-106.0,1.0
799.0,559.3,30,4.0,6286,6713,705,0,0,114,2024,3,4,0,10,64,1,0.0,1.0,1.0,6.123233995736766e-17,0.8919813464595485,0.4520722039323043,239.70000000000005,0.3,0.1050201102338745,1.027027027027027,3,162.0,123.0,132.0,109.0,134.57142857142858,144.07142857142858,185.13333333333333,18.902002917303697,162.0,123.0,559.3,0.0,165.0,-51.0,1.0
799.0,639.2,20,4.3,10085,16068,1878,0,0,131,2024,3,7,3,10,67,1,0.4338837391175582,-0.900968867902419,1.0,6.123233995736766e-17,0.9141279881853336,0.4054257283599973,159.79999999999995,0.1999999999999999,0.1168782673637042,0.7401129943502824,-46,111.0,102.0,172.0,115.0,132.85714285714286,142.57142857142858,185.2,20.59472886791425,111.0,56.0,559.3,79.90000000000009,114.0,17.0,1.0
799.0,639.2,20,4.3,9238,8231,719,0,0,190,2024,3,8,4,10,68,1,-0.433883739117558,-0.9009688679024191,1.0,6.123233995736766e-17,0.9209712877166346,0.3896304495307879,159.79999999999995,0.1999999999999999,0.0873526910460454,1.5833333333333333,70,177.0,142.0,173.0,117.0,143.57142857142858,142.92857142857142,187.26666666666668,21.360845355129477,131.0,78.0,639.2,0.0,131.0,59.0,1.0
799.0,559.3,30,4.4,12175,16396,1993,0,1,260,2024,3,9,5,10,69,1,-0.9749279121818236,-0.2225209339563146,1.0,6.123233995736766e-17,0.9275416835791966,0.373719714790469,239.70000000000005,0.3,0.121554037570139,1.4207650273224044,77,120.0,142.0,147.0,427.0,140.42857142857142,139.14285714285714,187.36666666666667,23.17223297294465,120.0,93.0,639.2,-79.90000000000009,190.0,70.0,1.0
799.0,479.4,40,4.0,6917,11515,1582,0,1,281,2024,3,10,6,10,70,1,-0.7818314824680299,0.6234898018587334,1.0,6.123233995736766e-17,0.9338372288229252,0.3576982388331254,319.6,0.4,0.137386018237082,1.801282051282051,125,183.0,129.0,156.0,517.0,146.28571428571428,141.71428571428572,179.23333333333332,28.25900614974756,183.0,129.0,559.3,-79.89999999999998,260.0,21.0,1.0
799.0,479.4,40,4.0,16049,7152,1327,0,0,235,2024,3,15,4,11,75,1,-0.433883739117558,-0.9009688679024191,1.0,6.123233995736766e-17,0.9611297838723007,0.2760969730974688,319.6,0.4,0.1855425055928411,1.9421487603305785,114,156.0,142.0,144.0,424.0,150.14285714285714,141.71428571428572,167.2,27.333914047258197,156.0,142.0,479.4,0.0,281.0,-46.0,1.0
799.0,639.2,20,3.9,16190,7540,798,0,1,113,2024,3,17,6,11,77,1,-0.7818314824680299,0.6234898018587334,1.0,6.123233995736766e-17,0.9700639218515072,0.2428497220959356,159.79999999999995,0.1999999999999999,0.1058355437665782,1.0660377358490567,7,121.0,162.0,151.0,113.0,147.14285714285714,140.07142857142858,157.1,29.44728947021948,121.0,162.0,479.4,159.80000000000007,235.0,-122.0,1.0
799.0,639.2,20,3.8,7248,8177,613,0,0,215,2024,3,19,1,12,79,1,0.7818314824680298,0.6234898018587336,1.0,6.123233995736766e-17,0.9778483415056568,0.2093146459630484,159.79999999999995,0.1999999999999999,0.0749663690840161,1.9196428571428568,103,106.0,111.0,123.0,110.0,139.14285714285714,136.85714285714286,156.86666666666667,32.21505119985947,106.0,111.0,639.2,0.0,113.0,102.0,1.0
799.0,399.5,50,3.9,11472,9665,1516,0,0,112,2024,4,11,3,15,102,2,0.4338837391175582,-0.900968867902419,0.8660254037844387,-0.4999999999999998,0.9829265519799822,-0.18399835165768,399.5,0.5,0.1568546301086394,0.7567567567567568,-36,112.0,177.0,102.0,176.0,139.28571428571428,136.07142857142858,156.93333333333334,32.0713490294916,112.0,131.0,639.2,-239.70000000000005,215.0,-103.0,1.0
799.0,479.4,40,3.9,9826,9456,1650,0,0,208,2024,4,15,0,16,106,2,0.0,1.0,0.8660254037844387,-0.4999999999999998,0.9679377830240642,-0.2511900638848193,319.6,0.4,0.174492385786802,1.2606060606060605,43,148.0,120.0,142.0,396.0,135.14285714285714,139.35714285714286,156.0,28.002550904210505,112.0,120.0,399.5,79.89999999999998,112.0,96.0,1.0
799.0,639.2,20,3.8,10940,7865,807,0,1,63,2024,4,21,6,16,112,2,-0.7818314824680299,0.6234898018587334,0.8660254037844387,-0.4999999999999998,0.9368813462954316,-0.3496474552512284,159.79999999999995,0.1999999999999999,0.1026064844246662,0.6428571428571429,-35,165.0,183.0,142.0,318.0,141.57142857142858,141.0,148.3,29.090990259627755,165.0,183.0,479.4,159.80000000000007,208.0,-145.0,1.0
799.0,639.2,20,3.8,14001,8477,1826,0,1,103,2024,5,5,6,18,126,2,-0.7818314824680299,0.6234898018587334,0.4999999999999999,-0.8660254037844387,0.8263541987239096,-0.5631507242749186,159.79999999999995,0.1999999999999999,0.2154063937713813,0.7984496124031008,-26,98.0,156.0,129.0,118.0,129.42857142857142,137.85714285714286,140.96666666666667,26.54466137699052,63.0,156.0,639.2,0.0,63.0,40.0,1.0
799.0,639.2,20,4.1,8986,10700,1114,0,0,93,2024,5,9,3,19,130,2,0.4338837391175582,-0.900968867902419,0.4999999999999999,-0.8660254037844387,0.7856498550787147,-0.6186714032625031,159.79999999999995,0.1999999999999999,0.1041121495327102,0.7380952380952381,-33,129.0,121.0,142.0,184.0,125.57142857142856,137.85714285714286,141.33333333333334,23.866693269472687,103.0,121.0,639.2,0.0,103.0,-10.0,1.0
799.0,639.2,20,4.2,11822,8894,1810,0,1,82,2024,5,18,5,20,139,2,-0.9749279121818236,-0.2225209339563146,0.4999999999999999,-0.8660254037844387,0.6807734094770161,-0.7324940716135789,159.79999999999995,0.1999999999999999,0.2035079829098268,0.6949152542372882,-36,126.0,106.0,162.0,137.0,126.28571428571428,136.71428571428572,139.4,23.781745700672893,93.0,106.0,639.2,0.0,93.0,-11.0,1.0
799.0,639.2,20,4.5,9059,9714,1119,0,0,67,2024,5,21,1,21,142,2,0.7818314824680298,0.6234898018587336,0.4999999999999999,-0.8660254037844387,0.6420547132365637,-0.766658819300159,159.79999999999995,0.1999999999999999,0.115194564546016,0.6261682242990654,-40,118.0,112.0,111.0,143.0,128.0,133.57142857142858,138.76666666666668,22.472205054245222,82.0,112.0,639.2,0.0,82.0,-15.0,1.0
799.0,639.2,20,4.1,12112,6550,960,0,0,76,2024,6,3,0,23,155,2,0.0,1.0,1.2246467991473532e-16,-1.0,0.4559066935084588,-0.8900275764346767,159.79999999999995,0.1999999999999999,0.1465648854961832,0.7524752475247525,-25,107.0,148.0,177.0,133.0,127.28571428571428,133.28571428571428,137.56666666666666,23.13521331732517,67.0,112.0,639.2,0.0,67.0,9.0,1.0
799.0,639.2,20,4.4,15584,5315,720,0,0,161,2024,6,5,2,23,157,2,0.9749279121818236,-0.2225209339563143,1.2246467991473532e-16,-1.0,0.4250003399695541,-0.9051931898913974,159.79999999999995,0.1999999999999999,0.1354656632173095,1.5631067961165048,58,101.0,165.0,120.0,132.0,120.57142857142856,127.85714285714286,136.5,22.94091790416765,76.0,165.0,639.2,0.0,76.0,85.0,1.0
799.0,559.3,30,4.0,11580,10355,1386,0,0,201,2024,6,10,0,24,162,2,0.0,1.0,1.2246467991473532e-16,-1.0,0.3456123126707335,-0.938377391740864,239.70000000000005,0.3,0.1338483824239497,1.3862068965517242,56,103.0,98.0,183.0,172.0,111.71428571428572,126.64285714285714,135.53333333333333,12.539461521059913,103.0,63.0,639.2,-79.90000000000009,161.0,40.0,1.0
799.0,639.2,20,4.1,9268,11519,1345,0,0,214,2024,6,17,0,25,169,2,0.0,1.0,1.2246467991473532e-16,-1.0,0.2303056702306122,-0.973118337233262,159.79999999999995,0.1999999999999999,0.1167636079520791,1.4657534246575343,68,145.0,129.0,156.0,173.0,118.42857142857144,123.92857142857144,134.63333333333333,16.060896019600747,145.0,103.0,559.3,79.90000000000009,201.0,13.0,1.0
799.0,639.2,20,3.9,12286,16037,1924,0,0,128,2024,6,21,4,25,173,2,-0.433883739117558,-0.9009688679024191,1.2246467991473532e-16,-1.0,0.1628070129385171,-0.986657932891657,159.79999999999995,0.1999999999999999,0.1199725634470287,0.7529411764705882,-42,146.0,126.0,121.0,147.0,120.85714285714286,123.21428571428572,133.73333333333332,18.951064802350896,146.0,93.0,639.2,0.0,214.0,-86.0,1.0
799.0,399.5,50,4.2,6942,12938,1932,0,1,314,2024,6,23,6,25,175,2,-0.7818314824680299,0.6234898018587334,1.2246467991473532e-16,-1.0,0.1287481774525813,-0.99167731989929,399.5,0.5,0.1493275622198175,1.6354166666666667,122,170.0,118.0,106.0,156.0,127.14285714285714,126.71428571428572,134.5,26.66726189811962,128.0,82.0,639.2,-239.70000000000005,128.0,186.0,1.0
799.0,479.4,40,4.0,10671,16695,1723,0,0,167,2024,6,28,4,26,180,2,-0.433883739117558,-0.9009688679024191,1.2246467991473532e-16,-1.0,0.0430222330045305,-0.99907411510223,319.6,0.4,0.103204552261156,0.9175824175824177,-15,192.0,107.0,112.0,144.0,137.71428571428572,132.85714285714286,135.7,35.60765032833261,192.0,67.0,399.5,79.89999999999998,314.0,-147.0,1.0
799.0,639.2,20,4.2,9034,11140,1297,0,0,278,2024,7,5,4,27,187,3,-0.433883739117558,-0.9009688679024191,-0.4999999999999997,-0.8660254037844388,-0.0773864792334632,-0.9970011699250152,159.79999999999995,0.1999999999999999,0.1164272890484739,1.9577464788732395,136,182.0,101.0,148.0,151.0,148.42857142857142,137.85714285714286,136.96666666666667,36.10566503499263,167.0,76.0,479.4,159.80000000000007,167.0,111.0,1.0
799.0,639.2,20,4.5,14782,12191,1562,0,0,224,2024,7,11,3,28,193,3,0.4338837391175582,-0.900968867902419,-0.4999999999999997,-0.8660254037844388,-0.1797665857255621,-0.9837092937736098,159.79999999999995,0.1999999999999999,0.128127307029776,1.6592592592592592,89,142.0,103.0,165.0,123.0,154.28571428571428,137.42857142857142,136.66666666666666,29.9260994546812,142.0,103.0,639.2,0.0,278.0,-54.0,1.0
799.0,639.2,20,3.9,7860,10712,1349,0,1,270,2024,7,27,5,30,209,3,-0.9749279121818236,-0.2225209339563146,-0.4999999999999997,-0.8660254037844388,-0.4405187843504952,-0.8977433935342336,159.79999999999995,0.1999999999999999,0.1259335324869305,1.9565217391304348,132,135.0,145.0,98.0,102.0,158.85714285714286,135.28571428571428,137.06666666666666,22.24431441536388,135.0,145.0,639.2,0.0,224.0,46.0,1.0
799.0,559.3,30,4.4,7216,9911,1472,0,1,127,2024,7,28,6,30,210,3,-0.7818314824680299,0.6234898018587334,-0.4999999999999997,-0.8660254037844388,-0.455906693508459,-0.8900275764346766,239.70000000000005,0.3,0.1485218444152961,0.8466666666666667,-23,138.0,146.0,129.0,142.0,157.85714285714286,138.14285714285714,138.26666666666668,23.111530826470556,138.0,146.0,639.2,-79.90000000000009,270.0,-143.0,1.0
799.0,559.3,30,3.9,12333,14462,1691,0,0,207,2024,7,31,2,31,213,3,0.9749279121818236,-0.2225209339563143,-0.4999999999999997,-0.8660254037844388,-0.5012418134457756,-0.8653072543632061,239.70000000000005,0.3,0.1169271193472548,1.2545454545454546,42,150.0,170.0,126.0,142.0,158.42857142857142,139.64285714285714,138.53333333333333,22.81707798161476,127.0,128.0,559.3,0.0,127.0,80.0,1.0
799.0,399.5,50,3.9,11495,10750,1126,0,0,246,2024,8,2,4,31,215,3,-0.433883739117558,-0.9009688679024191,-0.8660254037844385,-0.5000000000000004,-0.5307300481619331,-0.8475409228928312,399.5,0.5,0.1047441860465116,1.3820224719101124,68,165.0,192.0,118.0,129.0,157.71428571428572,142.42857142857142,139.3,22.470085934522,165.0,192.0,559.3,-159.79999999999995,207.0,39.0,1.0
799.0,559.3,30,4.2,10036,6614,812,0,1,168,2024,8,3,5,31,216,3,-0.9749279121818236,-0.2225209339563146,-0.8660254037844385,-0.5000000000000004,-0.5452404385406507,-0.8382797052177745,239.70000000000005,0.3,0.1227698820683398,1.5555555555555556,60,178.0,182.0,107.0,142.0,155.71428571428572,146.71428571428572,140.93333333333334,19.310742137598016,178.0,167.0,399.5,159.79999999999995,246.0,-78.0,1.0
799.0,639.2,20,4.2,11003,9285,928,0,0,155,2024,8,8,3,32,221,3,0.4338837391175582,-0.900968867902419,-0.8660254037844385,-0.5000000000000004,-0.6152845999633277,-0.7883050558305253,159.79999999999995,0.1999999999999999,0.0999461497038233,1.148148148148148,20,108.0,142.0,101.0,162.0,145.14285714285714,146.78571428571428,139.8,22.51243042875572,108.0,142.0,559.3,79.90000000000009,168.0,-13.0,1.0
799.0,479.4,40,4.0,6839,4758,690,0,0,176,2024,8,14,2,33,227,3,0.9749279121818236,-0.2225209339563143,-0.8660254037844385,-0.5000000000000004,-0.6932812268869771,-0.7206671495538615,319.6,0.4,0.1450189155107188,1.4666666666666666,56,135.0,135.0,103.0,111.0,144.14285714285714,149.21428571428572,138.9,22.82855354907314,135.0,135.0,639.2,-159.80000000000007,155.0,21.0,1.0
799.0,639.2,20,3.8,13745,7430,1524,0,0,128,2024,8,30,4,35,243,3,-0.433883739117558,-0.9009688679024191,-0.8660254037844385,-0.5000000000000004,-0.8631421280499115,-0.5049610547215202,159.79999999999995,0.1999999999999999,0.205114401076716,1.2549019607843137,26,120.0,138.0,145.0,177.0,142.0,150.42857142857142,139.2,24.474476501041707,120.0,138.0,479.4,159.80000000000007,176.0,-48.0,1.0
799.0,559.3,30,4.1,7872,8634,790,0,1,184,2024,9,1,6,35,245,3,-0.7818314824680299,0.6234898018587334,-1.0,-1.8369701987210294e-16,-0.8800122039735356,-0.4749510720670502,239.70000000000005,0.3,0.0914987259671067,1.4603174603174602,58,102.0,150.0,146.0,120.0,136.85714285714286,147.35714285714286,136.7,28.84688643758456,102.0,127.0,639.2,-79.90000000000009,128.0,56.0,1.0
799.0,399.5,50,4.0,16761,10813,1208,0,0,84,2024,9,3,1,36,247,3,0.7818314824680298,0.6234898018587336,-1.0,-1.8369701987210294e-16,-0.8958392907349089,-0.4443781781046134,399.5,0.5,0.1117173772311107,0.5490196078431373,-69,126.0,165.0,170.0,183.0,133.42857142857142,145.92857142857142,136.9,28.44794745294917,126.0,165.0,559.3,-159.79999999999995,184.0,-100.0,1.0
799.0,559.3,30,4.4,7766,10679,1705,0,1,141,2024,9,8,6,36,252,3,-0.7818314824680299,0.6234898018587334,-1.0,-1.8369701987210294e-16,-0.9307239310379792,-0.3657225234972692,239.70000000000005,0.3,0.1596591441146174,0.9929577464788732,-1,153.0,178.0,192.0,156.0,131.71428571428572,144.71428571428572,135.9,26.52492089661101,84.0,178.0,399.5,159.79999999999995,84.0,57.0,1.0
799.0,399.5,50,4.5,13818,10357,1620,0,0,138,2024,9,19,3,38,263,3,0.4338837391175582,-0.900968867902419,-1.0,-1.8369701987210294e-16,-0.9829265519799822,-0.1839983516576798,399.5,0.5,0.1564159505648353,0.8165680473372781,-31,142.0,108.0,182.0,121.0,126.57142857142856,141.14285714285714,135.43333333333334,18.25611443560095,141.0,108.0,559.3,-159.79999999999995,141.0,-3.0,1.0
799.0,399.5,50,4.2,11169,46976,7455,1,0,435,2024,10,4,4,40,278,4,-0.433883739117558,-0.9009688679024191,-0.8660254037844386,0.5000000000000001,-0.9973249731081556,0.0730951298980777,399.5,0.5,0.1586980585831062,0.9177215189873418,-39,169.0,135.0,142.0,106.0,135.28571428571428,140.21428571428572,137.03333333333333,22.07347039407573,138.0,135.0,399.5,0.0,138.0,297.0,1.0
799.0,399.5,50,3.8,8536,35326,4793,1,0,413,2024,10,7,0,41,281,4,0.0,1.0,-0.8660254037844386,0.5000000000000001,-0.9922222094179324,0.1244792638867886,399.5,0.5,0.1356791032101002,0.9856801909307876,-6,474.0,120.0,135.0,112.0,183.7142857142857,163.92857142857142,149.3,129.89317955627283,435.0,120.0,399.5,0.0,435.0,-22.0,1.0
799.0,319.6,60,4.4,13613,12710,2142,1,0,214,2024,10,11,4,41,285,4,-0.433883739117558,-0.9009688679024191,-0.8660254037844386,0.5000000000000001,-0.9813064702716092,0.1924515819708299,479.4,0.6,0.1685287175452399,0.7328767123287672,-78,419.0,102.0,138.0,148.0,226.42857142857144,184.2142857142857,159.53333333333333,152.622472289041,413.0,102.0,399.5,-79.89999999999998,413.0,-199.0,1.0
799.0,399.5,50,4.2,13035,32169,7273,1,1,671,2024,10,12,5,41,286,4,-0.9749279121818236,-0.2225209339563146,-0.8660254037844386,0.5000000000000001,-0.9778483415056568,0.2093146459630488,399.5,0.5,0.2260872268332867,1.6733167082294265,270,292.0,126.0,150.0,165.0,253.57142857142856,195.2142857142857,164.33333333333334,143.42344896942672,214.0,126.0,319.6,79.89999999999998,214.0,457.0,1.0
799.0,399.5,50,4.5,10676,48552,7925,1,1,797,2024,10,13,6,41,287,4,-0.7818314824680299,0.6234898018587334,-0.8660254037844386,0.5000000000000001,-0.9741004551724206,0.226115685508288,399.5,0.5,0.1632270555280935,1.5782178217821785,292,401.0,153.0,165.0,98.0,292.85714285714283,213.14285714285717,172.2,140.28474444432493,401.0,84.0,399.5,0.0,671.0,126.0,1.0
799.0,639.2,20,4.2,15911,14108,1961,0,0,234,2024,10,18,4,42,292,4,-0.433883739117558,-0.9009688679024191,-0.8660254037844386,0.5000000000000001,-0.9510565162951536,0.3090169943749472,159.79999999999995,0.1999999999999999,0.1389991494187694,1.708029197080292,97,505.0,142.0,178.0,129.0,343.1428571428572,237.42857142857144,185.76666666666668,144.81186481250842,505.0,141.0,399.5,239.70000000000005,797.0,-563.0,1.0
799.0,639.2,20,4.1,15969,16261,1966,0,0,133,2024,10,21,0,43,295,4,0.0,1.0,-0.8660254037844386,0.5000000000000001,-0.9338372288229252,0.3576982388331254,159.79999999999995,0.1999999999999999,0.1209027735071643,0.8580645161290322,-22,137.0,169.0,108.0,126.0,342.42857142857144,234.5,186.03333333333333,145.97700405983727,137.0,138.0,639.2,0.0,234.0,-101.0,1.0
799.0,639.2,20,3.9,9262,11665,1749,0,0,183,2024,10,24,3,43,298,4,0.4338837391175582,-0.900968867902419,-0.8660254037844386,0.5000000000000001,-0.9141279881853336,0.4054257283599973,159.79999999999995,0.1999999999999999,0.1499357051007286,1.2364864864864864,35,155.0,474.0,135.0,118.0,340.42857142857144,237.8571428571429,187.0,148.8174016962367,133.0,435.0,639.2,0.0,133.0,50.0,1.0
799.0,479.4,40,4.0,15523,7719,935,0,0,260,2024,10,25,4,43,299,4,-0.433883739117558,-0.9009688679024191,-0.8660254037844386,0.5000000000000001,-0.9070138128026362,0.4211008707960891,319.6,0.4,0.121129680010364,1.7218543046357615,109,148.0,419.0,120.0,107.0,293.85714285714283,238.78571428571428,188.0,151.04351312500276,148.0,413.0,639.2,-159.80000000000007,183.0,77.0,1.0
799.0,639.2,20,4.0,9661,10312,1390,0,0,64,2024,10,28,0,44,302,4,0.0,1.0,-0.8660254037844386,0.5000000000000001,-0.8840675099433637,0.467359217158002,159.79999999999995,0.1999999999999999,0.1347944142746314,0.5039370078740157,-63,151.0,292.0,102.0,101.0,255.57142857142856,241.0,189.46666666666667,147.97055691686012,151.0,214.0,479.4,159.80000000000007,260.0,-196.0,1.0
799.0,639.2,20,4.4,13160,11828,1674,0,0,144,2024,10,29,1,44,303,4,0.7818314824680298,0.6234898018587336,-0.8660254037844386,0.5000000000000001,-0.8758917051442433,0.4825077417612176,159.79999999999995,0.1999999999999999,0.1415285762597227,1.0,0,127.0,401.0,126.0,103.0,232.0,242.78571428571428,190.33333333333331,154.2108945567726,64.0,401.0,639.2,0.0,64.0,80.0,1.0
799.0,559.3,30,3.9,9896,9635,1692,0,0,72,2024,10,30,2,44,304,4,0.9749279121818236,-0.2225209339563143,-0.8660254037844386,0.5000000000000001,-0.8674563547295971,0.4975132889071803,239.70000000000005,0.3,0.1756097560975609,0.5413533834586466,-61,144.0,505.0,153.0,145.0,195.28571428571428,244.07142857142856,191.7,136.89011929976832,144.0,505.0,639.2,-79.90000000000009,144.0,-72.0,1.0
799.0,239.7,70,4.4,13977,33574,6969,1,1,818,2024,11,2,5,44,307,4,-0.9749279121818236,-0.2225209339563146,-0.5000000000000004,0.8660254037844384,-0.8406184056344783,0.5416278206559811,559.3,0.7,0.2075713349615774,1.8804597701149424,383,133.0,137.0,142.0,146.0,142.14285714285714,242.64285714285717,191.3,10.172324733129509,72.0,137.0,559.3,-319.6,72.0,746.0,1.0
799.0,399.5,50,3.8,14704,27613,4571,1,1,383,2024,11,3,6,44,308,4,-0.7818314824680299,0.6234898018587334,-0.5000000000000004,0.8660254037844384,-0.8311706263658079,0.5560174366570446,399.5,0.5,0.1655379712454278,1.0240641711229947,9,435.0,155.0,169.0,170.0,184.7142857142857,263.57142857142856,200.9333333333333,110.81021957339858,435.0,133.0,239.7,159.8,818.0,-435.0,1.0
799.0,639.2,20,3.8,10190,9328,1196,0,0,100,2024,11,18,0,47,323,4,0.0,1.0,-0.5000000000000004,0.8660254037844384,-0.661634618242279,0.749826401204568,159.79999999999995,0.1999999999999999,0.1282161234991423,0.819672131147541,-22,374.0,148.0,474.0,192.0,216.0,278.2142857142857,207.7333333333333,130.2356837941636,374.0,148.0,399.5,239.70000000000005,383.0,-283.0,1.0
799.0,559.3,30,4.0,12631,7247,1183,0,1,149,2024,11,23,5,47,328,4,-0.9749279121818236,-0.2225209339563146,-0.5000000000000004,0.8660254037844384,-0.594726686960764,0.8039279618328208,239.70000000000005,0.3,0.1632399613633227,1.1732283464566928,22,122.0,151.0,419.0,182.0,212.28571428571428,253.07142857142856,205.4,132.8429075834993,100.0,151.0,639.2,-79.90000000000009,100.0,49.0,1.0
799.0,639.2,20,3.8,7196,6343,716,0,0,148,2024,12,4,2,49,339,4,0.9749279121818236,-0.2225209339563143,-2.4492935982947064e-16,1.0,-0.4327755925504317,0.9015016841318838,159.79999999999995,0.1999999999999999,0.1128803405328708,1.3577981651376148,39,127.0,127.0,292.0,142.0,208.8571428571429,232.2142857142857,203.56666666666663,134.98077464516777,127.0,64.0,559.3,79.90000000000009,149.0,-1.0,1.0
799.0,559.3,30,3.9,14522,9900,1099,0,0,207,2024,12,9,0,50,344,4,0.0,1.0,-2.4492935982947064e-16,1.0,-0.3536761221763721,0.935367949313148,239.70000000000005,0.3,0.111010101010101,1.4577464788732395,65,109.0,144.0,401.0,135.0,206.28571428571428,219.14285714285717,202.46666666666667,136.95706661300153,109.0,144.0,639.2,-79.90000000000009,148.0,59.0,1.0
799.0,639.2,20,4.2,8340,10518,1141,0,0,146,2024,12,18,2,51,353,4,0.9749279121818236,-0.2225209339563143,-2.4492935982947064e-16,1.0,-0.2051044998686192,0.9787400799669153,159.79999999999995,0.1999999999999999,0.1084806997528047,1.2586206896551724,30,142.0,133.0,505.0,138.0,206.0,200.64285714285717,202.7,137.11066090327685,142.0,72.0,559.3,79.90000000000009,207.0,-61.0,1.0
799.0,479.4,40,4.1,16180,10215,1149,0,0,251,2024,12,20,4,51,355,4,-0.433883739117558,-0.9009688679024191,-2.4492935982947064e-16,1.0,-0.1712931441814778,0.9852201067560606,319.6,0.4,0.1124816446402349,1.6513157894736843,99,116.0,435.0,137.0,150.0,203.57142857142856,172.85714285714286,201.96666666666667,138.75981303780196,116.0,435.0,639.2,-159.80000000000007,146.0,105.0,1.0
799.0,639.2,20,4.3,11096,15766,1837,0,1,210,2024,12,22,6,51,357,4,-0.7818314824680299,0.6234898018587334,-2.4492935982947064e-16,1.0,-0.1372787721132651,0.9905324521322229,159.79999999999995,0.1999999999999999,0.1165165546111886,1.2650602409638554,44,152.0,374.0,155.0,165.0,163.14285714285714,173.92857142857142,202.03333333333333,94.14957704176317,152.0,374.0,479.4,159.80000000000007,251.0,-41.0,1.0
799.0,639.2,20,4.2,14189,15456,1971,0,0,129,2025,1,1,2,1,1,1,0.9749279121818236,-0.2225209339563143,0.4999999999999999,0.8660254037844387,0.0172133561558346,0.9998518392091162,159.79999999999995,0.1999999999999999,0.1275232919254658,0.8958333333333334,-15,166.0,122.0,148.0,178.0,133.42857142857142,174.71428571428572,202.06666666666663,20.622456553130483,166.0,100.0,639.2,0.0,210.0,-81.0,1.0
799.0,559.3,30,3.9,7487,10523,1581,0,1,147,2025,1,5,6,1,5,1,-0.7818314824680299,0.6234898018587334,0.4999999999999999,0.8660254037844387,0.0859647987374464,0.9962981749346078,239.70000000000005,0.3,0.1502423263327948,0.9735099337748344,-4,144.0,127.0,151.0,108.0,136.57142857142858,174.42857142857142,200.9333333333333,20.263737256959484,129.0,127.0,639.2,-79.90000000000009,129.0,18.0,1.0
799.0,559.3,30,3.9,8155,6090,1164,0,0,102,2025,1,6,0,2,6,1,0.0,1.0,0.4999999999999999,0.8660254037844387,0.1031016974474348,0.9946708199115212,239.70000000000005,0.3,0.1911330049261083,1.02,2,151.0,109.0,127.0,135.0,140.0,174.42857142857142,202.36666666666667,20.404247923738176,147.0,109.0,559.3,0.0,147.0,-45.0,1.0
799.0,639.2,20,4.2,11317,8614,599,0,0,212,2025,1,20,0,4,20,1,0.0,1.0,0.4999999999999999,0.8660254037844387,0.3375228995941133,0.9413173175128472,159.79999999999995,0.1999999999999999,0.0695379614580914,1.7520661157024793,91,100.0,142.0,144.0,120.0,138.71428571428572,172.5,201.2,22.823338097324896,100.0,142.0,559.3,79.90000000000009,102.0,110.0,1.0
799.0,559.3,30,3.8,15148,14478,1805,0,0,104,2025,2,3,0,6,34,1,0.0,1.0,0.8660254037844386,0.5000000000000001,0.5524353131676196,0.8335557718385699,239.70000000000005,0.3,0.1246719160104986,0.6303030303030303,-61,121.0,116.0,133.0,102.0,135.71428571428572,170.85714285714286,201.2333333333333,23.68342800155421,121.0,116.0,639.2,-79.90000000000009,212.0,-108.0,1.0
799.0,639.2,20,3.8,10430,10388,1397,0,1,116,2025,2,8,5,6,39,1,-0.9749279121818236,-0.2225209339563146,0.8660254037844386,0.5000000000000001,0.6220467484408675,0.7829801036770629,159.79999999999995,0.1999999999999999,0.1344820947246823,0.8787878787878788,-16,165.0,152.0,435.0,126.0,142.71428571428572,173.14285714285714,203.33333333333331,24.122702209843787,104.0,152.0,559.3,79.90000000000009,104.0,12.0,1.0
799.0,639.2,20,4.0,16338,5295,850,0,0,119,2025,2,12,2,7,43,1,0.9749279121818236,-0.2225209339563143,0.8660254037844386,0.5000000000000001,0.6744436188329455,0.7383263540031065,159.79999999999995,0.1999999999999999,0.1605288007554296,1.2934782608695652,27,132.0,166.0,374.0,153.0,139.85714285714286,151.5,203.53333333333333,24.023797725232733,116.0,166.0,639.2,0.0,116.0,3.0,1.0
799.0,479.4,40,4.1,14857,8653,878,0,1,206,2025,2,15,5,7,46,1,-0.9749279121818236,-0.2225209339563146,0.8660254037844386,0.5000000000000001,0.7116566222817746,0.7025274741691571,319.6,0.4,0.1014676990639084,1.355263157894737,54,92.0,144.0,122.0,142.0,129.28571428571428,131.35714285714286,201.5,26.73146888166582,92.0,129.0,639.2,-159.80000000000007,119.0,87.0,1.0
799.0,399.5,50,3.8,12391,11929,1227,0,0,188,2025,2,17,0,8,48,1,0.0,1.0,0.8660254037844386,0.5000000000000001,0.7354170229639855,0.6776147890466889,399.5,0.5,0.1028585799312599,1.068181818181818,12,152.0,151.0,127.0,169.0,130.42857142857142,133.5,201.83333333333331,27.62159265778171,152.0,147.0,479.4,-79.89999999999998,206.0,-18.0,1.0
799.0,639.2,20,4.5,7677,12739,1360,0,0,111,2025,2,18,1,8,49,1,0.7818314824680298,0.6234898018587336,0.8660254037844386,0.5000000000000001,0.7469720876965552,0.6648553979642865,159.79999999999995,0.1999999999999999,0.1067587722741188,0.7449664429530202,-38,176.0,100.0,109.0,474.0,134.0,137.0,202.06666666666663,31.99479124274304,176.0,100.0,399.5,239.70000000000005,188.0,-77.0,1.0
799.0,639.2,20,3.9,10214,9866,967,0,0,241,2025,2,21,4,8,52,1,-0.433883739117558,-0.9009688679024191,0.8660254037844386,0.5000000000000001,0.7802958510707755,0.6254105729852463,159.79999999999995,0.1999999999999999,0.0980133792823839,1.8682170542635657,112,149.0,121.0,142.0,419.0,141.0,139.85714285714286,191.2333333333333,28.48391358878505,111.0,121.0,639.2,0.0,111.0,130.0,1.0
799.0,639.2,20,4.2,8534,8931,900,0,0,80,2025,2,25,1,9,56,1,0.7818314824680298,0.6234898018587336,0.8660254037844386,0.5000000000000001,0.8214765533024142,0.5702422926917871,159.79999999999995,0.1999999999999999,0.1007725898555592,0.6557377049180327,-42,129.0,165.0,116.0,292.0,142.14285714285714,138.92857142857142,181.56666666666663,27.697343864401464,129.0,104.0,639.2,0.0,241.0,-161.0,1.0
799.0,479.4,40,3.8,16115,6618,870,0,0,205,2025,3,12,2,11,71,1,0.9749279121818236,-0.2225209339563143,1.0,6.123233995736766e-17,0.9398560579418954,0.3415707691678556,319.6,0.4,0.1314596554850408,1.7083333333333333,85,122.0,132.0,152.0,401.0,136.0,139.35714285714286,175.9,26.526716092775352,80.0,116.0,639.2,-159.80000000000007,80.0,125.0,1.0
799.0,639.2,20,4.2,15228,7306,636,0,0,112,2025,3,28,4,13,87,1,-0.433883739117558,-0.9009688679024191,1.0,6.123233995736766e-17,0.9973249731081556,0.0730951298980777,159.79999999999995,0.1999999999999999,0.0870517382972899,0.9411764705882352,-7,120.0,92.0,166.0,505.0,134.28571428571428,137.07142857142858,166.53333333333333,27.20731694302353,120.0,92.0,479.4,159.80000000000007,205.0,-93.0,1.0
799.0,639.2,20,4.1,14703,12394,1247,0,1,244,2025,3,30,6,13,89,1,-0.7818314824680299,0.6234898018587334,1.0,6.123233995736766e-17,0.9992500112396836,0.0387222808921744,159.79999999999995,0.1999999999999999,0.1006131999354526,1.7428571428571429,104,119.0,152.0,144.0,137.0,138.14285714285714,133.71428571428572,153.66666666666666,21.536237457122454,112.0,152.0,639.2,0.0,112.0,132.0,1.0
799.0,639.2,20,4.5,14486,7925,1164,0,0,183,2025,4,8,1,15,98,2,0.7818314824680298,0.6234898018587336,0.8660254037844387,-0.4999999999999998,0.9932568492674144,-0.1159345995955004,159.79999999999995,0.1999999999999999,0.1468769716088328,1.4758064516129032,59,140.0,176.0,151.0,155.0,136.42857142857142,133.42857142857142,153.76666666666668,20.71116561066569,140.0,176.0,639.2,0.0,244.0,-61.0,1.0
799.0,559.3,30,4.4,11044,13005,1637,0,1,216,2025,4,12,5,15,102,2,-0.9749279121818236,-0.2225209339563146,0.8660254037844387,-0.4999999999999998,0.9829265519799822,-0.18399835165768,239.70000000000005,0.3,0.1258746635909265,1.3251533742331287,53,124.0,149.0,100.0,148.0,129.0,131.5,152.73333333333332,11.372481406156394,124.0,111.0,639.2,-79.90000000000009,183.0,33.0,1.0
799.0,639.2,20,4.3,11382,14834,1967,0,1,165,2025,4,13,6,15,103,2,-0.7818314824680299,0.6234898018587334,0.8660254037844387,-0.4999999999999998,0.97961369164549,-0.200890555130635,159.79999999999995,0.1999999999999999,0.1326007819873264,0.9428571428571428,-10,163.0,129.0,121.0,151.0,131.0,136.0,153.23333333333332,15.83245611605181,163.0,129.0,559.3,79.90000000000009,216.0,-51.0,1.0
799.0,399.5,50,4.3,10308,11375,1609,0,0,262,2025,4,15,1,16,105,2,0.7818314824680298,0.6234898018587336,0.8660254037844387,-0.4999999999999998,0.9721181966290612,-0.2344913895704098,399.5,0.5,0.1414505494505494,1.6477987421383649,103,175.0,122.0,165.0,127.0,137.57142857142858,139.85714285714286,154.03333333333333,22.85357114951084,165.0,80.0,639.2,-239.70000000000005,165.0,97.0,1.0
799.0,639.2,20,3.8,13296,11618,1466,0,1,104,2025,4,27,6,17,117,2,-0.7818314824680299,0.6234898018587334,0.8660254037844387,-0.4999999999999998,0.9033558023246844,-0.4288919379124835,159.79999999999995,0.1999999999999999,0.1261835083491134,0.8125,-24,159.0,120.0,132.0,144.0,142.85714285714286,139.42857142857142,155.1,22.930536928069607,159.0,120.0,399.5,239.70000000000005,262.0,-158.0,1.0
799.0,639.2,20,4.2,9255,11029,1529,0,0,215,2025,5,2,4,18,122,2,-0.433883739117558,-0.9009688679024191,0.4999999999999999,-0.8660254037844387,0.8631421280499114,-0.5049610547215204,159.79999999999995,0.1999999999999999,0.1386345090216701,1.7338709677419355,91,128.0,119.0,92.0,133.0,144.0,139.14285714285714,154.56666666666666,21.77154105707816,104.0,112.0,639.2,0.0,104.0,111.0,1.0
799.0,639.2,20,3.9,14119,8920,876,0,0,132,2025,5,5,0,19,125,2,0.0,1.0,0.4999999999999999,-0.8660254037844387,0.8359254794186372,-0.548842958284719,159.79999999999995,0.1999999999999999,0.0982062780269058,1.0,0,124.0,140.0,152.0,435.0,144.71428571428572,141.42857142857142,154.26666666666668,20.878332354496177,124.0,140.0,639.2,0.0,215.0,-83.0,1.0
799.0,559.3,30,4.1,11869,8791,1237,0,0,192,2025,5,7,2,19,127,2,0.9749279121818236,-0.2225209339563143,0.4999999999999999,-0.8660254037844387,0.8165380514459161,-0.5772916165517272,239.70000000000005,0.3,0.1407120919121829,1.391304347826087,54,132.0,124.0,176.0,374.0,143.57142857142858,140.0,144.16666666666666,21.392032339613912,132.0,124.0,639.2,-79.90000000000009,132.0,60.0,1.0
799.0,559.3,30,4.4,7860,9152,1199,0,1,100,2025,5,24,5,21,144,2,-0.9749279121818236,-0.2225209339563146,0.4999999999999999,-0.8660254037844387,0.6152845999633276,-0.7883050558305255,239.70000000000005,0.3,0.1310096153846154,0.78125,-28,138.0,163.0,149.0,122.0,145.57142857142858,137.28571428571428,136.3,19.856628975879925,138.0,163.0,559.3,0.0,192.0,-92.0,1.0
799.0,639.2,20,4.2,14327,11368,1738,0,0,90,2025,5,27,1,22,147,2,0.7818314824680298,0.6234898018587336,0.4999999999999999,-0.8660254037844387,0.5737722679043246,-0.8190148866680801,159.79999999999995,0.1999999999999999,0.1528852920478536,0.6766917293233082,-43,128.0,175.0,129.0,127.0,140.57142857142858,135.78571428571428,136.5,19.12988188548013,100.0,165.0,559.3,79.90000000000009,100.0,-10.0,1.0
799.0,639.2,20,4.2,9345,11041,1268,0,1,82,2025,5,31,5,22,151,2,-0.9749279121818236,-0.2225209339563146,0.4999999999999999,-0.8660254037844387,0.5160623910158528,-0.8565509959010036,159.79999999999995,0.1999999999999999,0.1148446698668598,0.5985401459854015,-55,133.0,159.0,122.0,109.0,134.57142857142858,136.07142857142858,136.7,11.65986196112206,90.0,159.0,639.2,0.0,90.0,-8.0,1.0
799.0,559.3,30,4.0,8771,10005,1651,0,0,90,2025,6,10,1,24,161,2,0.7818314824680298,0.6234898018587336,1.2246467991473532e-16,-1.0,0.3617137307297676,-0.9322892131745132,239.70000000000005,0.3,0.1650174912543728,0.6474820143884892,-49,137.0,128.0,120.0,142.0,131.42857142857142,137.14285714285714,137.63333333333333,5.094347941829382,82.0,104.0,639.2,-79.90000000000009,82.0,8.0,1.0
799.0,559.3,30,3.9,10142,7774,1193,0,0,96,2025,6,12,3,24,163,2,0.4338837391175582,-0.900968867902419,1.2246467991473532e-16,-1.0,0.3294084822245304,-0.9441875088341992,239.70000000000005,0.3,0.1534602521224594,0.8495575221238938,-17,139.0,124.0,119.0,116.0,133.0,138.5,137.53333333333333,5.537749241949024,90.0,124.0,559.3,0.0,90.0,6.0,1.0
799.0,559.3,30,4.1,8981,9099,917,0,1,253,2025,6,15,6,24,166,2,-0.7818314824680299,0.6234898018587334,1.2246467991473532e-16,-1.0,0.2802306751992158,-0.9599326896597448,239.70000000000005,0.3,0.10078030552808,1.9921259842519683,126,113.0,132.0,140.0,152.0,131.42857142857142,138.07142857142858,137.43333333333334,8.997354108426611,96.0,132.0,559.3,0.0,96.0,157.0,1.0
799.0,639.2,20,3.8,16105,4256,502,0,0,117,2025,6,16,0,25,167,2,0.0,1.0,1.2246467991473532e-16,-1.0,0.263665492728007,-0.9646141756912436,159.79999999999995,0.1999999999999999,0.1179511278195488,1.5810810810810811,43,127.0,138.0,124.0,166.0,130.71428571428572,137.14285714285714,136.6,9.141741003302862,127.0,138.0,559.3,79.90000000000009,253.0,-136.0,1.0
799.0,639.2,20,4.3,11555,14032,1905,0,1,191,2025,6,21,5,25,172,2,-0.9749279121818236,-0.2225209339563146,1.2246467991473532e-16,-1.0,0.1797665857255624,-0.9837092937736096,159.79999999999995,0.1999999999999999,0.135761117445838,1.186335403726708,30,74.0,128.0,163.0,144.0,121.57142857142856,133.57142857142858,133.53333333333333,22.655809724787016,74.0,100.0,639.2,0.0,117.0,74.0,1.0
799.0,559.3,30,4.5,15197,9061,1020,0,1,213,2025,7,6,6,27,187,3,-0.7818314824680299,0.6234898018587334,-0.4999999999999997,-0.8660254037844388,-0.0773864792334632,-0.9970011699250152,239.70000000000005,0.3,0.1125703564727955,1.5214285714285714,73,161.0,133.0,175.0,151.0,126.28571428571428,133.42857142857142,134.1,27.19506257708315,161.0,90.0,639.2,-79.90000000000009,191.0,22.0,1.0
799.0,559.3,30,3.9,10191,11301,1074,0,0,262,2025,7,9,2,28,190,3,0.9749279121818236,-0.2225209339563143,-0.4999999999999997,-0.8660254037844388,-0.1287481774525806,-0.99167731989929,239.70000000000005,0.3,0.0950358375365011,1.832167832167832,119,140.0,137.0,159.0,100.0,127.28571428571428,130.92857142857142,133.73333333333332,27.608659787069257,140.0,82.0,559.3,0.0,213.0,49.0,1.0
799.0,479.4,40,3.8,12607,10050,1627,0,1,244,2025,7,12,5,28,193,3,-0.9749279121818236,-0.2225209339563146,-0.4999999999999997,-0.8660254037844388,-0.1797665857255621,-0.9837092937736098,319.6,0.4,0.1618905472636816,1.6598639455782314,97,143.0,139.0,128.0,121.0,128.14285714285714,129.78571428571428,135.16666666666666,28.050125201317083,143.0,90.0,559.3,-79.89999999999998,262.0,-18.0,1.0
799.0,399.5,50,4.1,11309,7917,600,0,0,215,2025,7,14,0,29,195,3,0.0,1.0,-0.4999999999999997,-0.8660254037844388,-0.2135209154397959,-0.9769384927771816,399.5,0.5,0.0757862826828344,1.360759493670886,57,147.0,113.0,124.0,165.0,129.28571428571428,131.14285714285714,136.03333333333333,28.72115530240387,147.0,96.0,479.4,-79.89999999999998,244.0,-29.0,1.0
799.0,479.4,40,3.9,14480,11084,1679,0,0,176,2025,7,22,1,30,203,3,0.7818314824680298,0.6234898018587336,-0.4999999999999997,-0.8660254037844388,-0.3456123126707333,-0.9383773917408642,319.6,0.4,0.1514796102490075,1.1428571428571428,22,158.0,127.0,132.0,132.0,135.71428571428572,133.57142857142858,135.8,29.49414792640741,158.0,127.0,399.5,79.89999999999998,215.0,-39.0,1.0
799.0,479.4,40,4.4,13635,7383,1308,0,0,202,2025,7,25,4,30,206,3,-0.433883739117558,-0.9009688679024191,-0.4999999999999997,-0.8660254037844388,-0.3935902766564664,-0.9192859697186104,319.6,0.4,0.1771637545713124,1.5419847328244274,71,154.0,74.0,138.0,92.0,139.57142857142858,135.14285714285714,136.53333333333333,29.92689505476786,154.0,74.0,479.4,0.0,176.0,26.0,1.0
799.0,479.4,40,4.0,12557,4355,697,0,1,146,2025,8,2,5,31,214,3,-0.9749279121818236,-0.2225209339563146,-0.8660254037844385,-0.5000000000000004,-0.5160623910158526,-0.8565509959010037,319.6,0.4,0.1600459242250287,1.2920353982300885,33,131.0,161.0,128.0,152.0,147.71428571428572,134.64285714285714,137.83333333333334,10.672617387726596,131.0,161.0,479.4,0.0,202.0,-56.0,1.0
799.0,559.3,30,3.9,8899,7908,863,0,1,215,2025,8,16,5,33,228,3,-0.9749279121818236,-0.2225209339563146,-0.8660254037844385,-0.5000000000000004,-0.7055836101071774,-0.70862667826446,239.70000000000005,0.3,0.109129994941831,1.853448275862069,99,113.0,140.0,133.0,176.0,140.85714285714286,133.57142857142858,136.53333333333333,15.181442305533157,113.0,140.0,479.4,79.89999999999998,146.0,69.0,1.0
799.0,639.2,20,4.3,8969,13618,1783,0,1,267,2025,8,23,5,34,235,3,-0.9749279121818236,-0.2225209339563146,-0.8660254037844385,-0.5000000000000004,-0.7856498550787144,-0.6186714032625032,159.79999999999995,0.1999999999999999,0.1309296519312674,1.816326530612245,120,116.0,143.0,137.0,149.0,137.42857142857142,132.35714285714286,134.53333333333333,17.877892706331153,116.0,143.0,559.3,79.90000000000009,215.0,52.0,1.0
799.0,559.3,30,4.3,16079,6208,747,0,1,119,2025,8,31,6,35,243,3,-0.7818314824680299,0.6234898018587334,-0.8660254037844385,-0.5000000000000004,-0.8631421280499115,-0.5049610547215202,239.70000000000005,0.3,0.1203286082474226,1.0084745762711864,1,147.0,147.0,139.0,129.0,138.0,133.07142857142858,134.46666666666667,18.147543451756064,147.0,147.0,639.2,-79.90000000000009,267.0,-148.0,1.0
799.0,479.4,40,4.5,17603,6028,631,0,0,180,2025,9,2,1,36,245,3,0.7818314824680298,0.6234898018587336,-1.0,-1.8369701987210294e-16,-0.8800122039735356,-0.4749510720670502,319.6,0.4,0.1046781685467816,1.487603305785124,59,118.0,158.0,113.0,122.0,133.85714285714286,131.57142857142858,134.1,19.03880748566546,118.0,158.0,559.3,-79.89999999999998,119.0,61.0,1.0
799.0,479.4,40,4.0,10747,12325,1562,0,0,91,2025,9,3,2,36,246,3,0.9749279121818236,-0.2225209339563143,-1.0,-1.8369701987210294e-16,-0.888057322629493,-0.4597327394521046,319.6,0.4,0.1267342799188641,0.5947712418300654,-62,121.0,154.0,127.0,120.0,128.57142857142858,132.14285714285714,134.06666666666666,16.13337268787138,121.0,154.0,479.4,0.0,180.0,-89.0,1.0
799.0,559.3,30,4.5,9172,10596,1610,0,0,115,2025,9,4,3,36,247,3,0.4338837391175582,-0.900968867902419,-1.0,-1.8369701987210294e-16,-0.8958392907349089,-0.4443781781046134,239.70000000000005,0.3,0.1519441298603246,0.7718120805369127,-34,153.0,131.0,74.0,119.0,128.42857142857142,134.0,135.16666666666666,15.873007936507204,91.0,131.0,479.4,79.89999999999998,91.0,24.0,1.0
799.0,399.5,50,4.1,14815,6191,767,0,0,258,2025,9,19,4,38,262,3,-0.433883739117558,-0.9009688679024191,-1.0,-1.8369701987210294e-16,-0.97961369164549,-0.2008905551306352,399.5,0.5,0.1238895170408657,1.72,108,149.0,113.0,161.0,140.0,131.0,139.35714285714286,136.16666666666666,17.71063710504811,115.0,113.0,559.3,-159.79999999999995,115.0,143.0,1.0
799.0,479.4,40,4.4,11533,34275,4775,1,0,279,2025,9,24,2,39,267,3,0.9749279121818236,-0.2225209339563143,-1.0,-1.8369701987210294e-16,-0.9932568492674144,-0.1159345995955006,319.6,0.4,0.1393143690736688,0.6992481203007519,-120,150.0,116.0,140.0,124.0,136.28571428571428,138.57142857142858,136.5,16.948100048033016,150.0,116.0,399.5,79.89999999999998,258.0,21.0,1.0
799.0,479.4,40,4.2,11532,24435,5558,1,0,218,2025,9,30,1,40,273,3,0.7818314824680298,0.6234898018587336,-1.0,-1.8369701987210294e-16,-0.999916658654738,-0.0129102960750088,319.6,0.4,0.2274606097810517,0.6606060606060606,-112,399.0,147.0,143.0,163.0,176.71428571428572,157.07142857142858,145.66666666666666,99.07020118029844,279.0,147.0,479.4,0.0,279.0,-61.0,1.0
799.0,479.4,40,4.3,14096,46629,7484,1,0,353,2025,10,2,3,40,275,4,0.4338837391175582,-0.900968867902419,-0.8660254037844386,0.5000000000000001,-0.9997685019798908,0.0215160974362222,319.6,0.4,0.1605009757876,0.7673913043478261,-107,330.0,118.0,147.0,175.0,202.8571428571429,170.42857142857142,151.23333333333332,113.0773018358514,218.0,118.0,479.4,0.0,218.0,135.0,1.0
799.0,239.7,70,3.9,12659,14733,3095,1,1,375,2025,10,5,6,40,278,4,-0.7818314824680299,0.6234898018587334,-0.8660254037844386,0.5000000000000001,-0.9973249731081556,0.0730951298980777,559.3,0.7,0.210072626077513,1.2254901960784317,69,460.0,121.0,158.0,159.0,251.7142857142857,192.78571428571428,160.73333333333332,140.79028646147725,353.0,121.0,479.4,-239.7,353.0,22.0,1.0
799.0,319.6,60,4.2,14467,33849,5512,1,0,776,2025,10,9,3,41,282,4,0.4338837391175582,-0.900968867902419,-0.8660254037844386,0.5000000000000001,-0.989932495087353,0.141540295217043,479.4,0.6,0.162840852019262,1.7880184331797235,342,306.0,153.0,154.0,128.0,278.1428571428572,203.3571428571429,165.63333333333333,129.03672419306164,306.0,91.0,239.7,79.90000000000003,375.0,401.0,1.0
799.0,399.5,50,3.8,13259,16485,2684,1,0,346,2025,10,10,4,41,283,4,-0.433883739117558,-0.9009688679024191,-0.8660254037844386,0.5000000000000001,-0.9873494423939864,0.1585593851031347,399.5,0.5,0.1628146800121322,1.1610738255033557,48,434.0,149.0,131.0,124.0,318.2857142857143,223.3571428571429,175.83333333333334,127.3141970162984,434.0,115.0,319.6,79.89999999999998,776.0,-430.0,1.0
799.0,399.5,50,4.2,17504,46160,7226,1,0,800,2025,10,15,2,42,288,4,0.9749279121818236,-0.2225209339563143,-0.8660254037844386,0.5000000000000001,-0.970063921851507,0.2428497220959358,399.5,0.5,0.1565424610051993,1.702127659574468,330,298.0,150.0,113.0,132.0,339.57142857142856,235.28571428571428,181.63333333333333,104.75026991668868,298.0,150.0,399.5,0.0,346.0,454.0,1.0
799.0,479.4,40,4.5,10371,7192,816,0,0,86,2025,10,16,3,42,289,4,0.4338837391175582,-0.900968867902419,-0.8660254037844386,0.5000000000000001,-0.965739937654855,0.2595117970697994,319.6,0.4,0.1134593993325917,0.6935483870967742,-38,470.0,399.0,116.0,138.0,385.2857142857143,260.7857142857143,192.9,73.35010630693175,470.0,279.0,399.5,79.89999999999998,800.0,-714.0,1.0
799.0,559.3,30,4.1,15249,5948,743,0,0,157,2025,10,23,3,43,296,4,0.4338837391175582,-0.900968867902419,-0.8660254037844386,0.5000000000000001,-0.9275416835791964,0.3737197147904692,239.70000000000005,0.3,0.124915938130464,1.1893939393939394,25,124.0,330.0,147.0,128.0,346.0,261.35714285714283,192.4333333333333,122.17473825086246,86.0,218.0,479.4,79.89999999999998,86.0,71.0,1.0
799.0,639.2,20,4.1,17789,9098,895,0,0,203,2025,10,28,1,44,301,4,0.7818314824680298,0.6234898018587336,-0.8660254037844386,0.5000000000000001,-0.8919813464595487,0.4520722039323037,159.79999999999995,0.1999999999999999,0.0983732688502967,1.8125,91,132.0,460.0,118.0,133.0,317.7142857142857,260.2857142857143,192.56666666666663,146.9123483415815,132.0,353.0,559.3,79.90000000000009,157.0,46.0,1.0
799.0,399.5,50,3.8,8771,7322,938,0,0,97,2025,10,30,3,44,303,4,0.4338837391175582,-0.900968867902419,-0.8660254037844386,0.5000000000000001,-0.8758917051442433,0.4825077417612176,399.5,0.5,0.1281070745697896,0.697841726618705,-42,112.0,306.0,121.0,137.0,268.0,259.85714285714283,191.86666666666667,149.5950088293949,112.0,306.0,639.2,-239.70000000000005,203.0,-106.0,1.0
799.0,639.2,20,4.1,10300,8553,739,0,0,214,2025,10,31,4,44,304,4,-0.433883739117558,-0.9009688679024191,-0.8660254037844386,0.5000000000000001,-0.8674563547295971,0.4975132889071803,159.79999999999995,0.1999999999999999,0.0864024318952414,1.8771929824561404,100,139.0,434.0,153.0,139.0,244.14285714285717,261.1428571428572,191.9333333333333,155.71601134911035,97.0,434.0,399.5,239.70000000000005,97.0,117.0,1.0
799.0,319.6,60,3.9,10385,19165,2994,1,0,195,2025,11,5,2,45,309,4,0.9749279121818236,-0.2225209339563143,-0.5000000000000004,0.8660254037844384,-0.8214765533024145,0.5702422926917867,479.4,0.6,0.1562222801982781,0.5927051671732523,-134,114.0,298.0,149.0,113.0,198.42857142857144,258.35714285714283,191.1,136.47204493089097,114.0,298.0,639.2,-319.6,214.0,-19.0,1.0
799.0,399.5,50,4.0,16227,29098,4529,1,0,387,2025,11,7,4,45,311,4,-0.433883739117558,-0.9009688679024191,-0.5000000000000004,0.8660254037844384,-0.801361088174677,0.5981809144059158,399.5,0.5,0.1556464361811808,1.0078125,3,329.0,470.0,150.0,127.0,202.8571428571429,271.2142857142857,198.3,140.67981206914374,195.0,470.0,319.6,79.89999999999998,195.0,192.0,1.0
799.0,479.4,40,4.3,12996,23012,3264,1,1,397,2025,11,9,6,45,313,4,-0.7818314824680299,0.6234898018587334,-0.5000000000000004,0.8660254037844384,-0.780295851070776,0.6254105729852457,319.6,0.4,0.1418390405006084,1.2253086419753083,73,384.0,124.0,399.0,74.0,190.57142857142856,287.92857142857144,206.86666666666667,114.84461552152015,384.0,86.0,399.5,79.89999999999998,387.0,10.0,1.0
799.0,639.2,20,4.2,12054,7047,979,0,0,60,2025,12,4,3,49,338,4,0.4338837391175582,-0.900968867902419,-2.4492935982947064e-16,1.0,-0.4482293417404106,0.893918596519257,159.79999999999995,0.1999999999999999,0.1389243649780048,0.4958677685950413,-61,324.0,132.0,330.0,161.0,219.14285714285717,282.57142857142856,215.2,120.27250804101604,324.0,132.0,479.4,159.80000000000007,397.0,-337.0,1.0
799.0,479.4,40,4.0,17143,7535,1036,0,1,147,2025,12,7,6,49,341,4,-0.7818314824680299,0.6234898018587334,-2.4492935982947064e-16,1.0,-0.4014879892059737,0.9158642882672868,319.6,0.4,0.137491705374917,1.065217391304348,9,121.0,112.0,460.0,140.0,217.57142857142856,267.6428571428572,213.86666666666667,121.66464447112725,60.0,112.0,639.2,-159.80000000000007,60.0,87.0,1.0
799.0,639.2,20,4.3,15836,11239,1302,0,0,192,2025,12,10,2,50,344,4,0.9749279121818236,-0.2225209339563143,-2.4492935982947064e-16,1.0,-0.3536761221763721,0.935367949313148,159.79999999999995,0.1999999999999999,0.1158466055698905,1.352112676056338,50,138.0,139.0,306.0,143.0,221.28571428571428,244.64285714285717,213.8,118.2535613074923,138.0,97.0,479.4,159.80000000000007,147.0,45.0,1.0
799.0,559.3,30,3.8,15929,6582,754,0,0,99,2025,12,15,0,51,349,4,0.0,1.0,-2.4492935982947064e-16,1.0,-0.2719581575341052,0.9623090774541488,239.70000000000005,0.3,0.1145548465512002,0.9801980198019802,-2,142.0,114.0,434.0,147.0,221.7142857142857,232.92857142857144,213.76666666666668,117.910579516449,142.0,114.0,639.2,-79.90000000000009,192.0,-93.0,1.0
799.0,479.4,40,4.0,14002,5877,841,0,0,62,2025,12,17,2,51,351,4,0.9749279121818236,-0.2225209339563143,-2.4492935982947064e-16,1.0,-0.2386727660059499,0.9711000518829505,319.6,0.4,0.1431002212012931,0.496,-63,101.0,329.0,298.0,158.0,219.8571428571429,209.14285714285717,212.2333333333333,119.97420357647556,99.0,195.0,559.3,-79.89999999999998,99.0,-37.0,1.0
799.0,559.3,30,3.8,13105,6180,591,0,1,238,2025,12,28,6,52,362,4,-0.7818314824680299,0.6234898018587334,-2.4492935982947064e-16,1.0,-0.0516196672232541,0.998666816288476,239.70000000000005,0.3,0.095631067961165,1.9833333333333332,118,125.0,384.0,470.0,154.0,190.7142857142857,196.78571428571428,211.13333333333333,113.65402806428894,62.0,384.0,479.4,79.89999999999998,62.0,176.0,1.0
799.0,639.2,20,4.5,16841,13910,1635,0,0,237,2025,12,29,0,1,363,4,0.0,1.0,-2.4492935982947064e-16,1.0,-0.0344216116227458,0.9994074007397048,159.79999999999995,0.1999999999999999,0.1175413371675054,1.680851063829787,96,120.0,324.0,124.0,131.0,153.0,171.78571428571428,210.0,76.5811116834089,120.0,324.0,559.3,79.90000000000009,238.0,-1.0,1.0
799.0,639.2,20,3.8,14993,10310,1029,0,0,258,2025,12,31,2,1,365,4,0.9749279121818236,-0.2225209339563143,-2.4492935982947064e-16,1.0,6.432490598706546e-16,1.0,159.79999999999995,0.1999999999999999,0.0998060135790494,1.7916666666666667,114,141.0,121.0,132.0,113.0,126.85714285714286,173.0,210.33333333333331,14.758371312905942,141.0,60.0,639.2,0.0,237.0,21.0,1.0
1299.0,1039.2,20,4.5,11952,7346,885,0,0,216,2023,1,2,0,1,2,1,0.0,1.0,0.4999999999999999,0.8660254037844387,0.0344216116227457,0.9994074007397048,259.79999999999995,0.1999999999999999,0.1204737271984753,1.9285714285714288,104,0.0,0.0,0.0,0.0,0.0,0.0,0.0,0.0,0.0,0.0,0.0,0.0,0.0,0.0,1.0
1299.0,1039.2,20,4.5,6537,12529,1654,0,0,87,2023,1,4,2,1,4,1,0.9749279121818236,-0.2225209339563143,0.4999999999999999,0.8660254037844387,0.0688024268023198,0.9976303053065856,259.79999999999995,0.1999999999999999,0.1320137281506904,0.6444444444444445,-48,112.0,0.0,0.0,0.0,0.0,0.0,0.0,0.0,112.0,0.0,1039.2,0.0,216.0,-129.0,1.0
1299.0,779.4,40,4.2,11943,6308,897,0,0,275,2023,1,12,3,2,12,1,0.4338837391175582,-0.900968867902419,0.4999999999999999,0.8660254037844387,0.2051044998686192,0.9787400799669153,519.6,0.4,0.1422003804692454,1.9927536231884055,137,135.0,0.0,0.0,0.0,0.0,0.0,0.0,0.0,87.0,0.0,1039.2,-259.80000000000007,87.0,188.0,1.0
1299.0,1039.2,20,4.2,8355,10351,1636,0,0,119,2023,1,18,2,3,18,1,0.9749279121818236,-0.2225209339563143,0.4999999999999999,0.8660254037844387,0.304921224656289,0.9523775757303974,259.79999999999995,0.1999999999999999,0.1580523620906192,0.8686131386861314,-18,138.0,0.0,0.0,0.0,0.0,0.0,0.0,0.0,138.0,0.0,779.4,259.80000000000007,275.0,-156.0,1.0
1299.0,1039.2,20,3.9,13887,10293,1516,0,0,200,2023,1,25,2,4,25,1,0.9749279121818236,-0.2225209339563143,0.4999999999999999,0.8660254037844387,0.4171936026123168,0.9088176373395028,259.79999999999995,0.1999999999999999,0.1472845623239094,1.6260162601626016,77,137.0,0.0,0.0,0.0,0.0,0.0,0.0,0.0,119.0,0.0,1039.2,0.0,119.0,81.0,1.0
1299.0,779.4,40,4.2,5315,13245,1800,0,0,235,2023,1,31,1,5,31,1,0.7818314824680298,0.6234898018587336,0.4999999999999999,0.8660254037844387,0.5086709438521044,0.8609610158889943,519.6,0.4,0.1359003397508493,1.3202247191011236,57,123.0,0.0,0.0,0.0,0.0,0.0,0.0,0.0,123.0,0.0,1039.2,-259.80000000000007,200.0,35.0,1.0
1299.0,909.3,30,4.2,6259,8159,649,0,0,106,2023,2,7,1,6,38,1,0.7818314824680298,0.6234898018587336,0.8660254037844386,0.5000000000000001,0.6084768701151261,0.7935716089521474,389.7000000000001,0.3,0.079544061772276,0.905982905982906,-11,178.0,0.0,0.0,0.0,0.0,0.0,0.0,0.0,178.0,0.0,779.4,129.89999999999998,235.0,-129.0,1.0
1299.0,909.3,30,4.3,9582,9655,1135,0,0,213,2023,2,9,3,6,40,1,0.4338837391175582,-0.900968867902419,0.8660254037844386,0.5000000000000001,0.6354323008901774,0.7721565844991642,389.7000000000001,0.3,0.1175556706369756,1.5434782608695652,75,117.0,112.0,0.0,0.0,134.28571428571428,0.0,0.0,21.815241504616942,106.0,112.0,909.3,0.0,106.0,107.0,1.0
1299.0,909.3,30,3.9,14052,17593,1997,0,0,226,2023,2,10,4,6,41,1,-0.433883739117558,-0.9009688679024191,0.8660254037844386,0.5000000000000001,0.6486295610349814,0.7611042586607747,389.7000000000001,0.3,0.1135110555334508,1.153061224489796,30,138.0,135.0,0.0,0.0,138.0,0.0,0.0,19.47648154398872,138.0,87.0,909.3,0.0,213.0,13.0,1.0
1299.0,1039.2,20,4.5,6329,9399,1068,0,0,182,2023,2,24,4,8,55,1,-0.433883739117558,-0.9009688679024191,0.8660254037844386,0.5000000000000001,0.8115390590073611,0.5842981736283684,259.79999999999995,0.1999999999999999,0.1136291094797318,1.4918032786885247,60,196.0,138.0,0.0,0.0,146.71428571428572,0.0,0.0,29.15312610861418,196.0,138.0,909.3,129.9000000000001,226.0,-44.0,1.0
1299.0,1039.2,20,4.1,9925,8854,1253,0,0,213,2023,3,1,2,9,60,1,0.9749279121818236,-0.2225209339563143,1.0,6.123233995736766e-17,0.8587639582758029,0.5123714121284237,259.79999999999995,0.1999999999999999,0.1415179579850914,1.6136363636363635,81,122.0,137.0,0.0,0.0,144.42857142857142,0.0,0.0,30.544269199841413,122.0,119.0,1039.2,0.0,182.0,31.0,1.0
1299.0,909.3,30,4.1,9129,11137,1326,0,0,269,2023,3,10,4,10,69,1,-0.433883739117558,-0.9009688679024191,1.0,6.123233995736766e-17,0.9275416835791966,0.373719714790469,389.7000000000001,0.3,0.1190625841788632,1.829931972789116,122,132.0,123.0,0.0,0.0,143.71428571428572,0.0,0.0,30.804297783016608,132.0,123.0,1039.2,-129.9000000000001,213.0,56.0,1.0
1299.0,1039.2,20,3.9,12100,12521,1305,0,0,104,2023,3,15,2,11,74,1,0.9749279121818236,-0.2225209339563143,1.0,6.123233995736766e-17,0.9562348265919056,0.2926003356333483,259.79999999999995,0.1999999999999999,0.1042249021643638,0.6933333333333334,-46,147.0,178.0,0.0,0.0,147.14285714285714,0.0,0.0,29.41897670681613,147.0,178.0,909.3,129.9000000000001,269.0,-165.0,1.0
1299.0,1039.2,20,4.3,9483,11523,1483,0,0,205,2023,3,16,3,11,75,1,0.4338837391175582,-0.900968867902419,1.0,6.123233995736766e-17,0.9611297838723007,0.2760969730974688,259.79999999999995,0.1999999999999999,0.1286991234921461,1.404109589041096,59,150.0,117.0,0.0,0.0,143.14285714285714,0.0,0.0,26.257878636252972,104.0,106.0,1039.2,0.0,104.0,101.0,1.0
1299.0,1039.2,20,4.2,15142,9484,780,0,1,224,2023,3,19,6,11,78,1,-0.7818314824680299,0.6234898018587334,1.0,6.123233995736766e-17,0.9741004551724204,0.2261156855082882,259.79999999999995,0.1999999999999999,0.0822437789962041,1.5886524822695036,83,146.0,138.0,112.0,0.0,147.28571428571428,140.78571428571428,0.0,23.598829672353705,146.0,138.0,1039.2,0.0,205.0,19.0,1.0
1299.0,649.5,50,3.8,6516,7887,1218,0,0,296,2023,3,22,2,12,81,1,0.9749279121818236,-0.2225209339563143,1.0,6.123233995736766e-17,0.9844738167520922,0.1755314904214282,649.5,0.5,0.1544313427158615,1.793939393939394,131,141.0,196.0,135.0,0.0,147.71428571428572,142.85714285714286,0.0,23.428716608144835,141.0,196.0,1039.2,-389.7000000000001,224.0,72.0,1.0
1299.0,909.3,30,4.0,11733,12419,1933,0,0,217,2023,3,30,3,13,89,1,0.4338837391175582,-0.900968867902419,1.0,6.123233995736766e-17,0.9992500112396836,0.0387222808921744,389.7000000000001,0.3,0.1556486029470972,1.382165605095541,60,165.0,122.0,138.0,0.0,143.28571428571428,145.0,0.0,13.683497185957084,165.0,122.0,649.5,259.79999999999995,296.0,-79.0,1.0
1299.0,909.3,30,4.2,9509,10430,1100,0,0,172,2023,4,5,2,14,95,2,0.9749279121818236,-0.2225209339563143,0.8660254037844387,-0.4999999999999998,0.9979171608653922,-0.0645084494493162,389.7000000000001,0.3,0.1054650047938638,1.2463768115942029,34,157.0,132.0,137.0,0.0,148.28571428571428,146.35714285714286,0.0,10.6726173877246,157.0,132.0,909.3,0.0,217.0,-45.0,1.0
1299.0,909.3,30,4.2,9955,6872,642,0,0,261,2023,4,6,3,14,96,2,0.4338837391175582,-0.900968867902419,0.8660254037844387,-0.4999999999999998,0.9966589017541702,-0.0816763953304224,389.7000000000001,0.3,0.0934225844004656,1.919117647058824,125,138.0,147.0,123.0,0.0,149.14285714285714,146.42857142857142,0.0,9.299257522845034,138.0,147.0,909.3,0.0,172.0,89.0,1.0
1299.0,1039.2,20,3.9,11469,7753,1314,0,0,202,2023,4,12,2,15,102,2,0.9749279121818236,-0.2225209339563143,0.8660254037844387,-0.4999999999999998,0.9829265519799822,-0.18399835165768,259.79999999999995,0.1999999999999999,0.1694827808590223,1.6031746031746033,76,136.0,150.0,178.0,0.0,147.57142857142858,147.35714285714286,0.0,10.564991605252096,136.0,104.0,909.3,129.9000000000001,261.0,-59.0,1.0
1299.0,1039.2,20,3.9,7311,11831,1703,0,0,226,2023,4,18,1,16,108,2,0.7818314824680298,0.6234898018587336,0.8660254037844387,-0.4999999999999998,0.9587178169872964,-0.2843591872810034,259.79999999999995,0.1999999999999999,0.1439438762572901,1.699248120300752,93,126.0,146.0,117.0,0.0,144.14285714285714,143.64285714285714,0.0,13.208943579112995,126.0,146.0,1039.2,0.0,202.0,24.0,1.0
1299.0,1039.2,20,4.1,9854,9200,785,0,0,178,2023,4,21,4,16,111,2,-0.433883739117558,-0.9009688679024191,0.8660254037844387,-0.4999999999999998,0.9427611433904208,-0.3334687789181868,259.79999999999995,0.1999999999999999,0.0853260869565217,1.3383458646616542,45,133.0,141.0,138.0,0.0,142.28571428571428,144.78571428571428,0.0,13.80476108346062,133.0,141.0,1039.2,0.0,226.0,-48.0,1.0
1299.0,909.3,30,4.0,13312,6455,595,0,0,223,2023,4,25,1,17,115,2,0.7818314824680298,0.6234898018587336,0.8660254037844387,-0.4999999999999998,0.9175836260593936,-0.3975428142825559,389.7000000000001,0.3,0.0921766072811773,1.8898305084745763,105,133.0,165.0,196.0,0.0,141.14285714285714,144.42857142857142,0.0,14.252819269985062,133.0,165.0,1039.2,-129.9000000000001,178.0,45.0,1.0
1299.0,1039.2,20,4.4,6656,10248,1199,0,0,193,2023,4,27,3,17,117,2,0.4338837391175582,-0.900968867902419,0.8660254037844387,-0.4999999999999998,0.9033558023246844,-0.4288919379124835,259.79999999999995,0.1999999999999999,0.1169984387197502,1.5078125,65,118.0,157.0,122.0,0.0,134.42857142857142,138.85714285714286,0.0,12.039617143098129,118.0,157.0,909.3,129.9000000000001,223.0,-30.0,1.0
1299.0,909.3,30,4.0,6155,10962,1433,0,0,301,2023,4,28,4,17,118,2,-0.433883739117558,-0.9009688679024191,0.8660254037844387,-0.4999999999999998,0.895839290734909,-0.4443781781046132,389.7000000000001,0.3,0.1307243203794928,1.980263157894737,149,128.0,138.0,132.0,0.0,130.28571428571428,139.28571428571428,0.0,6.848705126136177,128.0,138.0,1039.2,-129.9000000000001,193.0,108.0,1.0
1299.0,909.3,30,3.9,14356,6887,574,0,0,224,2023,5,1,0,18,121,2,0.0,1.0,0.4999999999999999,-0.8660254037844387,0.8717063187093218,-0.4900286664290592,389.7000000000001,0.3,0.083345433425294,1.8823529411764703,105,152.0,136.0,147.0,0.0,132.28571428571428,140.71428571428572,0.0,10.53113298295884,152.0,136.0,909.3,0.0,301.0,-77.0,1.0
1299.0,909.3,30,4.2,11502,8682,1320,0,0,253,2023,5,3,2,18,123,2,0.9749279121818236,-0.2225209339563143,0.4999999999999999,-0.8660254037844387,0.854322169749827,-0.5197438121555155,389.7000000000001,0.3,0.1520387007601935,1.9612403100775195,124,119.0,126.0,150.0,0.0,129.85714285714286,138.71428571428572,0.0,11.45176218504642,119.0,126.0,909.3,0.0,224.0,29.0,1.0
1299.0,1039.2,20,4.1,10787,4720,510,0,0,103,2023,5,5,4,18,125,2,-0.433883739117558,-0.9009688679024191,0.4999999999999999,-0.8660254037844387,0.8359254794186372,-0.548842958284719,259.79999999999995,0.1999999999999999,0.1080508474576271,1.0198019801980198,2,129.0,133.0,146.0,0.0,130.28571428571428,137.21428571428572,0.0,11.338934190276904,129.0,133.0,909.3,129.9000000000001,253.0,-150.0,1.0
1299.0,1039.2,20,4.4,10791,12235,1682,0,1,261,2023,5,14,6,19,134,2,-0.7818314824680299,0.6234898018587334,0.4999999999999999,-0.8660254037844387,0.7412220108485958,-0.6712599575675313,259.79999999999995,0.1999999999999999,0.1374744585206375,1.751677852348993,112,101.0,133.0,141.0,0.0,125.71428571428572,134.0,0.0,15.681350767863222,101.0,133.0,1039.2,0.0,103.0,158.0,1.0
1299.0,649.5,50,4.4,14550,12458,1903,0,1,152,2023,5,21,6,20,141,2,-0.7818314824680299,0.6234898018587334,0.4999999999999999,-0.8660254037844387,0.6551563572090853,-0.7554933140726803,649.5,0.5,0.1527532509231016,0.8306010928961749,-31,149.0,118.0,165.0,0.0,128.0,134.57142857142858,0.0,17.925772879665065,149.0,118.0,1039.2,-389.7000000000001,261.0,-109.0,1.0
1299.0,1039.2,20,4.3,12741,9595,715,0,0,77,2023,5,24,2,21,144,2,0.9749279121818236,-0.2225209339563143,0.4999999999999999,-0.8660254037844387,0.6152845999633276,-0.7883050558305255,259.79999999999995,0.1999999999999999,0.0745179781136008,0.5923076923076923,-53,183.0,128.0,157.0,112.0,137.28571428571428,135.85714285714286,139.3,26.612743098712997,152.0,128.0,649.5,389.7000000000001,152.0,-75.0,1.0
1299.0,649.5,50,4.1,10597,7870,1034,0,0,183,2023,5,30,1,22,150,2,0.7818314824680298,0.6234898018587336,0.4999999999999999,-0.8660254037844387,0.5307300481619334,-0.8475409228928311,649.5,0.5,0.1313850063532401,1.1806451612903226,28,130.0,152.0,138.0,135.0,137.57142857142858,133.92857142857142,139.9,26.50696224804058,77.0,152.0,1039.2,-389.7000000000001,77.0,106.0,1.0
1299.0,649.5,50,4.2,12462,8240,1199,0,0,236,2023,6,1,3,22,152,2,0.4338837391175582,-0.900968867902419,1.2246467991473532e-16,-1.0,0.5012418134457758,-0.865307254363206,649.5,0.5,0.1455097087378641,1.5945945945945943,88,155.0,119.0,136.0,138.0,138.0,135.14285714285714,140.56666666666666,26.801741236966944,155.0,119.0,649.5,0.0,183.0,53.0,1.0
1299.0,779.4,40,4.2,14895,9074,1493,0,0,96,2023,6,2,4,22,153,2,-0.433883739117558,-0.9009688679024191,1.2246467991473532e-16,-1.0,0.4862727071086899,-0.8738071036110808,519.6,0.4,0.1645360370288737,0.6357615894039735,-55,148.0,129.0,126.0,137.0,142.14285714285714,136.0,140.9,25.58924625325108,148.0,129.0,649.5,129.89999999999998,236.0,-140.0,1.0
1299.0,779.4,40,4.0,11138,9759,877,0,1,78,2023,6,11,6,23,162,2,-0.7818314824680299,0.6234898018587334,1.2246467991473532e-16,-1.0,0.3456123126707335,-0.938377391740864,519.6,0.4,0.0898657649349318,0.609375,-50,151.0,101.0,133.0,123.0,145.28571428571428,137.78571428571428,141.36666666666667,25.051375782009032,96.0,101.0,779.4,0.0,96.0,-18.0,1.0
1299.0,779.4,40,4.2,5531,9145,909,0,0,282,2023,6,20,1,25,171,2,0.7818314824680298,0.6234898018587336,1.2246467991473532e-16,-1.0,0.1966728897935764,-0.980469160361632,519.6,0.4,0.0993985784581738,1.751552795031056,121,128.0,149.0,133.0,178.0,149.14285714285714,137.42857142857142,141.53333333333333,18.252201432782208,78.0,149.0,779.4,0.0,78.0,204.0,1.0
1299.0,649.5,50,4.4,15089,13415,1592,0,0,157,2023,7,10,0,28,191,3,0.0,1.0,-0.4999999999999997,-0.8660254037844388,-0.1457991969198744,-0.9893142039703664,649.5,0.5,0.1186731270965337,0.8263157894736842,-33,161.0,183.0,118.0,117.0,150.85714285714286,139.42857142857142,140.96666666666667,18.792095602748955,161.0,152.0,779.4,-129.89999999999998,282.0,-125.0,1.0
1299.0,1039.2,20,4.0,6033,10234,1224,0,0,264,2023,7,13,3,28,194,3,0.4338837391175582,-0.900968867902419,-0.4999999999999997,-0.8660254037844388,-0.1966728897935762,-0.980469160361632,259.79999999999995,0.1999999999999999,0.1196013289036544,1.9849624060150373,131,190.0,130.0,128.0,138.0,151.85714285714286,144.57142857142858,143.4,20.86007807135094,157.0,77.0,649.5,389.7000000000001,157.0,107.0,1.0
1299.0,909.3,30,4.3,15390,14948,1897,0,0,374,2023,7,27,3,30,208,3,0.4338837391175582,-0.900968867902419,-0.4999999999999997,-0.8660254037844388,-0.4250003399695539,-0.9051931898913976,389.7000000000001,0.3,0.1269066095798769,1.9581151832460733,183,133.0,155.0,152.0,196.0,152.28571428571428,144.92857142857142,143.23333333333332,20.36102719833721,133.0,155.0,1039.2,-129.9000000000001,264.0,110.0,1.0
1299.0,649.5,50,4.0,10082,7558,1126,0,0,171,2023,8,2,2,31,214,3,0.9749279121818236,-0.2225209339563143,-0.8660254037844385,-0.5000000000000004,-0.5160623910158526,-0.8565509959010037,649.5,0.5,0.1489812119608362,1.2481751824817515,34,191.0,148.0,119.0,122.0,157.42857142857142,147.71428571428572,143.06666666666666,25.145292089886585,191.0,148.0,909.3,-259.79999999999995,374.0,-203.0,1.0
1299.0,1039.2,20,3.9,12194,7041,1189,0,1,129,2023,8,12,5,32,224,3,-0.9749279121818236,-0.2225209339563146,-0.8660254037844385,-0.5000000000000004,-0.655156357209085,-0.7554933140726804,259.79999999999995,0.1999999999999999,0.1688680585144155,1.372340425531915,35,137.0,151.0,129.0,132.0,155.85714285714286,149.0,143.56666666666666,26.15612465834448,137.0,96.0,649.5,389.7000000000001,171.0,-42.0,1.0
1299.0,909.3,30,3.9,14669,9078,849,0,0,128,2023,8,24,3,34,236,3,0.4338837391175582,-0.900968867902419,-0.8660254037844385,-0.5000000000000004,-0.7961828637826154,-0.6050560696488494,389.7000000000001,0.3,0.0935228023793787,0.9770992366412212,-3,94.0,128.0,101.0,147.0,147.71428571428572,146.5,142.3,35.22174652925985,94.0,78.0,1039.2,-129.9000000000001,129.0,-1.0,1.0
1299.0,1039.2,20,4.2,15516,5713,668,0,1,170,2023,8,26,5,34,238,3,-0.9749279121818236,-0.2225209339563146,-0.8660254037844385,-0.5000000000000004,-0.8165380514459157,-0.5772916165517278,259.79999999999995,0.1999999999999999,0.1169263084193943,1.4912280701754386,56,131.0,161.0,149.0,150.0,148.14285714285714,148.64285714285714,141.76666666666668,34.95915984606692,128.0,161.0,909.3,129.9000000000001,128.0,42.0,1.0
1299.0,909.3,30,4.4,8258,12895,1533,0,0,243,2023,9,4,0,36,247,3,0.0,1.0,-1.0,-1.8369701987210294e-16,-0.8958392907349089,-0.4443781781046134,389.7000000000001,0.3,0.1188832880961613,1.62,93,114.0,190.0,183.0,146.0,141.42857142857142,146.14285714285714,140.56666666666666,36.55524195359286,114.0,157.0,1039.2,-129.9000000000001,170.0,73.0,1.0
1299.0,1039.2,20,4.3,7770,8578,1370,0,0,231,2023,9,7,3,36,250,3,0.4338837391175582,-0.900968867902419,-1.0,-1.8369701987210294e-16,-0.9175836260593934,-0.3975428142825566,259.79999999999995,0.1999999999999999,0.1597108883189554,1.9743589743589745,114,150.0,133.0,130.0,141.0,135.71428571428572,143.78571428571428,140.7,30.28593890303052,150.0,133.0,909.3,129.9000000000001,243.0,-12.0,1.0
1299.0,649.5,50,4.2,12128,17595,1949,0,0,421,2023,9,20,2,38,263,3,0.9749279121818236,-0.2225209339563143,-1.0,-1.8369701987210294e-16,-0.9829265519799822,-0.1839983516576798,649.5,0.5,0.1107701051435066,1.9400921658986172,204,117.0,191.0,155.0,165.0,133.42857142857142,142.85714285714286,139.9,31.117289635919725,117.0,191.0,1039.2,-389.7000000000001,231.0,190.0,1.0
1299.0,519.6,60,4.2,14336,52306,7413,1,0,878,2023,9,25,0,39,268,3,0.0,1.0,-1.0,-1.8369701987210294e-16,-0.9951053111006974,-0.0988201387328721,779.4,0.6,0.1417237028256796,1.6350093109869646,341,217.0,137.0,148.0,157.0,137.14285714285714,147.28571428571428,141.63333333333333,39.54503159449396,217.0,137.0,649.5,-129.89999999999998,421.0,457.0,1.0
1299.0,519.6,60,3.9,8128,39431,6627,1,0,600,2023,9,26,1,39,269,3,0.7818314824680298,0.6234898018587336,-1.0,-1.8369701987210294e-16,-0.99665890175417,-0.0816763953304228,779.4,0.6,0.1680657350815348,1.3333333333333333,150,537.0,94.0,151.0,138.0,194.28571428571428,175.07142857142858,154.3,156.21109039343125,537.0,94.0,519.6,0.0,878.0,-278.0,1.0
1299.0,454.65,65,4.2,9916,25445,5348,1,1,374,2023,10,7,5,40,280,4,-0.9749279121818236,-0.2225209339563146,-0.8660254037844386,0.5000000000000001,-0.994217906893952,0.107381346664163,844.35,0.65,0.2101788170563961,1.0108108108108107,4,450.0,131.0,128.0,136.0,245.14285714285717,196.42857142857144,164.7,174.9470668244431,450.0,128.0,519.6,-64.95000000000005,600.0,-226.0,1.0
1299.0,519.6,60,3.8,7804,30682,4501,1,0,637,2023,10,10,1,41,283,4,0.7818314824680298,0.6234898018587336,-0.8660254037844386,0.5000000000000001,-0.9873494423939864,0.1585593851031347,779.4,0.6,0.146698389935467,1.6208651399491094,244,370.0,114.0,161.0,126.0,279.2857142857143,213.7142857142857,172.5,172.25921773663686,370.0,114.0,454.65,64.95000000000005,374.0,263.0,1.0
1299.0,779.4,40,4.1,8452,15956,2141,1,0,335,2023,10,13,4,41,286,4,-0.433883739117558,-0.9009688679024191,-0.8660254037844386,0.5000000000000001,-0.9778483415056568,0.2093146459630488,519.6,0.4,0.1341814991225871,1.1472602739726028,43,393.0,150.0,190.0,133.0,319.1428571428572,230.28571428571428,181.4,159.4421823853697,393.0,150.0,519.6,259.79999999999995,637.0,-302.0,1.0
1299.0,649.5,50,4.4,11484,11943,2595,1,1,354,2023,10,14,5,41,287,4,-0.9749279121818236,-0.2225209339563146,-0.8660254037844386,0.5000000000000001,-0.9741004551724206,0.226115685508288,649.5,0.5,0.2172820899271539,1.2597864768683271,73,292.0,117.0,133.0,133.0,339.42857142857144,237.57142857142856,186.7,142.46503330391525,292.0,117.0,779.4,-129.89999999999998,335.0,19.0,1.0
1299.0,909.3,30,4.4,12035,13815,1632,0,1,236,2023,10,29,6,43,302,4,-0.7818314824680299,0.6234898018587334,-0.8660254037844386,0.5000000000000001,-0.8840675099433637,0.467359217158002,389.7000000000001,0.3,0.1181324647122692,1.542483660130719,83,281.0,217.0,191.0,118.0,362.8571428571428,248.14285714285717,191.63333333333333,109.44927070174028,281.0,217.0,649.5,259.79999999999995,354.0,-118.0,1.0
1299.0,649.5,50,4.1,7071,21768,3635,1,0,582,2023,11,7,1,45,311,4,0.7818314824680298,0.6234898018587336,-0.5000000000000004,0.8660254037844384,-0.801361088174677,0.5981809144059158,649.5,0.5,0.1669882396177875,1.790769230769231,257,153.0,537.0,137.0,128.0,353.7142857142857,245.42857142857144,192.8,125.203453474354,153.0,537.0,909.3,-259.79999999999995,236.0,346.0,1.0
1299.0,649.5,50,4.4,13684,32602,6857,1,0,334,2023,11,15,2,46,319,4,0.9749279121818236,-0.2225209339563143,-0.5000000000000004,0.8660254037844384,-0.711656622281775,0.7025274741691566,649.5,0.5,0.2103245199681001,0.8498727735368957,-59,325.0,450.0,94.0,152.0,323.42857142857144,258.85714285714283,199.36666666666667,95.6257586337786,325.0,450.0,649.5,0.0,582.0,-248.0,1.0
1299.0,909.3,30,4.2,11402,5880,544,0,0,158,2023,11,28,1,48,332,4,0.7818314824680298,0.6234898018587336,-0.5000000000000004,0.8660254037844384,-0.5380051715382992,0.8429415373547832,389.7000000000001,0.3,0.092517006802721,1.3859649122807018,44,393.0,370.0,131.0,119.0,315.2857142857143,280.2142857142857,207.4,84.87385597798296,334.0,370.0,649.5,259.79999999999995,334.0,-176.0,1.0
1299.0,779.4,40,4.0,12057,9332,1813,0,0,210,2023,12,4,0,49,338,4,0.0,1.0,-2.4492935982947064e-16,1.0,-0.4482293417404106,0.893918596519257,519.6,0.4,0.1942777539648521,1.25,42,114.0,393.0,114.0,129.0,278.7142857142857,279.0,207.2333333333333,109.07293322316366,114.0,393.0,909.3,-129.89999999999998,158.0,52.0,1.0
1299.0,1039.2,20,4.1,11100,13985,1764,0,0,286,2023,12,5,1,49,339,4,0.7818314824680298,0.6234898018587336,-2.4492935982947064e-16,1.0,-0.4327755925504317,0.9015016841318838,259.79999999999995,0.1999999999999999,0.1261351447979978,1.8333333333333333,130,168.0,292.0,150.0,101.0,246.57142857142856,282.85714285714283,208.53333333333333,102.7502751705269,168.0,292.0,779.4,259.80000000000007,210.0,76.0,1.0
1299.0,1039.2,20,4.4,10543,16532,1975,0,0,281,2023,12,7,3,49,341,4,0.4338837391175582,-0.900968867902419,-2.4492935982947064e-16,1.0,-0.4014879892059737,0.9158642882672868,259.79999999999995,0.1999999999999999,0.1194652794580208,1.6627218934911243,112,156.0,281.0,117.0,149.0,227.14285714285717,283.2857142857143,210.36666666666667,105.5484542306335,156.0,281.0,1039.2,0.0,286.0,-5.0,1.0
1299.0,909.3,30,3.9,12125,5600,726,0,0,194,2023,12,11,0,50,345,4,0.0,1.0,-2.4492935982947064e-16,1.0,-0.3375228995941134,0.941317317512847,389.7000000000001,0.3,0.1296428571428571,1.7962962962962965,86,169.0,153.0,217.0,183.0,211.14285714285717,287.0,211.03333333333333,104.50746157002122,169.0,153.0,1039.2,-129.9000000000001,281.0,-87.0,1.0
1299.0,909.3,30,4.4,7717,8210,1064,0,0,162,2023,12,15,4,50,349,4,-0.433883739117558,-0.9009688679024191,-2.4492935982947064e-16,1.0,-0.2719581575341052,0.9623090774541488,389.7000000000001,0.3,0.1295980511571254,1.3170731707317074,39,108.0,325.0,537.0,130.0,204.7142857142857,279.2142857142857,208.53333333333333,109.92378311920508,108.0,325.0,909.3,0.0,194.0,-32.0,1.0
1299.0,1039.2,20,4.4,14894,6167,1115,0,0,210,2023,12,20,2,51,354,4,0.9749279121818236,-0.2225209339563143,-2.4492935982947064e-16,1.0,-0.1882267098432439,0.9821256058680006,259.79999999999995,0.1999999999999999,0.1808010377817415,1.9444444444444444,102,123.0,393.0,450.0,155.0,175.85714285714286,249.64285714285717,208.3,99.06130857778322,123.0,334.0,909.3,129.9000000000001,162.0,48.0,1.0
1299.0,649.5,50,4.2,11170,9692,1362,0,1,142,2023,12,23,5,51,357,4,-0.9749279121818236,-0.2225209339563146,-2.4492935982947064e-16,1.0,-0.1372787721132651,0.9905324521322229,649.5,0.5,0.1405282707387536,0.8255813953488372,-30,108.0,114.0,370.0,148.0,135.14285714285714,225.2142857142857,206.7333333333333,28.0738821174197,108.0,114.0,1039.2,-389.7000000000001,210.0,-68.0,1.0
1299.0,1039.2,20,4.0,13586,10116,826,0,0,173,2024,1,8,0,2,8,1,0.0,1.0,0.4999999999999999,0.8660254037844387,0.1372787721132647,0.9905324521322229,259.79999999999995,0.1999999999999999,0.0816528272044286,1.2627737226277371,36,172.0,168.0,393.0,151.0,143.42857142857142,211.07142857142856,207.53333333333333,29.324944687966656,142.0,168.0,649.5,389.7000000000001,142.0,31.0,1.0
1299.0,779.4,40,3.9,10331,9421,1325,0,0,124,2024,1,22,0,4,22,1,0.0,1.0,0.4999999999999999,0.8660254037844387,0.3697245428906731,0.9291414114031744,519.6,0.4,0.1406432438170045,0.9323308270676692,-9,137.0,156.0,292.0,128.0,139.0,192.78571428571428,207.06666666666663,27.264140062236603,137.0,156.0,1039.2,-259.80000000000007,173.0,-49.0,1.0
1299.0,909.3,30,3.9,8019,7899,1158,0,0,156,2024,1,24,2,4,24,1,0.9749279121818236,-0.2225209339563143,0.4999999999999999,0.8660254037844387,0.401487989205973,0.9158642882672872,389.7000000000001,0.3,0.1466008355488036,1.248,31,133.0,169.0,281.0,161.0,135.71428571428572,181.42857142857144,207.2333333333333,26.24064459138436,124.0,169.0,779.4,129.89999999999998,124.0,32.0,1.0
1299.0,454.65,65,4.5,10765,30551,6559,1,0,486,2024,1,26,4,4,26,1,-0.433883739117558,-0.9009688679024191,0.4999999999999999,0.8660254037844387,0.4327755925504312,0.901501684131884,844.35,0.65,0.2146901901738077,1.1911764705882353,78,125.0,108.0,153.0,190.0,129.42857142857142,170.28571428571428,206.03333333333333,21.839239477424577,125.0,108.0,909.3,-454.65,156.0,330.0,1.0
1299.0,909.3,30,3.9,12429,14156,1868,0,0,105,2024,2,1,3,5,32,1,0.4338837391175582,-0.900968867902419,0.8660254037844386,0.5000000000000001,0.5234156073655503,0.8520775211013093,389.7000000000001,0.3,0.1319581802769144,0.621301775147929,-64,408.0,123.0,325.0,133.0,172.28571428571428,188.5,213.3,105.78864823428847,408.0,123.0,454.65,454.65,486.0,-381.0,1.0
1299.0,649.5,50,4.1,8299,10254,1117,0,0,244,2024,2,7,2,6,38,1,0.9749279121818236,-0.2225209339563143,0.8660254037844386,0.5000000000000001,0.6084768701151261,0.7935716089521474,649.5,0.5,0.1089330992783304,1.4878048780487805,80,169.0,108.0,393.0,191.0,178.85714285714286,177.35714285714286,214.5,103.62340239448544,105.0,108.0,909.3,-259.79999999999995,105.0,139.0,1.0
1299.0,779.4,40,4.1,14010,7659,794,0,0,194,2024,2,13,1,7,44,1,0.7818314824680298,0.6234898018587336,0.8660254037844386,0.5000000000000001,0.6870527672236669,0.7266075247685656,519.6,0.4,0.1036688862775819,1.3379310344827586,49,164.0,172.0,114.0,137.0,186.8571428571429,161.0,213.6,99.3133568919246,164.0,142.0,649.5,129.89999999999998,244.0,-50.0,1.0
1299.0,909.3,30,3.9,14556,12427,1374,0,0,74,2024,2,15,3,7,46,1,0.4338837391175582,-0.900968867902419,0.8660254037844386,0.5000000000000001,0.7116566222817746,0.7025274741691571,389.7000000000001,0.3,0.1105657037096644,0.5103448275862069,-71,145.0,137.0,168.0,94.0,183.0,163.21428571428572,213.86666666666667,100.50373127401753,145.0,137.0,779.4,129.89999999999998,194.0,-120.0,1.0
1299.0,779.4,40,4.4,10983,10401,1519,0,0,293,2024,2,23,4,8,54,1,-0.433883739117558,-0.9009688679024191,0.8660254037844386,0.5000000000000001,0.8013610881746766,0.5981809144059165,519.6,0.4,0.1460436496490722,1.6647727272727273,117,145.0,133.0,156.0,131.0,184.14285714285717,161.57142857142858,215.56666666666663,99.93736133436845,74.0,124.0,909.3,-129.89999999999998,74.0,219.0,1.0
1299.0,1039.2,20,4.3,12040,9134,862,0,1,95,2024,2,24,5,8,55,1,-0.9749279121818236,-0.2225209339563146,0.8660254037844386,0.5000000000000001,0.8115390590073611,0.5842981736283684,259.79999999999995,0.1999999999999999,0.0943726735274797,0.7480314960629921,-32,176.0,125.0,169.0,114.0,190.28571428571428,163.0,217.06666666666663,97.5631663517096,176.0,125.0,779.4,259.80000000000007,293.0,-198.0,1.0
1299.0,779.4,40,4.1,11269,4237,638,0,0,113,2024,3,1,4,9,61,1,-0.433883739117558,-0.9009688679024191,1.0,6.123233995736766e-17,0.8674563547295969,0.4975132889071806,519.6,0.4,0.1505782393202737,0.982608695652174,-2,127.0,408.0,108.0,150.0,190.57142857142856,160.0,217.5,97.34279145175044,95.0,408.0,1039.2,-259.80000000000007,95.0,18.0,1.0
1299.0,1039.2,20,4.5,11136,13077,1648,0,0,94,2024,3,20,2,12,80,1,0.9749279121818236,-0.2225209339563143,1.0,6.123233995736766e-17,0.9813064702716092,0.1924515819708299,259.79999999999995,0.1999999999999999,0.1260227881012464,0.618421052631579,-58,115.0,169.0,123.0,117.0,148.71428571428572,160.5,216.33333333333331,22.45524649693285,113.0,105.0,779.4,259.80000000000007,113.0,-19.0,1.0
1299.0,909.3,30,3.9,14167,14171,1799,0,0,229,2024,3,21,3,12,81,1,0.4338837391175582,-0.900968867902419,1.0,6.123233995736766e-17,0.9844738167520922,0.1755314904214282,389.7000000000001,0.3,0.1269494037118058,1.4585987261146496,72,152.0,164.0,108.0,217.0,146.28571428571428,162.57142857142858,217.5,20.75021514518217,94.0,164.0,1039.2,-129.9000000000001,94.0,135.0,1.0
1299.0,649.5,50,4.0,14214,12578,1714,0,0,332,2024,3,22,4,12,82,1,-0.433883739117558,-0.9009688679024191,1.0,6.123233995736766e-17,0.9873494423939864,0.1585593851031347,649.5,0.5,0.1362696772141834,1.8971428571428568,157,157.0,145.0,172.0,537.0,145.28571428571428,166.07142857142858,215.5,19.90573021112297,157.0,145.0,909.3,-259.79999999999995,229.0,103.0,1.0
1299.0,909.3,30,4.5,10461,10413,1472,0,0,136,2024,3,27,2,13,87,1,0.9749279121818236,-0.2225209339563143,1.0,6.123233995736766e-17,0.9973249731081556,0.0730951298980777,389.7000000000001,0.3,0.1413617593392874,0.9577464788732394,-6,175.0,145.0,137.0,450.0,149.57142857142858,166.28571428571428,203.4333333333333,22.846277179275862,175.0,74.0,649.5,259.79999999999995,332.0,-196.0,1.0
1299.0,779.4,40,4.0,11992,14417,1596,0,1,313,2024,3,30,5,13,90,1,-0.9749279121818236,-0.2225209339563146,1.0,6.123233995736766e-17,0.9997685019798908,0.0215160974362222,519.6,0.4,0.1107026427134632,1.71978021978022,131,142.0,176.0,133.0,370.0,149.14285714285714,166.64285714285714,193.16666666666663,22.974105506187698,136.0,176.0,909.3,-129.89999999999998,136.0,177.0,1.0
1299.0,1039.2,20,3.9,11845,12664,1668,0,1,303,2024,4,6,5,14,97,2,-0.9749279121818236,-0.2225209339563146,0.8660254037844387,-0.4999999999999998,0.9951053111006976,-0.0988201387328714,259.79999999999995,0.1999999999999999,0.1317119393556538,1.8703703703703705,141,182.0,127.0,125.0,393.0,150.0,170.14285714285714,186.9,24.22120283277829,182.0,95.0,779.4,259.80000000000007,313.0,-10.0,1.0
1299.0,1039.2,20,3.9,9189,9988,1219,0,1,129,2024,4,13,5,15,104,2,-0.9749279121818236,-0.2225209339563146,0.8660254037844387,-0.4999999999999998,0.9760105506323684,-0.2177232303965317,259.79999999999995,0.1999999999999999,0.1220464557468962,0.9416058394160584,-8,162.0,115.0,408.0,292.0,155.0,172.78571428571428,179.2,22.21110833194183,162.0,113.0,1039.2,0.0,303.0,-174.0,1.0
1299.0,1039.2,20,3.9,13417,7858,1435,0,1,161,2024,4,20,5,16,111,2,-0.9749279121818236,-0.2225209339563146,0.8660254037844387,-0.4999999999999998,0.9427611433904208,-0.3334687789181868,259.79999999999995,0.1999999999999999,0.182616441842708,1.4770642201834865,52,137.0,152.0,169.0,281.0,158.14285714285714,153.42857142857142,174.03333333333333,16.40557396566121,129.0,94.0,1039.2,0.0,129.0,32.0,1.0
1299.0,1039.2,20,4.0,16105,8411,1586,0,0,207,2024,4,25,3,17,116,2,0.4338837391175582,-0.900968867902419,0.8660254037844387,-0.4999999999999998,0.9106046300942162,-0.4132786077829042,259.79999999999995,0.1999999999999999,0.1885625965996908,1.6967213114754098,85,109.0,157.0,164.0,153.0,152.0,149.14285714285714,168.3,24.92655879445164,109.0,157.0,1039.2,0.0,161.0,46.0,1.0
1299.0,1039.2,20,4.1,14183,12445,1811,0,1,169,2024,4,27,5,17,118,2,-0.9749279121818236,-0.2225209339563146,0.8660254037844387,-0.4999999999999998,0.895839290734909,-0.4443781781046132,259.79999999999995,0.1999999999999999,0.1455202892728003,1.2706766917293233,36,122.0,175.0,145.0,325.0,147.0,146.14285714285714,167.26666666666668,27.16615541441076,122.0,175.0,1039.2,0.0,207.0,-38.0,1.0
1299.0,779.4,40,3.9,9312,9508,1108,0,1,180,2024,4,28,6,17,119,2,-0.7818314824680299,0.6234898018587334,0.8660254037844387,-0.4999999999999998,0.8880573226294932,-0.4597327394521039,519.6,0.4,0.1165334455195624,1.3333333333333333,45,133.0,142.0,145.0,393.0,141.0,145.28571428571428,160.86666666666667,24.454038521273265,133.0,136.0,1039.2,-259.80000000000007,169.0,11.0,1.0
1299.0,649.5,50,4.4,9812,8303,963,0,0,105,2024,5,1,2,18,122,2,0.9749279121818236,-0.2225209339563143,0.4999999999999999,-0.8660254037844387,0.8631421280499114,-0.5049610547215204,649.5,0.5,0.1159821751174274,0.6521739130434783,-56,135.0,182.0,176.0,114.0,140.0,144.57142857142858,152.26666666666668,24.549270186027588,135.0,182.0,779.4,-129.89999999999998,180.0,-75.0,1.0
1299.0,1039.2,20,4.1,10074,6397,768,0,0,200,2024,5,13,0,20,134,2,0.0,1.0,0.4999999999999999,-0.8660254037844387,0.7412220108485958,-0.6712599575675313,259.79999999999995,0.1999999999999999,0.1200562763795529,1.98019801980198,99,161.0,162.0,127.0,168.0,137.0,143.5,153.83333333333334,19.27865832122614,105.0,162.0,649.5,389.7000000000001,105.0,95.0,1.0
1299.0,1039.2,20,4.0,7473,10778,1082,0,1,88,2024,5,19,6,20,140,2,-0.7818314824680299,0.6234898018587334,0.4999999999999999,-0.8660254037844387,0.6680638642135335,-0.7441039398713607,259.79999999999995,0.1999999999999999,0.1003896826869549,0.7457627118644068,-30,101.0,137.0,115.0,156.0,128.28571428571428,141.64285714285714,151.6,19.8722107955978,101.0,129.0,1039.2,0.0,200.0,-112.0,1.0
1299.0,779.4,40,4.3,13787,13399,1911,0,0,296,2024,5,23,3,21,144,2,0.4338837391175582,-0.900968867902419,0.4999999999999999,-0.8660254037844387,0.6152845999633276,-0.7883050558305255,519.6,0.4,0.1426225837749085,1.7724550898203593,129,118.0,109.0,152.0,169.0,125.57142857142856,141.85714285714286,150.33333333333334,19.78094321021182,88.0,109.0,1039.2,-259.80000000000007,88.0,208.0,1.0
1299.0,649.5,50,4.1,9333,10903,1278,0,0,91,2024,5,24,4,21,145,2,-0.433883739117558,-0.9009688679024191,0.4999999999999999,-0.8660254037844387,0.6016240632249226,-0.7987793728863649,649.5,0.5,0.117215445290287,0.5112359550561798,-87,167.0,122.0,157.0,108.0,133.85714285714286,142.92857142857142,150.26666666666668,23.48353019620568,167.0,122.0,779.4,-129.89999999999998,296.0,-205.0,1.0
1299.0,779.4,40,4.5,10331,12844,1971,0,0,205,2024,5,28,1,22,149,2,0.7818314824680298,0.6234898018587336,0.4999999999999999,-0.8660254037844387,0.545240438540651,-0.8382797052177744,519.6,0.4,0.15345686701962,1.1988304093567252,34,178.0,133.0,175.0,123.0,141.85714285714286,144.42857142857142,152.6,27.895212082771003,91.0,133.0,649.5,129.89999999999998,91.0,114.0,1.0
1299.0,649.5,50,4.3,10857,12137,1661,0,1,367,2024,6,9,6,23,161,2,-0.7818314824680299,0.6234898018587334,1.2246467991473532e-16,-1.0,0.3617137307297676,-0.9322892131745132,649.5,0.5,0.1368542473428359,1.9214659685863875,176,171.0,135.0,142.0,108.0,147.28571428571428,144.14285714285714,154.2,29.53367730639064,171.0,135.0,779.4,-129.89999999999998,205.0,162.0,1.0
1299.0,909.3,30,3.9,8005,11720,1068,0,1,158,2024,6,16,6,24,168,2,-0.7818314824680299,0.6234898018587334,1.2246467991473532e-16,-1.0,0.2470221804809355,-0.9690098257244062,389.7000000000001,0.3,0.0911262798634812,1.0533333333333332,8,191.0,161.0,182.0,172.0,155.28571428571428,147.64285714285714,156.96666666666667,33.02884742016716,191.0,105.0,649.5,259.79999999999995,367.0,-209.0,1.0
1299.0,649.5,50,4.0,12482,15363,1985,0,0,179,2024,6,20,3,25,172,2,0.4338837391175582,-0.900968867902419,1.2246467991473532e-16,-1.0,0.1797665857255624,-0.9837092937736096,649.5,0.5,0.1292065351819306,0.9623655913978496,-7,150.0,101.0,162.0,137.0,153.71428571428572,145.35714285714286,156.23333333333332,32.9732936668149,150.0,101.0,909.3,-259.79999999999995,158.0,21.0,1.0
1299.0,779.4,40,4.2,15473,6828,687,0,0,115,2024,6,27,3,26,179,2,0.4338837391175582,-0.900968867902419,1.2246467991473532e-16,-1.0,0.060213277365793,-0.9981855344718586,519.6,0.4,0.1006151142355008,0.8984375,-13,186.0,118.0,137.0,133.0,165.85714285714286,147.07142857142858,157.86666666666667,25.016185236951078,179.0,88.0,649.5,129.89999999999998,179.0,-64.0,1.0
1299.0,909.3,30,4.4,9295,8408,926,0,1,232,2024,6,30,6,26,182,2,-0.7818314824680299,0.6234898018587334,1.2246467991473532e-16,-1.0,0.0086069968886886,-0.9999629591162656,389.7000000000001,0.3,0.1101332064700285,1.8412698412698407,106,128.0,167.0,109.0,125.0,167.28571428571428,146.42857142857142,157.7,21.921939434533485,115.0,167.0,779.4,129.89999999999998,115.0,117.0,1.0
1299.0,649.5,50,4.5,14477,8494,1151,0,0,293,2024,7,2,1,27,184,3,0.7818314824680298,0.6234898018587336,-0.4999999999999997,-0.8660254037844388,-0.0258184402271323,-0.9996666485105112,649.5,0.5,0.1355074170002354,1.7034883720930232,121,126.0,178.0,122.0,408.0,161.42857142857142,147.64285714285714,157.73333333333332,26.91874899803056,126.0,91.0,909.3,-259.79999999999995,232.0,61.0,1.0
1299.0,909.3,30,4.4,11943,11108,1007,0,0,76,2024,7,10,2,28,192,3,0.9749279121818236,-0.2225209339563143,-0.4999999999999997,-0.8660254037844388,-0.1628070129385164,-0.9866579328916572,389.7000000000001,0.3,0.090655383507382,0.5170068027210885,-71,172.0,171.0,133.0,169.0,160.57142857142858,151.21428571428572,149.86666666666667,26.393541778605066,172.0,171.0,649.5,259.79999999999995,293.0,-217.0,1.0
1299.0,779.4,40,4.4,7366,6400,754,0,0,105,2024,7,12,4,28,194,3,-0.433883739117558,-0.9009688679024191,-0.4999999999999997,-0.8660254037844388,-0.1966728897935762,-0.980469160361632,519.6,0.4,0.1178125,0.84,-20,147.0,191.0,135.0,164.0,157.14285714285714,152.21428571428572,149.13333333333333,26.37188257360692,76.0,191.0,909.3,-129.89999999999998,76.0,29.0,1.0
1299.0,909.3,30,4.2,12153,4913,532,0,1,165,2024,7,13,5,28,195,3,-0.9749279121818236,-0.2225209339563146,-0.4999999999999997,-0.8660254037844388,-0.2135209154397959,-0.9769384927771816,389.7000000000001,0.3,0.1082841441074699,1.71875,69,125.0,150.0,161.0,145.0,147.71428571428572,151.5,147.83333333333334,23.93542901024922,105.0,150.0,779.4,129.89999999999998,105.0,60.0,1.0
1299.0,1039.2,20,4.4,15715,13787,1684,0,1,200,2024,7,14,6,28,196,3,-0.7818314824680299,0.6234898018587334,-0.4999999999999997,-0.8660254037844388,-0.2303056702306119,-0.973118337233262,259.79999999999995,0.1999999999999999,0.1221440487415681,1.183431952662722,31,96.0,186.0,101.0,145.0,140.0,146.85714285714286,146.2,30.795021242617263,96.0,179.0,909.3,129.9000000000001,165.0,35.0,1.0
1299.0,649.5,50,4.2,16316,6024,723,0,0,248,2024,7,17,2,29,199,3,0.9749279121818236,-0.2225209339563143,-0.4999999999999997,-0.8660254037844388,-0.2802306751992161,-0.9599326896597444,649.5,0.5,0.1200199203187251,1.710344827586207,103,169.0,128.0,118.0,176.0,137.57142857142858,151.71428571428572,147.0,26.999118151382184,169.0,115.0,1039.2,-389.7000000000001,200.0,48.0,1.0
1299.0,1039.2,20,4.1,7286,12105,1872,0,1,240,2024,7,20,5,29,202,3,-0.9749279121818236,-0.2225209339563146,-0.4999999999999997,-0.8660254037844388,-0.3294084822245302,-0.9441875088341994,259.79999999999995,0.1999999999999999,0.1546468401486989,1.8045112781954888,107,145.0,126.0,167.0,127.0,140.0,153.64285714285714,145.96666666666667,26.75817632051772,145.0,126.0,649.5,389.7000000000001,248.0,-8.0,1.0
1299.0,1039.2,20,4.3,8939,9371,1579,0,0,190,2024,7,25,3,30,207,3,0.4338837391175582,-0.900968867902419,-0.4999999999999997,-0.8660254037844388,-0.4093559588156211,-0.9123747579707274,259.79999999999995,0.1999999999999999,0.1684985593853377,1.7592592592592593,82,133.0,172.0,178.0,115.0,141.0,151.21428571428572,146.16666666666666,26.27419519858313,133.0,172.0,1039.2,0.0,240.0,-50.0,1.0
1299.0,1039.2,20,4.3,12707,8692,1198,0,0,238,2024,7,30,1,31,212,3,0.7818314824680298,0.6234898018587336,-0.4999999999999997,-0.8660254037844388,-0.4862727071086902,-0.8738071036110807,259.79999999999995,0.1999999999999999,0.1378278877128393,1.9193548387096773,114,108.0,147.0,171.0,152.0,131.85714285714286,146.21428571428572,145.93333333333334,24.78190584161697,108.0,76.0,1039.2,0.0,190.0,48.0,1.0
1299.0,1039.2,20,4.3,9130,5694,846,0,1,161,2024,8,4,6,31,217,3,-0.7818314824680299,0.6234898018587334,-0.8660254037844385,-0.5000000000000004,-0.5595892624101763,-0.828770087174504,259.79999999999995,0.1999999999999999,0.1485774499473129,1.518867924528302,55,124.0,125.0,191.0,157.0,128.57142857142858,142.85714285714286,145.0,23.950345459282183,124.0,105.0,1039.2,0.0,238.0,-77.0,1.0
1299.0,909.3,30,4.3,10102,9888,1287,0,0,241,2024,8,13,1,33,226,3,0.7818314824680298,0.6234898018587336,-0.8660254037844385,-0.5000000000000004,-0.6807734094770159,-0.7324940716135792,389.7000000000001,0.3,0.1301577669902912,1.6736111111111112,97,106.0,96.0,150.0,175.0,125.85714285714286,136.78571428571428,143.3,25.45210254201869,106.0,96.0,1039.2,-129.9000000000001,161.0,80.0,1.0
1299.0,1039.2,20,3.9,16155,6140,875,0,0,104,2024,8,15,3,33,228,3,0.4338837391175582,-0.900968867902419,-0.8660254037844385,-0.5000000000000004,-0.7055836101071774,-0.70862667826446,259.79999999999995,0.1999999999999999,0.1425081433224755,0.97196261682243,-3,144.0,169.0,186.0,142.0,132.71428571428572,136.35714285714286,142.26666666666668,22.34363657147169,144.0,169.0,909.3,129.9000000000001,241.0,-137.0,1.0
1299.0,1039.2,20,4.1,9718,10402,1351,0,1,124,2024,8,18,6,33,231,3,-0.7818314824680299,0.6234898018587334,-0.8660254037844385,-0.5000000000000004,-0.7412220108485957,-0.6712599575675315,259.79999999999995,0.1999999999999999,0.129878869448183,0.9393939393939394,-8,107.0,145.0,128.0,182.0,123.85714285714286,130.71428571428572,141.1,17.27646348290357,104.0,145.0,1039.2,0.0,104.0,20.0,1.0
1299.0,909.3,30,3.9,16299,8546,1398,0,0,126,2024,8,23,4,34,236,3,-0.433883739117558,-0.9009688679024191,-0.8660254037844385,-0.5000000000000004,-0.7961828637826154,-0.6050560696488494,389.7000000000001,0.3,0.1635853030657617,0.9197080291970804,-11,132.0,133.0,126.0,162.0,122.0,131.0,139.43333333333334,15.198684153567688,124.0,133.0,1039.2,-129.9000000000001,124.0,2.0,1.0
1299.0,649.5,50,4.0,11981,13098,1850,0,1,241,2024,8,24,5,34,237,3,-0.9749279121818236,-0.2225209339563146,-0.8660254037844385,-0.5000000000000004,-0.8064799463209447,-0.5912614448635782,649.5,0.5,0.1412429378531073,1.4176470588235297,71,137.0,108.0,172.0,137.0,122.57142857142856,131.78571428571428,138.6,15.746503769163828,126.0,108.0,909.3,-259.79999999999995,126.0,115.0,1.0
1299.0,909.3,30,4.2,14761,7189,886,0,0,160,2024,8,29,3,35,242,3,0.4338837391175582,-0.900968867902419,-0.8660254037844385,-0.5000000000000004,-0.8543221697498269,-0.5197438121555157,389.7000000000001,0.3,0.1232438447628321,1.2213740458015268,29,170.0,124.0,147.0,109.0,131.42857142857142,131.64285714285714,139.7,22.269988346478613,170.0,124.0,649.5,259.79999999999995,241.0,-81.0,1.0
1299.0,649.5,50,4.4,14281,7727,1173,0,0,148,2024,9,4,2,36,248,3,0.9749279121818236,-0.2225209339563143,-1.0,-1.8369701987210294e-16,-0.9033558023246842,-0.4288919379124841,649.5,0.5,0.1518053578361589,0.9426751592356688,-9,131.0,106.0,125.0,122.0,132.42857142857142,130.5,140.43333333333334,22.03676581576707,131.0,106.0,909.3,-259.79999999999995,160.0,-12.0,1.0
1299.0,909.3,30,4.3,7970,12710,1962,0,0,190,2024,9,6,4,36,250,3,-0.433883739117558,-0.9009688679024191,-1.0,-1.8369701987210294e-16,-0.9175836260593934,-0.3975428142825566,389.7000000000001,0.3,0.1543666404405979,1.2258064516129032,35,157.0,144.0,96.0,133.0,139.71428571428572,132.78571428571428,141.6,20.196652244980516,148.0,144.0,649.5,259.79999999999995,148.0,42.0,1.0
1299.0,909.3,30,3.8,14852,7637,1110,0,0,77,2024,9,11,2,37,255,3,0.9749279121818236,-0.2225209339563143,-1.0,-1.8369701987210294e-16,-0.9483615800121716,-0.3171912885891059,389.7000000000001,0.3,0.1453450307712452,0.6875,-35,155.0,107.0,169.0,135.0,141.28571428571428,137.0,142.33333333333334,20.99773230386264,155.0,104.0,909.3,0.0,190.0,-113.0,1.0
1299.0,649.5,50,4.1,13428,7115,1053,0,0,199,2024,9,12,3,37,256,3,0.4338837391175582,-0.900968867902419,-1.0,-1.8369701987210294e-16,-0.9536809966304456,-0.300819807635668,649.5,0.5,0.1479971890372452,1.2756410256410255,43,112.0,132.0,145.0,161.0,142.0,132.92857142857142,141.56666666666666,19.680785892165183,77.0,124.0,909.3,-259.79999999999995,77.0,122.0,1.0
1299.0,1039.2,20,3.8,8782,13571,1396,0,1,94,2024,9,14,5,37,258,3,-0.9749279121818236,-0.2225209339563146,-1.0,-1.8369701987210294e-16,-0.9634705485641486,-0.2678143051621748,259.79999999999995,0.1999999999999999,0.1028664063075676,0.5949367088607594,-64,156.0,137.0,133.0,101.0,145.42857142857142,133.71428571428572,141.4,19.73877016480417,156.0,126.0,649.5,389.7000000000001,199.0,-105.0,1.0
1299.0,1039.2,20,4.4,10334,8654,1192,0,0,155,2024,9,16,0,38,260,3,0.0,1.0,-1.0,-1.8369701987210294e-16,-0.9721181966290612,-0.2344913895704105,259.79999999999995,0.1999999999999999,0.1377397735151375,1.2916666666666667,35,158.0,170.0,108.0,118.0,148.42857142857142,135.5,143.3,19.83983486874232,94.0,170.0,1039.2,0.0,94.0,61.0,1.0
1299.0,779.4,40,3.9,7979,8558,984,0,0,107,2024,9,17,1,38,261,3,0.7818314824680298,0.6234898018587336,-1.0,-1.8369701987210294e-16,-0.9760105506323682,-0.2177232303965322,519.6,0.4,0.1149801355456882,0.7039473684210527,-45,120.0,131.0,124.0,167.0,141.28571428571428,136.35714285714286,143.36666666666667,19.779739513906907,120.0,131.0,1039.2,-259.80000000000007,155.0,-48.0,1.0
1299.0,649.5,50,3.9,8474,14055,1347,0,0,117,2024,9,20,4,38,264,3,-0.433883739117558,-0.9009688679024191,-1.0,-1.8369701987210294e-16,-0.9859481499638304,-0.1670516255021195,649.5,0.5,0.095837780149413,0.7048192771084337,-49,152.0,157.0,106.0,178.0,144.28571428571428,138.35714285714286,142.86666666666667,19.5509103429485,107.0,148.0,779.4,-129.89999999999998,107.0,10.0,1.0
1299.0,1039.2,20,3.9,9615,10287,1082,0,1,83,2024,9,21,5,38,265,3,-0.9749279121818236,-0.2225209339563146,-1.0,-1.8369701987210294e-16,-0.9886775902323404,-0.1500553983446526,259.79999999999995,0.1999999999999999,0.1051812967823466,0.7757009345794392,-24,166.0,155.0,144.0,171.0,145.57142857142858,142.64285714285714,142.46666666666667,20.783464123006453,117.0,155.0,649.5,389.7000000000001,117.0,-34.0,1.0
1299.0,649.5,50,4.3,12194,28018,3996,1,0,206,2024,10,9,2,41,283,4,0.9749279121818236,-0.2225209339563143,-0.8660254037844386,0.5000000000000001,-0.9873494423939864,0.1585593851031347,649.5,0.5,0.1426225997572988,0.5435356200527705,-173,107.0,112.0,107.0,191.0,138.71428571428572,140.0,140.33333333333334,24.70299769740527,83.0,77.0,1039.2,-389.7000000000001,83.0,123.0,1.0
1299.0,649.5,50,4.5,11010,47072,6943,1,0,452,2024,11,6,2,45,311,4,0.9749279121818236,-0.2225209339563143,-0.5000000000000004,0.8660254037844384,-0.801361088174677,0.5981809144059158,649.5,0.5,0.1474974507138001,0.9475890985324948,-25,379.0,156.0,132.0,150.0,176.85714285714286,159.42857142857142,146.6,91.7431715377741,206.0,156.0,649.5,0.0,206.0,246.0,1.0
1299.0,649.5,50,4.4,11824,31373,5151,1,0,673,2024,11,11,0,46,316,4,0.0,1.0,-0.5000000000000004,0.8660254037844384,-0.7469720876965551,0.6648553979642866,649.5,0.5,0.1641857648296305,1.7124681933842238,280,477.0,158.0,137.0,186.0,222.7142857142857,184.07142857142856,157.5,144.5864381442396,452.0,94.0,649.5,0.0,452.0,221.0,1.0
1299.0,1039.2,20,4.3,12175,10947,1108,0,0,69,2024,11,19,1,47,324,4,0.7818314824680298,0.6234898018587336,-0.5000000000000004,0.8660254037844384,-0.6486295610349818,0.7611042586607742,259.79999999999995,0.1999999999999999,0.101214944733717,0.5702479338842975,-52,393.0,120.0,170.0,128.0,256.2857142857143,202.3571428571429,164.4,154.0299908954033,393.0,120.0,649.5,389.7000000000001,673.0,-604.0,1.0
1299.0,1039.2,20,4.4,13652,8859,928,0,0,261,2024,11,26,1,48,331,4,0.7818314824680298,0.6234898018587336,-0.5000000000000004,0.8660254037844384,-0.5524353131676203,0.8335557718385695,259.79999999999995,0.1999999999999999,0.1047522293712608,1.9923664122137408,130,121.0,152.0,131.0,126.0,256.42857142857144,198.8571428571429,164.16666666666666,153.88291776851747,69.0,107.0,1039.2,0.0,69.0,192.0,1.0
1299.0,779.4,40,4.3,8088,14468,1605,0,1,128,2024,12,1,6,48,336,4,-0.7818314824680299,0.6234898018587334,-2.4492935982947064e-16,1.0,-0.4787338401157883,0.8779600847008883,519.6,0.4,0.1109344760851534,0.7032967032967034,-54,131.0,166.0,157.0,172.0,253.42857142857144,198.8571428571429,164.33333333333334,156.4415302307936,131.0,117.0,1039.2,-259.80000000000007,261.0,-133.0,1.0
1299.0,1039.2,20,4.4,14470,11903,1778,0,0,205,2024,12,2,0,49,337,4,0.0,1.0,-2.4492935982947064e-16,1.0,-0.4635502709028512,0.8860706215341378,259.79999999999995,0.1999999999999999,0.1493741073678904,1.404109589041096,59,182.0,107.0,155.0,147.0,255.7142857142857,200.64285714285717,164.66666666666666,155.0620459533474,128.0,83.0,779.4,259.80000000000007,128.0,77.0,1.0
1299.0,649.5,50,4.3,7629,6185,831,0,1,82,2024,12,8,6,49,343,4,-0.7818314824680299,0.6234898018587334,-2.4492935982947064e-16,1.0,-0.3697245428906732,0.9291414114031744,649.5,0.5,0.134357316087308,0.5394736842105263,-70,146.0,379.0,112.0,125.0,261.2857142857143,200.0,164.63333333333333,149.42636345450566,146.0,206.0,1039.2,-389.7000000000001,205.0,-123.0,1.0
1299.0,909.3,30,3.9,10684,5726,651,0,0,126,2024,12,10,1,50,345,4,0.7818314824680298,0.6234898018587336,-2.4492935982947064e-16,1.0,-0.3375228995941134,0.941317317512847,389.7000000000001,0.3,0.1136919315403423,1.0677966101694916,8,152.0,477.0,156.0,96.0,228.8571428571429,202.8571428571429,165.53333333333333,144.16128533859606,82.0,452.0,649.5,259.79999999999995,82.0,44.0,1.0
1299.0,909.3,30,3.9,12493,8861,854,0,0,139,2024,12,12,3,50,347,4,0.4338837391175582,-0.900968867902419,-2.4492935982947064e-16,1.0,-0.3049212246562894,0.9523775757303972,389.7000000000001,0.3,0.0963773840424331,1.094488188976378,12,118.0,393.0,158.0,169.0,177.57142857142858,200.14285714285717,166.26666666666668,97.46598918401725,118.0,393.0,909.3,0.0,126.0,13.0,1.0
1299.0,779.4,40,4.0,11901,9390,1517,0,0,201,2024,12,24,1,52,359,4,0.7818314824680298,0.6234898018587336,-2.4492935982947064e-16,1.0,-0.1031016974474354,0.9946708199115212,519.6,0.4,0.1615548455804047,1.3223684210526316,49,127.0,121.0,120.0,145.0,139.57142857142858,197.92857142857144,164.86666666666667,22.500793636794896,127.0,69.0,909.3,-129.89999999999998,139.0,62.0,1.0
1299.0,779.4,40,4.2,13412,12341,1965,0,0,277,2024,12,25,2,52,360,4,0.9749279121818236,-0.2225209339563143,-2.4492935982947064e-16,1.0,-0.0859647987374467,0.9962981749346076,519.6,0.4,0.159225346406288,1.6294117647058823,107,152.0,131.0,152.0,133.0,144.0,200.2142857142857,165.1,21.252450839058127,152.0,131.0,779.4,0.0,201.0,76.0,1.0
1299.0,909.3,30,4.0,10119,6474,780,0,0,112,2024,12,26,3,52,361,4,0.4338837391175582,-0.900968867902419,-2.4492935982947064e-16,1.0,-0.0688024268023206,0.9976303053065856,389.7000000000001,0.3,0.1204819277108433,0.896,-13,170.0,182.0,166.0,108.0,149.57142857142858,201.5,166.33333333333334,22.35961495536757,170.0,128.0,779.4,129.89999999999998,277.0,-165.0,1.0
1299.0,1039.2,20,4.2,15306,9787,1344,0,0,95,2025,1,9,3,2,9,1,0.4338837391175582,-0.900968867902419,0.4999999999999999,0.8660254037844387,0.1543088206642811,0.9880226656636976,259.79999999999995,0.1999999999999999,0.1373250229896802,0.7786885245901639,-27,125.0,146.0,107.0,124.0,141.42857142857142,198.57142857142856,166.9,18.65348173806425,112.0,146.0,909.3,129.9000000000001,112.0,-17.0,1.0
1299.0,1039.2,20,3.9,9272,6895,938,0,0,99,2025,1,14,1,3,14,1,0.7818314824680298,0.6234898018587336,0.4999999999999999,0.8660254037844387,0.2386727660059501,0.9711000518829505,259.79999999999995,0.1999999999999999,0.1360406091370558,1.010204081632653,1,122.0,152.0,379.0,106.0,138.0,199.64285714285717,166.83333333333334,19.84103491924204,95.0,82.0,1039.2,0.0,95.0,4.0,1.0
1299.0,779.4,40,4.4,13030,5019,567,0,0,239,2025,1,15,2,3,15,1,0.9749279121818236,-0.2225209339563143,0.4999999999999999,0.8660254037844387,0.255353295116187,0.9668478136052776,519.6,0.4,0.1129707112970711,1.912,114,98.0,118.0,477.0,144.0,130.28571428571428,179.57142857142858,166.56666666666666,23.627062772126585,98.0,118.0,1039.2,-259.80000000000007,99.0,140.0,1.0
1299.0,909.3,30,4.2,15767,5179,601,0,0,151,2025,1,22,2,4,22,1,0.9749279121818236,-0.2225209339563143,0.4999999999999999,0.8660254037844387,0.3697245428906731,0.9291414114031744,389.7000000000001,0.3,0.116045568642595,1.3727272727272728,41,125.0,127.0,393.0,107.0,131.28571428571428,154.42857142857142,165.93333333333334,23.16401149566593,125.0,127.0,779.4,129.89999999999998,239.0,-88.0,1.0
1299.0,649.5,50,4.1,13543,12036,1931,0,0,294,2025,1,28,1,5,28,1,0.7818314824680298,0.6234898018587336,0.4999999999999999,0.8660254037844387,0.4635502709028509,0.886070621534138,649.5,0.5,0.1604353605849119,1.6153846153846154,112,110.0,152.0,121.0,132.0,128.85714285714286,134.21428571428572,166.03333333333333,24.53859933131416,110.0,152.0,909.3,-259.79999999999995,151.0,143.0,1.0
1299.0,1039.2,20,3.8,9359,5741,526,0,1,83,2025,2,1,5,5,32,1,-0.9749279121818236,-0.2225209339563146,0.8660254037844386,0.5000000000000001,0.5234156073655503,0.8520775211013093,259.79999999999995,0.1999999999999999,0.0916216686988329,0.8058252427184466,-20,182.0,170.0,131.0,137.0,133.14285714285714,138.57142857142858,167.7,31.018427702621747,182.0,170.0,649.5,389.7000000000001,294.0,-211.0,1.0
1299.0,779.4,40,4.0,16008,11576,1290,0,1,87,2025,2,2,6,5,33,1,-0.7818314824680299,0.6234898018587334,0.8660254037844386,0.5000000000000001,0.5380051715382996,0.8429415373547828,519.6,0.4,0.1114374568071872,0.5686274509803921,-66,103.0,125.0,182.0,170.0,123.57142857142856,136.57142857142858,166.56666666666666,27.933594725448923,83.0,112.0,1039.2,-259.80000000000007,83.0,4.0,1.0
1299.0,1039.2,20,4.1,12959,6914,832,0,0,117,2025,2,11,1,7,42,1,0.7818314824680298,0.6234898018587336,0.8660254037844386,0.5000000000000001,0.6616346182422783,0.7498264012045686,259.79999999999995,0.1999999999999999,0.1203355510558287,0.975,-3,153.0,122.0,146.0,131.0,127.57142857142856,134.5,166.0,30.09350507366933,87.0,95.0,779.4,259.80000000000007,87.0,30.0,1.0
1299.0,909.3,30,3.9,9761,13384,1814,0,0,305,2025,2,20,3,8,51,1,0.4338837391175582,-0.900968867902419,0.8660254037844386,0.5000000000000001,0.7694148268839378,0.6387494220515272,389.7000000000001,0.3,0.1355349671249252,1.90625,145,120.0,98.0,152.0,157.0,127.28571428571428,132.64285714285714,165.63333333333333,30.16462766063384,117.0,98.0,1039.2,-129.9000000000001,117.0,188.0,1.0
1299.0,779.4,40,4.0,9874,10994,945,0,0,311,2025,2,26,2,9,57,1,0.9749279121818236,-0.2225209339563143,0.8660254037844386,0.5000000000000001,0.8311706263658079,0.5560174366570446,519.6,0.4,0.0859559759869019,1.9316770186335404,150,160.0,125.0,118.0,155.0,136.14285714285714,133.21428571428572,165.73333333333332,29.22001923013466,160.0,125.0,909.3,-129.89999999999998,305.0,6.0,1.0
1299.0,1039.2,20,3.8,15796,6768,1317,0,1,138,2025,3,8,5,10,67,1,-0.9749279121818236,-0.2225209339563146,1.0,6.123233995736766e-17,0.9141279881853336,0.4054257283599973,259.79999999999995,0.1999999999999999,0.1945921985815603,1.4081632653061225,40,161.0,110.0,127.0,112.0,141.28571428571428,136.28571428571428,165.93333333333334,30.087174929494648,161.0,110.0,779.4,259.80000000000007,311.0,-173.0,1.0
1299.0,909.3,30,4.1,15708,12774,1936,0,1,195,2025,3,9,6,10,68,1,-0.7818314824680299,0.6234898018587334,1.0,6.123233995736766e-17,0.9209712877166346,0.3896304495307879,389.7000000000001,0.3,0.1515578518866447,1.25,39,98.0,182.0,152.0,156.0,139.57142857142858,134.21428571428572,165.46666666666667,32.41839571836177,98.0,182.0,1039.2,-129.9000000000001,138.0,57.0,1.0
1299.0,909.3,30,3.9,9736,6902,1055,0,1,219,2025,3,16,6,11,75,1,-0.7818314824680299,0.6234898018587334,1.0,6.123233995736766e-17,0.9611297838723007,0.2760969730974688,389.7000000000001,0.3,0.1528542451463344,1.697674418604651,90,156.0,103.0,170.0,158.0,135.85714285714286,134.5,165.46666666666667,27.925069808497152,156.0,83.0,909.3,0.0,195.0,24.0,1.0
1299.0,1039.2,20,4.1,12993,10114,1269,0,0,184,2025,3,25,1,13,84,1,0.7818314824680298,0.6234898018587336,1.0,6.123233995736766e-17,0.9922222094179324,0.1244792638867891,259.79999999999995,0.1999999999999999,0.1254696460351987,1.472,59,129.0,153.0,125.0,120.0,139.57142857142858,131.57142857142858,164.5,24.32322033816582,129.0,87.0,909.3,129.9000000000001,219.0,-35.0,1.0
1299.0,909.3,30,4.2,13845,6234,801,0,0,174,2025,4,1,1,14,91,2,0.7818314824680298,0.6234898018587336,0.8660254037844387,-0.4999999999999998,0.99999073973619,0.0043035382962442,389.7000000000001,0.3,0.1284889316650625,1.392,49,125.0,120.0,122.0,152.0,135.57142857142858,131.57142857142858,164.66666666666666,24.047571899999166,125.0,117.0,1039.2,-129.9000000000001,184.0,-10.0,1.0
1299.0,1039.2,20,3.9,10857,12863,1894,0,0,236,2025,4,9,2,15,99,2,0.9749279121818236,-0.2225209339563143,0.8660254037844387,-0.4999999999999998,0.9911140639934548,-0.1330147065341959,259.79999999999995,0.1999999999999999,0.1472440332737308,1.6619718309859155,94,125.0,160.0,98.0,166.0,136.28571428571428,131.78571428571428,163.76666666666668,23.577632661161665,125.0,160.0,909.3,129.9000000000001,174.0,62.0,1.0
1299.0,649.5,50,4.0,10680,9359,1509,0,0,322,2025,4,10,3,15,100,2,0.4338837391175582,-0.900968867902419,0.8660254037844387,-0.4999999999999998,0.9886775902323404,-0.1500553983446526,649.5,0.5,0.1612351746981515,1.8941176470588237,152,142.0,161.0,125.0,107.0,133.71428571428572,134.92857142857142,162.96666666666667,21.445390225050154,142.0,161.0,1039.2,-389.7000000000001,236.0,86.0,1.0
1299.0,909.3,30,3.9,17019,11230,1189,0,0,177,2025,4,17,3,16,107,2,0.4338837391175582,-0.900968867902419,0.8660254037844387,-0.4999999999999998,0.9634705485641488,-0.2678143051621742,389.7000000000001,0.3,0.1058771148708815,1.1879194630872485,28,170.0,98.0,110.0,379.0,135.0,138.14285714285714,165.06666666666666,23.52303835250133,170.0,98.0,649.5,259.79999999999995,322.0,-145.0,1.0
1299.0,909.3,30,4.3,7879,11940,1371,0,0,118,2025,4,21,0,17,111,2,0.0,1.0,0.8660254037844387,-0.4999999999999998,0.9427611433904208,-0.3334687789181868,389.7000000000001,0.3,0.114824120603015,0.7468354430379747,-40,149.0,156.0,182.0,477.0,142.28571428571428,140.92857142857142,157.4,17.201882510489323,149.0,156.0,909.3,0.0,177.0,-59.0,1.0
1299.0,909.3,30,4.1,10917,5805,582,0,0,234,2025,4,22,1,17,112,2,0.7818314824680298,0.6234898018587336,0.8660254037844387,-0.4999999999999998,0.9368813462954316,-0.3496474552512284,389.7000000000001,0.3,0.1002583979328165,1.9663865546218489,115,158.0,129.0,103.0,393.0,142.57142857142858,139.21428571428572,146.76666666666668,17.4819634943837,118.0,129.0,909.3,0.0,118.0,116.0,1.0
1299.0,909.3,30,4.3,17493,14031,1661,0,0,210,2025,4,23,2,17,113,2,0.9749279121818236,-0.2225209339563143,0.8660254037844387,-0.4999999999999998,0.9307239310379796,-0.3657225234972689,389.7000000000001,0.3,0.1183807283871427,1.2727272727272727,45,119.0,125.0,153.0,121.0,141.14285714285714,140.35714285714286,137.63333333333333,19.10871155109034,119.0,125.0,909.3,0.0,234.0,-24.0,1.0
1299.0,779.4,40,4.3,10023,10586,1152,0,0,306,2025,4,25,4,17,115,2,-0.433883739117558,-0.9009688679024191,0.8660254037844387,-0.4999999999999998,0.9175836260593936,-0.3975428142825559,519.6,0.4,0.1088229737389004,1.9490445859872607,149,165.0,125.0,120.0,131.0,146.85714285714286,141.21428571428572,139.1,19.4544645384063,165.0,125.0,909.3,-129.89999999999998,210.0,96.0,1.0
1299.0,649.5,50,3.8,8158,8458,825,0,0,269,2025,4,28,0,18,118,2,0.0,1.0,0.8660254037844387,-0.4999999999999998,0.895839290734909,-0.4443781781046132,649.5,0.5,0.0975407897848191,1.6011904761904765,101,157.0,142.0,160.0,182.0,151.42857142857142,143.85714285714286,139.96666666666667,17.07685707672716,157.0,142.0,779.4,-129.89999999999998,306.0,-37.0,1.0
1299.0,909.3,30,3.8,10532,13643,1496,0,0,163,2025,5,1,3,18,121,2,0.4338837391175582,-0.900968867902419,0.4999999999999999,-0.8660254037844387,0.8717063187093218,-0.4900286664290592,389.7000000000001,0.3,0.1096533020596643,1.044871794871795,7,168.0,170.0,161.0,146.0,155.14285714285714,144.42857142857142,139.5,17.506461392186317,168.0,170.0,649.5,259.79999999999995,269.0,-106.0,1.0
1299.0,779.4,40,4.3,12366,8682,961,0,0,249,2025,5,6,1,19,126,2,0.7818314824680298,0.6234898018587336,0.4999999999999999,-0.8660254037844387,0.8263541987239096,-0.5631507242749186,519.6,0.4,0.1106887813867772,1.7054794520547945,103,156.0,149.0,98.0,152.0,153.14285714285714,144.07142857142858,139.83333333333334,16.283207827168958,156.0,149.0,909.3,-129.89999999999998,163.0,86.0,1.0
1299.0,1039.2,20,4.4,12418,8998,930,0,0,88,2025,5,19,0,21,139,2,0.0,1.0,0.4999999999999999,-0.8660254037844387,0.6807734094770161,-0.7324940716135789,259.79999999999995,0.1999999999999999,0.1033563014003111,0.7719298245614035,-26,146.0,158.0,156.0,118.0,152.71428571428572,147.5,139.63333333333333,16.44905555256434,146.0,118.0,779.4,259.80000000000007,249.0,-161.0,1.0
1299.0,1039.2,20,4.4,10815,13909,1860,0,0,134,2025,5,23,4,21,143,2,-0.433883739117558,-0.9009688679024191,0.4999999999999999,-0.8660254037844387,0.6287628145958344,-0.7775971469736269,259.79999999999995,0.1999999999999999,0.1337263642246027,0.9178082191780822,-12,114.0,119.0,129.0,127.0,146.42857142857142,144.5,139.5,21.67069559610318,88.0,119.0,1039.2,0.0,88.0,46.0,1.0
1299.0,779.4,40,4.2,10896,10286,1532,0,0,119,2025,5,28,2,22,148,2,0.9749279121818236,-0.2225209339563143,0.4999999999999999,-0.8660254037844387,0.5595892624101765,-0.8287700871745038,519.6,0.4,0.1489403072136885,0.7125748502994012,-48,146.0,165.0,125.0,152.0,150.28571428571428,145.71428571428572,140.13333333333333,18.080507788905727,134.0,165.0,1039.2,-259.80000000000007,134.0,-15.0,1.0
1299.0,1039.2,20,3.9,15729,11211,1491,0,0,268,2025,6,3,1,23,154,2,0.7818314824680298,0.6234898018587336,1.2246467991473532e-16,-1.0,0.4711595076738638,-0.8820480249558537,259.79999999999995,0.1999999999999999,0.1329943805191329,1.9705882352941175,132,167.0,157.0,125.0,170.0,150.57142857142858,148.71428571428572,140.63333333333333,18.365340026409346,119.0,157.0,779.4,259.80000000000007,119.0,149.0,1.0
1299.0,649.5,50,4.4,10556,12260,1877,0,1,193,2025,6,8,6,23,159,2,-0.7818314824680299,0.6234898018587334,1.2246467991473532e-16,-1.0,0.3935902766564667,-0.9192859697186104,649.5,0.5,0.1530995106035889,1.1488095238095235,25,136.0,168.0,142.0,125.0,147.57142857142858,149.5,139.5,18.849024226352743,136.0,168.0,1039.2,-389.7000000000001,268.0,-75.0,1.0
1299.0,779.4,40,4.0,15282,8667,944,0,0,140,2025,6,9,0,24,160,2,0.0,1.0,1.2246467991473532e-16,-1.0,0.3777079652039649,-0.9259247771938498,519.6,0.4,0.1089188877350871,0.9859154929577464,-2,168.0,156.0,170.0,122.0,147.57142857142858,151.35714285714286,140.93333333333334,18.849024226352743,168.0,156.0,649.5,129.89999999999998,193.0,-53.0,1.0
1299.0,779.4,40,4.3,10428,11154,1369,0,0,124,2025,6,18,2,25,169,2,0.9749279121818236,-0.2225209339563143,1.2246467991473532e-16,-1.0,0.2303056702306122,-0.973118337233262,519.6,0.4,0.1227362381208535,0.8,-31,142.0,146.0,149.0,98.0,145.57142857142858,149.35714285714286,141.6,18.545953223069954,140.0,146.0,779.4,0.0,140.0,-16.0,1.0
1299.0,1039.2,20,4.2,14679,8880,1150,0,0,101,2025,6,19,3,25,170,2,0.4338837391175582,-0.900968867902419,1.2246467991473532e-16,-1.0,0.2135209154397961,-0.9769384927771816,259.79999999999995,0.1999999999999999,0.1295045045045045,0.926605504587156,-8,155.0,114.0,158.0,125.0,146.85714285714286,149.78571428571428,143.5,18.889402420654868,124.0,88.0,779.4,259.80000000000007,124.0,-23.0,1.0
1299.0,909.3,30,4.0,9536,11735,1454,0,0,156,2025,6,24,1,26,175,2,0.7818314824680298,0.6234898018587336,1.2246467991473532e-16,-1.0,0.1287481774525813,-0.99167731989929,389.7000000000001,0.3,0.123902854708138,1.1908396946564883,25,109.0,146.0,119.0,110.0,146.14285714285714,146.28571428571428,142.96666666666667,20.375054776436187,101.0,134.0,1039.2,-129.9000000000001,101.0,55.0,1.0
1299.0,1039.2,20,4.1,17500,10768,1611,0,0,216,2025,6,26,3,26,177,2,0.4338837391175582,-0.900968867902419,1.2246467991473532e-16,-1.0,0.0945367498171991,-0.9955213724144752,259.79999999999995,0.1999999999999999,0.1496099554234769,1.6,81,131.0,167.0,165.0,182.0,144.0,147.14285714285714,143.66666666666666,21.16601048851477,131.0,119.0,909.3,129.9000000000001,156.0,60.0,1.0
1299.0,779.4,40,3.9,10962,7503,828,0,0,226,2025,6,30,0,27,181,2,0.0,1.0,1.2246467991473532e-16,-1.0,0.025818440227133,-0.9996666485105112,519.6,0.4,0.1103558576569372,1.547945205479452,80,135.0,136.0,157.0,103.0,139.42857142857142,145.0,142.1,18.68026715420038,135.0,136.0,1039.2,-259.80000000000007,216.0,10.0,1.0
1299.0,1039.2,20,4.0,10159,8630,996,0,0,119,2025,7,8,1,28,189,3,0.7818314824680298,0.6234898018587336,-0.4999999999999997,-0.8660254037844388,-0.1116590071216944,-0.993746580436178,259.79999999999995,0.1999999999999999,0.1154113557358053,1.1442307692307692,15,146.0,168.0,168.0,153.0,140.85714285714286,144.21428571428572,143.53333333333333,18.75658614485697,146.0,168.0,779.4,259.80000000000007,226.0,-107.0,1.0
1299.0,1039.2,20,3.8,10769,11437,1084,0,0,200,2025,7,11,4,28,192,3,-0.433883739117558,-0.9009688679024191,-0.4999999999999997,-0.8660254037844388,-0.1628070129385164,-0.9866579328916572,259.79999999999995,0.1999999999999999,0.0947800996764886,1.5748031496062993,73,104.0,142.0,156.0,120.0,131.71428571428572,139.64285714285714,141.9,18.918371016149276,104.0,140.0,1039.2,0.0,119.0,81.0,1.0
1299.0,909.3,30,4.5,15844,16314,1744,0,0,203,2025,7,28,0,31,209,3,0.0,1.0,-0.4999999999999997,-0.8660254037844388,-0.4405187843504952,-0.8977433935342336,389.7000000000001,0.3,0.1069020473213191,1.1153846153846154,21,127.0,155.0,146.0,160.0,129.57142857142858,137.57142857142858,142.13333333333333,18.40160448490735,127.0,124.0,1039.2,-129.9000000000001,200.0,3.0,1.0
1299.0,779.4,40,3.8,14136,10261,1458,0,0,76,2025,7,31,3,31,212,3,0.4338837391175582,-0.900968867902419,-0.4999999999999997,-0.8660254037844388,-0.4862727071086902,-0.8738071036110807,519.6,0.4,0.1420914140921937,0.5,-76,182.0,109.0,114.0,161.0,133.42857142857142,140.14285714285714,142.86666666666667,25.91561397341307,182.0,101.0,909.3,-129.89999999999998,203.0,-127.0,1.0
1299.0,1039.2,20,4.4,16207,11391,1860,0,0,90,2025,8,1,4,31,213,3,-0.433883739117558,-0.9009688679024191,-0.8660254037844385,-0.5000000000000004,-0.5012418134457756,-0.8653072543632061,259.79999999999995,0.1999999999999999,0.1632868053726626,0.6382978723404256,-51,152.0,131.0,146.0,98.0,139.57142857142858,142.85714285714286,142.56666666666666,24.199567095693343,76.0,131.0,779.4,259.80000000000007,76.0,14.0,1.0
1299.0,1039.2,20,3.8,8489,6818,873,0,1,118,2025,8,9,5,32,221,3,-0.9749279121818236,-0.2225209339563146,-0.8660254037844385,-0.5000000000000004,-0.6152845999633277,-0.7883050558305253,259.79999999999995,0.1999999999999999,0.128043414491053,1.0925925925925926,10,141.0,135.0,167.0,156.0,141.0,142.5,144.0,23.902580055995,90.0,135.0,1039.2,0.0,90.0,28.0,1.0
1299.0,909.3,30,4.1,9443,11979,1379,0,0,113,2025,8,13,2,33,225,3,0.9749279121818236,-0.2225209339563143,-0.8660254037844385,-0.5000000000000004,-0.6680638642135333,-0.7441039398713608,389.7000000000001,0.3,0.1151181233825861,0.8308823529411765,-23,108.0,146.0,136.0,129.0,137.14285714285714,138.28571428571428,142.4,27.008816902561765,108.0,146.0,1039.2,-129.9000000000001,118.0,-5.0,1.0
1299.0,779.4,40,4.3,16547,7802,776,0,0,97,2025,8,26,1,35,238,3,0.7818314824680298,0.6234898018587336,-0.8660254037844385,-0.5000000000000004,-0.8165380514459157,-0.5772916165517278,519.6,0.4,0.0994616764932068,0.8016528925619835,-24,136.0,104.0,168.0,125.0,135.71428571428572,138.28571428571428,142.63333333333333,26.72523330558614,113.0,104.0,909.3,-129.89999999999998,113.0,-16.0,1.0
1299.0,779.4,40,4.5,13854,9085,950,0,0,226,2025,8,27,2,35,239,3,0.9749279121818236,-0.2225209339563143,-0.8660254037844385,-0.5000000000000004,-0.8263541987239094,-0.5631507242749187,519.6,0.4,0.1045679691799669,1.403726708074534,65,121.0,127.0,142.0,125.0,138.14285714285714,134.92857142857142,142.5,23.996031417912416,97.0,127.0,779.4,0.0,97.0,129.0,1.0
1299.0,909.3,30,4.0,14381,6533,579,0,0,102,2025,8,29,4,35,241,3,-0.433883739117558,-0.9009688679024191,-0.8660254037844385,-0.5000000000000004,-0.8452490573530634,-0.5343725582809785,389.7000000000001,0.3,0.0886269707638144,0.8947368421052632,-12,161.0,182.0,155.0,142.0,143.0,136.28571428571428,143.7,24.792471975714385,161.0,182.0,779.4,129.89999999999998,226.0,-124.0,1.0
1299.0,909.3,30,4.0,9006,9271,880,0,0,251,2025,9,11,3,37,254,3,0.4338837391175582,-0.900968867902419,-1.0,-1.8369701987210294e-16,-0.9427611433904206,-0.333468778918187,389.7000000000001,0.3,0.0949196418940783,1.945736434108527,122,114.0,152.0,109.0,170.0,133.28571428571428,133.35714285714286,142.76666666666668,19.77973951390692,102.0,76.0,909.3,0.0,102.0,149.0,1.0
1299.0,779.4,40,4.4,17172,8222,736,0,1,86,2025,9,21,6,38,264,3,-0.7818314824680299,0.6234898018587334,-1.0,-1.8369701987210294e-16,-0.9859481499638304,-0.1670516255021195,519.6,0.4,0.0895159328630503,0.6013986013986014,-57,129.0,141.0,131.0,149.0,130.0,134.78571428571428,141.4,17.98147194567921,129.0,90.0,909.3,-129.89999999999998,251.0,-165.0,1.0
1299.0,389.7,70,4.2,11590,15725,2414,1,0,233,2025,9,26,4,39,269,3,-0.433883739117558,-0.9009688679024191,-1.0,-1.8369701987210294e-16,-0.99665890175417,-0.0816763953304228,909.3,0.7,0.1535135135135135,0.7396825396825397,-82,143.0,108.0,135.0,158.0,130.28571428571428,135.64285714285714,141.2,18.199947671298684,86.0,108.0,779.4,-389.7,86.0,147.0,1.0
1299.0,649.5,50,4.0,9475,18425,3436,1,1,301,2025,9,28,6,39,271,3,-0.7818314824680299,0.6234898018587334,-1.0,-1.8369701987210294e-16,-0.9988797155850336,-0.0473213883224323,649.5,0.5,0.1864857530529172,0.970967741935484,-9,315.0,136.0,146.0,119.0,159.85714285714286,148.5,146.43333333333334,70.10570250564102,233.0,113.0,389.7,259.8,233.0,68.0,1.0
1299.0,649.5,50,4.5,12728,24795,3388,1,0,698,2025,9,29,0,40,272,3,0.0,1.0,-1.0,-1.8369701987210294e-16,-0.9995462806873572,-0.0301203048469083,649.5,0.5,0.1366404517039725,1.9175824175824177,334,310.0,121.0,104.0,165.0,184.7142857142857,160.21428571428572,152.8,88.63542235042387,301.0,97.0,649.5,0.0,301.0,397.0,1.0
1299.0,779.4,40,3.9,11969,50637,7084,1,0,427,2025,10,3,4,40,276,4,-0.433883739117558,-0.9009688679024191,-0.8660254037844386,0.5000000000000001,-0.9992500112396836,0.0387222808921739,519.6,0.4,0.1398977032604617,0.869653767820774,-64,364.0,161.0,127.0,157.0,219.42857142857144,178.78571428571428,159.43333333333334,105.50332876716406,364.0,161.0,649.5,129.89999999999998,698.0,-271.0,1.0
1299.0,649.5,50,4.2,13976,34747,7962,1,1,537,2025,10,4,5,40,277,4,-0.9749279121818236,-0.2225209339563146,-0.8660254037844386,0.5000000000000001,-0.9984354211555644,0.055916990100603,649.5,0.5,0.2291420842087086,1.325925925925926,132,491.0,114.0,182.0,168.0,266.57142857142856,204.78571428571428,170.56666666666666,142.34097224956813,427.0,102.0,779.4,-129.89999999999998,427.0,110.0,1.0
1299.0,649.5,50,4.2,12915,46044,6979,1,0,660,2025,10,6,0,41,279,4,0.0,1.0,-0.8660254037844386,0.5000000000000001,-0.9959189961471792,0.0902516100310407,649.5,0.5,0.1515724090000868,1.3664596273291925,177,405.0,129.0,152.0,156.0,308.1428571428572,220.7142857142857,178.46666666666667,132.5096582284079,405.0,129.0,649.5,0.0,537.0,123.0,1.0
1299.0,909.3,30,3.8,17152,10459,1216,0,1,255,2025,10,18,5,42,291,4,-0.9749279121818236,-0.2225209339563146,-0.8660254037844386,0.5000000000000001,-0.9562348265919058,0.2926003356333479,389.7000000000001,0.3,0.1162635051152117,1.722972972972973,107,483.0,143.0,141.0,146.0,358.7142857142857,244.3571428571429,189.36666666666667,119.67555345699492,483.0,86.0,649.5,259.79999999999995,660.0,-405.0,1.0
1299.0,1039.2,20,4.4,17503,10789,1118,0,0,171,2025,10,24,4,43,297,4,-0.433883739117558,-0.9009688679024191,-0.8660254037844386,0.5000000000000001,-0.9209712877166348,0.3896304495307877,259.79999999999995,0.1999999999999999,0.1036240615441653,1.425,51,148.0,315.0,108.0,114.0,359.42857142857144,244.8571428571429,189.4333333333333,118.17904092640823,148.0,233.0,909.3,129.9000000000001,255.0,-84.0,1.0
1299.0,1039.2,20,4.2,9786,12486,1256,0,0,286,2025,10,29,2,44,302,4,0.9749279121818236,-0.2225209339563143,-0.8660254037844386,0.5000000000000001,-0.8840675099433637,0.467359217158002,259.79999999999995,0.1999999999999999,0.1005926637834374,1.972413793103448,141,120.0,310.0,136.0,146.0,331.57142857142856,245.7142857142857,189.63333333333333,149.28591934367307,120.0,301.0,1039.2,0.0,171.0,115.0,1.0
1299.0,454.65,65,4.4,12298,30907,3883,1,1,806,2025,11,2,6,44,306,4,-0.7818314824680299,0.6234898018587334,-0.5000000000000004,0.8660254037844384,-0.8498170915275277,0.5270777086423724,844.35,0.65,0.1256349694244022,1.995049504950495,402,145.0,364.0,121.0,167.0,308.0,246.3571428571429,189.6,165.414630550021,145.0,364.0,1039.2,-584.5500000000001,286.0,520.0,1.0
1299.0,779.4,40,4.0,9259,44684,6394,1,0,590,2025,11,4,1,45,308,4,0.7818314824680298,0.6234898018587336,-0.5000000000000004,0.8660254037844384,-0.8311706263658079,0.5560174366570446,519.6,0.4,0.1430937248232029,1.2854030501089324,131,404.0,491.0,161.0,136.0,313.7142857142857,266.57142857142856,197.5,168.33668077765475,404.0,427.0,454.65,324.75,806.0,-216.0,1.0
1299.0,649.5,50,3.9,9096,11960,2532,1,0,549,2025,11,12,2,46,316,4,0.9749279121818236,-0.2225209339563143,-0.5000000000000004,0.8660254037844384,-0.7469720876965551,0.6648553979642866,649.5,0.5,0.2117056856187291,1.967741935483871,270,459.0,405.0,114.0,168.0,309.1428571428572,287.85714285714283,208.26666666666668,163.07199695372634,459.0,405.0,779.4,-129.89999999999998,590.0,-41.0,1.0
1299.0,649.5,50,4.3,16424,15308,1859,0,0,172,2025,11,19,2,47,323,4,0.9749279121818236,-0.2225209339563143,-0.5000000000000004,0.8660254037844384,-0.661634618242279,0.749826401204568,649.5,0.5,0.1214397700548732,0.8958333333333334,-20,279.0,483.0,129.0,142.0,291.1428571428572,299.6428571428572,211.96666666666667,157.589581478206,279.0,483.0,649.5,0.0,549.0,-377.0,1.0
1299.0,909.3,30,4.4,13153,10143,1134,0,0,104,2025,11,28,4,48,332,4,-0.433883739117558,-0.9009688679024191,-0.5000000000000004,0.8660254037844384,-0.5380051715382992,0.8429415373547832,389.7000000000001,0.3,0.1118012422360248,0.7272727272727273,-39,192.0,148.0,143.0,155.0,249.57142857142856,304.1428571428572,213.63333333333333,135.35737529820443,172.0,148.0,649.5,259.79999999999995,172.0,-68.0,1.0
1299.0,909.3,30,3.9,8336,9059,1264,0,0,127,2025,12,8,0,50,342,4,0.0,1.0,-2.4492935982947064e-16,1.0,-0.3856634062436074,0.9226395488404876,389.7000000000001,0.3,0.1395297494204658,1.076271186440678,9,143.0,120.0,315.0,109.0,248.8571428571429,304.1428571428572,213.2333333333333,135.99439764371218,104.0,120.0,909.3,0.0,104.0,23.0,1.0
1299.0,779.4,40,3.8,16630,8984,946,0,0,145,2025,12,12,4,50,346,4,-0.433883739117558,-0.9009688679024191,-2.4492935982947064e-16,1.0,-0.3212696616923651,0.9469877530760752,519.6,0.4,0.1052983081032947,0.9602649006622516,-6,118.0,145.0,310.0,131.0,248.57142857142856,290.07142857142856,213.53333333333333,136.3119671230384,118.0,145.0,909.3,-129.89999999999998,127.0,18.0,1.0
1299.0,1039.2,20,3.9,8323,7547,1020,0,1,208,2025,12,20,5,51,354,4,-0.9749279121818236,-0.2225209339563146,-2.4492935982947064e-16,1.0,-0.1882267098432439,0.9821256058680006,259.79999999999995,0.1999999999999999,0.1351530409434212,1.808695652173913,93,151.0,404.0,364.0,135.0,249.42857142857144,278.7142857142857,214.2,135.56899491016483,145.0,404.0,779.4,259.80000000000007,145.0,63.0,1.0
1299.0,1039.2,20,4.2,9744,7515,1070,0,0,79,2025,12,25,3,52,359,4,0.4338837391175582,-0.900968867902419,-2.4492935982947064e-16,1.0,-0.1031016974474354,0.9946708199115212,259.79999999999995,0.1999999999999999,0.1423819028609447,0.7053571428571429,-33,115.0,459.0,491.0,146.0,208.14285714285717,260.92857142857144,213.53333333333333,124.1778678233072,115.0,459.0,1039.2,0.0,208.0,-129.0,1.0
1299.0,1039.2,20,4.4,9630,13125,1960,0,0,309,2025,12,30,1,1,364,4,0.7818314824680298,0.6234898018587336,-2.4492935982947064e-16,1.0,-0.0172133561558352,0.9998518392091162,259.79999999999995,0.1999999999999999,0.1493333333333333,1.9556962025316456,151,112.0,279.0,405.0,104.0,158.57142857142858,233.8571428571429,212.4,60.04680713925528,79.0,279.0,1039.2,0.0,79.0,230.0,1.0
4999.0,3499.3,30,3.8,11891,5422,661,0,1,96,2023,1,7,5,1,7,1,-0.9749279121818236,-0.2225209339563146,0.4999999999999999,0.8660254037844387,0.1202080448993527,0.9927487224577402,1499.6999999999998,0.3,0.1219107340464773,0.8421052631578947,-18,0.0,0.0,0.0,0.0,0.0,0.0,0.0,0.0,0.0,0.0,0.0,0.0,0.0,0.0,1.0
4999.0,3999.2,20,4.1,14026,7225,598,0,0,154,2023,1,11,2,2,11,1,0.9749279121818236,-0.2225209339563143,0.4999999999999999,0.8660254037844387,0.1882267098432442,0.9821256058680006,999.8000000000002,0.2,0.0827681660899654,1.4128440366972477,45,114.0,0.0,0.0,0.0,0.0,0.0,0.0,0.0,96.0,0.0,3499.3,499.8999999999997,96.0,58.0,1.0
4999.0,3999.2,20,3.9,5899,8759,1242,0,0,212,2023,1,13,4,2,13,1,-0.433883739117558,-0.9009688679024191,0.4999999999999999,0.8660254037844387,0.2219215130041655,0.9750645322571948,999.8000000000002,0.2,0.1417970087909578,1.7096774193548387,88,109.0,0.0,0.0,0.0,0.0,0.0,0.0,0.0,109.0,0.0,3999.2,0.0,154.0,58.0,1.0
4999.0,3999.2,20,4.0,12437,12616,1908,0,0,185,2023,1,16,0,3,16,1,0.0,1.0,0.4999999999999999,0.8660254037844387,0.2719581575341055,0.9623090774541486,999.8000000000002,0.2,0.1512365250475586,1.3214285714285714,45,124.0,0.0,0.0,0.0,0.0,0.0,0.0,0.0,124.0,0.0,3999.2,0.0,212.0,-27.0,1.0
4999.0,2999.4,40,4.3,13189,6935,972,0,0,111,2023,1,24,1,4,24,1,0.7818314824680298,0.6234898018587336,0.4999999999999999,0.8660254037844387,0.401487989205973,0.9158642882672872,1999.6,0.3999999999999999,0.1401586157173756,0.7928571428571428,-29,140.0,0.0,0.0,0.0,0.0,0.0,0.0,0.0,140.0,0.0,3999.2,-999.7999999999996,185.0,-74.0,1.0
4999.0,3499.3,30,4.5,8111,4979,654,0,1,227,2023,2,4,5,5,35,1,-0.9749279121818236,-0.2225209339563146,0.8660254037844386,0.5000000000000001,0.5667017562911176,0.8239230057575542,1499.6999999999998,0.3,0.131351677043583,1.94017094017094,110,140.0,0.0,0.0,0.0,0.0,0.0,0.0,0.0,111.0,0.0,2999.4,499.9000000000001,111.0,116.0,1.0
4999.0,2999.4,40,4.4,13821,12239,1327,0,1,126,2023,2,5,6,5,36,1,-0.7818314824680299,0.6234898018587334,0.8660254037844386,0.5000000000000001,0.5808002734538009,0.8140460935082178,1999.6,0.3999999999999999,0.1084238908407549,0.6923076923076923,-56,117.0,0.0,0.0,0.0,0.0,0.0,0.0,0.0,117.0,0.0,3499.3,-499.9000000000001,227.0,-101.0,1.0
4999.0,2499.5,50,4.1,12928,11568,1641,0,1,319,2023,2,11,5,6,42,1,-0.9749279121818236,-0.2225209339563146,0.8660254037844386,0.5000000000000001,0.6616346182422783,0.7498264012045686,2499.5,0.5,0.141856846473029,1.910179640718563,152,182.0,114.0,0.0,0.0,132.28571428571428,0.0,0.0,25.06467823926921,126.0,96.0,2999.4,-499.9000000000001,126.0,193.0,1.0
4999.0,2999.4,40,4.4,14959,11129,1812,0,0,186,2023,2,14,1,7,45,1,0.7818314824680298,0.6234898018587336,0.8660254037844386,0.5000000000000001,0.699458327051647,0.7146733860429609,1999.6,0.3999999999999999,0.1628178632401833,1.0689655172413792,12,167.0,109.0,0.0,0.0,139.85714285714286,0.0,0.0,26.579619833176523,167.0,109.0,2499.5,499.9000000000001,319.0,-133.0,1.0
4999.0,3999.2,20,3.8,7624,8638,1268,0,0,66,2023,2,15,2,7,46,1,0.9749279121818236,-0.2225209339563143,0.8660254037844386,0.5000000000000001,0.7116566222817746,0.7025274741691571,999.8000000000002,0.2,0.1467932391757351,0.6407766990291263,-37,174.0,124.0,0.0,0.0,149.14285714285714,0.0,0.0,25.32738025292374,174.0,124.0,2999.4,999.7999999999996,186.0,-120.0,1.0
4999.0,3999.2,20,4.2,5989,9369,1189,0,0,170,2023,2,16,3,7,47,1,0.4338837391175582,-0.900968867902419,0.8660254037844386,0.5000000000000001,0.7236440382959124,0.6901733882429719,999.8000000000002,0.2,0.1269078877148041,1.2056737588652482,29,103.0,140.0,0.0,0.0,146.14285714285714,0.0,0.0,29.672819051721245,66.0,140.0,3999.2,0.0,66.0,104.0,1.0
4999.0,3999.2,20,4.2,14111,9839,1104,0,1,192,2023,2,18,5,7,49,1,-0.9749279121818236,-0.2225209339563146,0.8660254037844386,0.5000000000000001,0.7469720876965552,0.6648553979642865,999.8000000000002,0.2,0.112206525053359,1.641025641025641,75,141.0,140.0,0.0,0.0,146.28571428571428,0.0,0.0,29.640705601780624,141.0,111.0,3999.2,0.0,170.0,22.0,1.0
4999.0,3499.3,30,3.9,6710,13573,1697,0,1,275,2023,2,26,6,8,57,1,-0.7818314824680299,0.6234898018587334,0.8660254037844386,0.5000000000000001,0.8311706263658079,0.5560174366570446,1499.6999999999998,0.3,0.1250276283798718,1.6666666666666667,110,117.0,117.0,0.0,0.0,143.0,0.0,0.0,31.659648345067477,117.0,117.0,3999.2,-499.8999999999997,192.0,83.0,1.0
4999.0,3499.3,30,3.9,6216,6837,873,0,0,240,2023,3,9,3,10,68,1,0.4338837391175582,-0.900968867902419,1.0,6.123233995736766e-17,0.9209712877166346,0.3896304495307879,1499.6999999999998,0.3,0.1276875822729267,1.8604651162790695,111,165.0,182.0,0.0,0.0,149.85714285714286,0.0,0.0,30.256837086453555,165.0,126.0,3499.3,0.0,275.0,-35.0,1.0
4999.0,3499.3,30,4.1,5983,14068,1829,0,0,322,2023,3,13,0,11,72,1,0.0,1.0,1.0,6.123233995736766e-17,0.9455963874271426,0.3253420847119801,1499.6999999999998,0.3,0.1300113733295422,1.84,147,129.0,167.0,114.0,0.0,142.28571428571428,137.28571428571428,0.0,27.36612434936233,129.0,167.0,3499.3,0.0,240.0,82.0,1.0
4999.0,3499.3,30,4.0,11497,5464,542,0,1,125,2023,3,18,5,11,77,1,-0.9749279121818236,-0.2225209339563146,1.0,6.123233995736766e-17,0.9700639218515072,0.2428497220959356,1499.6999999999998,0.3,0.0991947291361639,1.3440860215053765,32,175.0,174.0,109.0,0.0,143.42857142857142,141.64285714285714,0.0,28.704570732766257,175.0,174.0,3499.3,0.0,322.0,-197.0,1.0
4999.0,3999.2,20,4.0,12477,10416,1293,0,0,115,2023,3,21,1,12,80,1,0.7818314824680298,0.6234898018587336,1.0,6.123233995736766e-17,0.9813064702716092,0.1924515819708299,999.8000000000002,0.2,0.1241359447004608,0.9583333333333334,-5,93.0,103.0,124.0,0.0,131.85714285714286,140.5,0.0,30.591003968642852,93.0,66.0,3499.3,499.8999999999997,125.0,-10.0,1.0
4999.0,2999.4,40,3.8,10369,13999,1526,0,0,190,2023,3,23,3,12,82,1,0.4338837391175582,-0.900968867902419,1.0,6.123233995736766e-17,0.9873494423939864,0.1585593851031347,1999.6,0.3999999999999999,0.1090077862704479,1.1242603550295858,21,120.0,141.0,140.0,0.0,134.28571428571428,140.21428571428572,0.0,28.523173536116698,115.0,141.0,3999.2,-999.7999999999996,115.0,75.0,1.0
4999.0,3499.3,30,4.0,8845,13872,1735,0,1,146,2023,3,25,5,12,84,1,-0.9749279121818236,-0.2225209339563146,1.0,6.123233995736766e-17,0.9922222094179324,0.1244792638867891,1499.6999999999998,0.3,0.1250720876585928,0.9125,-14,169.0,117.0,140.0,0.0,138.28571428571428,142.28571428571428,0.0,31.43625447215516,169.0,117.0,2999.4,499.9000000000001,190.0,-44.0,1.0
4999.0,3999.2,20,4.3,10532,9144,1087,0,0,127,2023,4,3,0,14,93,2,0.0,1.0,0.8660254037844387,-0.4999999999999998,0.9995462806873572,-0.0301203048469081,999.8000000000002,0.2,0.1188757655293088,0.9921875,-1,160.0,165.0,117.0,0.0,144.42857142857142,143.71428571428572,0.0,30.778006990149883,146.0,165.0,3499.3,499.8999999999997,146.0,-19.0,1.0
4999.0,3499.3,30,4.2,6290,7876,1492,0,0,127,2023,4,13,3,15,103,2,0.4338837391175582,-0.900968867902419,0.8660254037844387,-0.4999999999999998,0.97961369164549,-0.200890555130635,1499.6999999999998,0.3,0.1894362620619603,1.0583333333333331,7,128.0,129.0,182.0,0.0,139.14285714285714,144.5,0.0,29.818498572913715,127.0,129.0,3999.2,-499.8999999999997,127.0,0.0,1.0
4999.0,3499.3,30,4.3,11349,16710,1787,0,1,210,2023,4,22,5,16,112,2,-0.9749279121818236,-0.2225209339563146,0.8660254037844387,-0.4999999999999998,0.9368813462954316,-0.3496474552512284,1499.6999999999998,0.3,0.1069419509275882,1.3125,50,120.0,175.0,167.0,0.0,137.85714285714286,140.07142857142858,0.0,30.51463349186513,120.0,175.0,3499.3,0.0,127.0,83.0,1.0
4999.0,3999.2,20,4.3,8787,6887,586,0,1,123,2023,4,23,6,16,113,2,-0.7818314824680299,0.6234898018587334,0.8660254037844387,-0.4999999999999998,0.9307239310379796,-0.3657225234972689,999.8000000000002,0.2,0.0850878466676346,1.0423728813559323,5,160.0,93.0,174.0,0.0,135.71428571428572,139.57142857142858,0.0,27.88496778860302,160.0,93.0,3499.3,499.8999999999997,210.0,-87.0,1.0
4999.0,3499.3,30,4.3,6985,8605,841,0,0,92,2023,5,2,1,18,122,2,0.7818314824680298,0.6234898018587336,0.4999999999999999,-0.8660254037844387,0.8631421280499114,-0.5049610547215204,1499.6999999999998,0.3,0.0977338756536897,0.736,-33,118.0,120.0,103.0,0.0,139.28571428571428,135.57142857142858,0.0,22.60320247010945,118.0,115.0,3999.2,-499.8999999999997,123.0,-31.0,1.0
4999.0,3499.3,30,4.0,11310,10279,1886,0,0,109,2023,5,4,3,18,124,2,0.4338837391175582,-0.900968867902419,0.4999999999999999,-0.8660254037844387,0.8452490573530633,-0.5343725582809786,1499.6999999999998,0.3,0.1834808833544119,0.7364864864864865,-39,125.0,169.0,141.0,0.0,140.0,137.14285714285714,0.0,21.96208854670551,92.0,169.0,3499.3,0.0,92.0,17.0,1.0
4999.0,3999.2,20,4.5,11587,13142,1835,0,1,319,2023,5,6,5,18,126,2,-0.9749279121818236,-0.2225209339563146,0.4999999999999999,-0.8660254037844387,0.8263541987239096,-0.5631507242749186,999.8000000000002,0.2,0.1396286714350935,1.969135802469136,157,148.0,160.0,117.0,0.0,137.0,137.64285714285714,0.0,18.502252115170545,109.0,146.0,3499.3,499.8999999999997,109.0,210.0,1.0
4999.0,2999.4,40,4.3,8933,6790,601,0,0,119,2023,5,9,1,19,129,2,0.7818314824680298,0.6234898018587336,0.4999999999999999,-0.8660254037844387,0.7961828637826158,-0.6050560696488488,1999.6,0.3999999999999999,0.0885125184094256,0.8380281690140845,-23,162.0,128.0,165.0,0.0,137.28571428571428,140.85714285714286,0.0,18.92717874481284,162.0,127.0,3999.2,-999.7999999999996,319.0,-200.0,1.0
4999.0,2499.5,50,3.8,15404,11203,1664,0,0,332,2023,5,17,2,20,137,2,0.9749279121818236,-0.2225209339563143,0.4999999999999999,-0.8660254037844387,0.705583610107178,-0.7086266782644596,2499.5,0.5,0.1485316433098277,1.8863636363636365,156,142.0,120.0,129.0,0.0,139.28571428571428,139.21428571428572,0.0,18.51768781205585,119.0,120.0,2999.4,-499.9000000000001,119.0,213.0,1.0
4999.0,3999.2,20,3.8,11828,7555,553,0,0,124,2023,5,23,1,21,143,2,0.7818314824680298,0.6234898018587336,0.4999999999999999,-0.8660254037844387,0.6287628145958344,-0.7775971469736269,999.8000000000002,0.2,0.0731965585704831,0.96875,-4,176.0,160.0,175.0,0.0,147.28571428571428,142.57142857142858,0.0,20.75824563648776,176.0,160.0,2499.5,1499.6999999999998,332.0,-208.0,1.0
4999.0,3499.3,30,4.4,6753,13314,1785,0,1,248,2023,5,28,6,21,148,2,-0.7818314824680299,0.6234898018587334,0.4999999999999999,-0.8660254037844387,0.5595892624101765,-0.8287700871745038,1499.6999999999998,0.3,0.1340694006309148,1.530864197530864,86,128.0,118.0,93.0,0.0,142.71428571428572,139.21428571428572,0.0,21.013601037695302,124.0,118.0,3999.2,-499.8999999999997,124.0,124.0,1.0
4999.0,3999.2,20,4.1,14175,9722,1622,0,0,141,2023,6,6,1,23,157,2,0.7818314824680298,0.6234898018587336,1.2246467991473532e-16,-1.0,0.4250003399695541,-0.9051931898913974,999.8000000000002,0.2,0.1668380991565521,1.0444444444444445,6,162.0,125.0,120.0,114.0,149.0,144.14285714285714,140.26666666666668,18.85912687975421,162.0,92.0,3499.3,499.8999999999997,248.0,-107.0,1.0
4999.0,2999.4,40,4.0,7457,8693,1686,0,0,100,2023,6,9,4,23,160,2,-0.433883739117558,-0.9009688679024191,1.2246467991473532e-16,-1.0,0.3777079652039649,-0.9259247771938498,1999.6,0.3999999999999999,0.1939491544921201,0.6493506493506493,-54,135.0,148.0,169.0,109.0,150.42857142857142,145.21428571428572,140.96666666666667,17.027988165146883,135.0,109.0,3999.2,-999.7999999999996,141.0,-41.0,1.0
4999.0,2999.4,40,4.0,9277,6195,1220,0,0,122,2023,6,13,1,24,164,2,0.7818314824680298,0.6234898018587336,1.2246467991473532e-16,-1.0,0.3131070409358269,-0.9497178427914316,1999.6,0.3999999999999999,0.1969330104923325,1.0252100840336134,3,154.0,162.0,160.0,124.0,151.28571428571428,144.14285714285714,142.46666666666667,17.036375648537945,100.0,162.0,2999.4,0.0,100.0,22.0,1.0
4999.0,3499.3,30,4.2,15251,6951,510,0,0,104,2023,6,14,2,24,165,2,0.9749279121818236,-0.2225209339563143,1.2246467991473532e-16,-1.0,0.2967128192734907,-0.9549667548552552,1499.6999999999998,0.3,0.073370738023306,0.8062015503875969,-25,119.0,142.0,128.0,140.0,145.14285714285714,141.21428571428572,142.3,20.020227866073984,119.0,119.0,2999.4,499.9000000000001,122.0,-18.0,1.0
4999.0,2999.4,40,4.5,13530,5574,501,0,0,178,2023,6,16,4,24,167,2,-0.433883739117558,-0.9009688679024191,1.2246467991473532e-16,-1.0,0.263665492728007,-0.9646141756912436,1999.6,0.3999999999999999,0.0898815931108719,1.4015748031496065,51,129.0,176.0,120.0,140.0,143.28571428571428,141.28571428571428,141.93333333333334,20.94209704331039,104.0,176.0,3499.3,-499.9000000000001,104.0,74.0,1.0
4999.0,3999.2,20,3.9,12515,4716,589,0,1,151,2023,6,17,5,24,168,2,-0.9749279121818236,-0.2225209339563146,1.2246467991473532e-16,-1.0,0.2470221804809355,-0.9690098257244062,999.8000000000002,0.2,0.124893977947413,1.641304347826087,59,127.0,128.0,160.0,117.0,136.28571428571428,141.78571428571428,141.5,15.72380663955444,127.0,124.0,2999.4,999.7999999999996,178.0,-27.0,1.0
4999.0,2499.5,50,4.5,8896,9314,1607,0,0,94,2023,6,19,0,25,170,2,0.0,1.0,1.2246467991473532e-16,-1.0,0.2135209154397961,-0.9769384927771816,2499.5,0.5,0.172535967360962,0.5340909090909091,-82,92.0,162.0,118.0,182.0,131.14285714285714,136.92857142857142,140.66666666666666,23.06099572458928,92.0,162.0,3999.2,-1499.6999999999998,151.0,-57.0,1.0
4999.0,3999.2,20,4.0,7073,14883,1824,0,0,132,2023,6,21,2,25,172,2,0.9749279121818236,-0.2225209339563143,1.2246467991473532e-16,-1.0,0.1797665857255624,-0.9837092937736096,999.8000000000002,0.2,0.1225559363031646,0.8461538461538461,-24,176.0,135.0,125.0,167.0,133.14285714285714,141.07142857142858,140.46666666666667,26.52940865925068,94.0,135.0,2499.5,1499.6999999999998,94.0,38.0,1.0
4999.0,2999.4,40,4.3,6922,6905,685,0,0,84,2023,6,26,0,26,177,2,0.0,1.0,1.2246467991473532e-16,-1.0,0.0945367498171991,-0.9955213724144752,1999.6,0.3999999999999999,0.0992034757422157,0.6511627906976745,-45,156.0,154.0,148.0,174.0,136.14285714285714,143.28571428571428,140.1,27.92506980849869,132.0,100.0,3999.2,-999.7999999999996,132.0,-48.0,1.0
4999.0,3999.2,20,4.4,10182,4886,817,0,0,136,2023,6,28,2,26,179,2,0.9749279121818236,-0.2225209339563143,1.2246467991473532e-16,-1.0,0.060213277365793,-0.9981855344718586,999.8000000000002,0.2,0.1672124437167417,1.2830188679245282,30,129.0,119.0,162.0,103.0,132.57142857142858,141.92857142857142,138.6,26.838139173305503,84.0,119.0,2999.4,999.7999999999996,84.0,52.0,1.0
4999.0,3999.2,20,4.3,13756,4974,565,0,0,102,2023,6,29,3,26,180,2,0.4338837391175582,-0.900968867902419,1.2246467991473532e-16,-1.0,0.0430222330045305,-0.99907411510223,999.8000000000002,0.2,0.1135906714917571,1.3421052631578947,26,106.0,129.0,142.0,141.0,130.71428571428572,137.92857142857142,138.7,28.34145541848718,106.0,104.0,3999.2,0.0,136.0,-34.0,1.0
4999.0,3499.3,30,3.9,11819,14387,1799,0,1,78,2023,7,1,5,26,182,3,-0.9749279121818236,-0.2225209339563146,-0.4999999999999997,-0.8660254037844388,0.0086069968886886,-0.9999629591162656,1499.6999999999998,0.3,0.1250434419962466,0.4968152866242038,-79,76.0,127.0,176.0,117.0,123.14285714285714,133.21428571428572,136.53333333333333,35.139856627617654,76.0,127.0,3999.2,-499.8999999999997,102.0,-24.0,1.0
4999.0,3999.2,20,4.0,5833,9730,1296,0,0,133,2023,7,4,1,27,185,3,0.7818314824680298,0.6234898018587336,-0.4999999999999997,-0.8660254037844388,-0.0430222330045303,-0.99907411510223,999.8000000000002,0.2,0.1331963001027749,1.023076923076923,3,157.0,92.0,128.0,165.0,127.42857142857144,131.85714285714286,137.86666666666667,37.44265456604782,78.0,92.0,3499.3,499.8999999999997,78.0,55.0,1.0
4999.0,3999.2,20,4.5,10900,13717,1707,0,0,228,2023,7,6,3,27,187,3,0.4338837391175582,-0.900968867902419,-0.4999999999999997,-0.8660254037844388,-0.0773864792334632,-0.9970011699250152,999.8000000000002,0.2,0.1244441204344973,1.4522292993630572,71,130.0,176.0,162.0,129.0,132.85714285714286,132.0,136.7,34.05108207496777,130.0,94.0,3999.2,0.0,133.0,95.0,1.0
4999.0,2999.4,40,4.2,6553,8969,844,0,1,72,2023,7,9,6,27,190,3,-0.7818314824680299,0.6234898018587334,-0.4999999999999997,-0.8660254037844388,-0.1287481774525806,-0.99167731989929,1999.6,0.3999999999999999,0.0941019065670643,0.496551724137931,-73,157.0,156.0,135.0,175.0,130.14285714285714,131.64285714285714,137.63333333333333,30.62367587030539,157.0,132.0,3999.2,-999.7999999999996,228.0,-156.0,1.0
4999.0,3499.3,30,4.1,12056,11549,1315,0,1,194,2023,7,15,5,28,196,3,-0.9749279121818236,-0.2225209339563146,-0.4999999999999997,-0.8660254037844388,-0.2303056702306119,-0.973118337233262,1499.6999999999998,0.3,0.1138626720928218,1.2435897435897436,38,145.0,129.0,154.0,93.0,128.57142857142858,132.35714285714286,136.63333333333333,29.3306275808363,72.0,84.0,2999.4,499.9000000000001,72.0,122.0,1.0
4999.0,2999.4,40,4.2,13803,6130,906,0,0,112,2023,7,17,0,29,198,3,0.0,1.0,-0.4999999999999997,-0.8660254037844388,-0.2636654927280072,-0.9646141756912436,1999.6,0.3999999999999999,0.1477977161500815,0.8421052631578947,-21,156.0,106.0,119.0,120.0,132.42857142857142,132.5,138.73333333333332,31.117289635919693,156.0,106.0,3499.3,-499.9000000000001,194.0,-82.0,1.0
4999.0,3499.3,30,4.3,12387,7101,589,0,0,114,2023,7,20,3,29,201,3,0.4338837391175582,-0.900968867902419,-0.4999999999999997,-0.8660254037844388,-0.3131070409358267,-0.9497178427914316,1499.6999999999998,0.3,0.082946063934657,0.957983193277311,-5,133.0,76.0,129.0,169.0,136.28571428571428,133.5,139.16666666666666,28.88894993888545,112.0,76.0,2999.4,499.9000000000001,112.0,2.0,1.0
4999.0,3999.2,20,4.1,11904,8769,1219,0,1,97,2023,7,23,6,29,204,3,-0.7818314824680299,0.6234898018587334,-0.4999999999999997,-0.8660254037844388,-0.3617137307297674,-0.9322892131745134,999.8000000000002,0.2,0.1390124301516706,0.7886178861788617,-26,119.0,157.0,127.0,160.0,142.42857142857142,132.78571428571428,137.5,15.31727938045947,114.0,78.0,3499.3,499.8999999999997,114.0,-17.0,1.0
4999.0,3999.2,20,4.0,8794,13185,1749,0,0,282,2023,7,25,1,30,206,3,0.7818314824680298,0.6234898018587336,-0.4999999999999997,-0.8660254037844388,-0.3935902766564664,-0.9192859697186104,999.8000000000002,0.2,0.132650739476678,1.9054054054054053,134,123.0,130.0,92.0,128.0,137.57142857142858,132.5,136.26666666666668,15.31727938045947,97.0,130.0,3999.2,0.0,97.0,185.0,1.0
4999.0,3499.3,30,4.0,13056,8827,841,0,1,93,2023,7,30,6,30,211,3,-0.7818314824680299,0.6234898018587334,-0.4999999999999997,-0.8660254037844388,-0.4711595076738639,-0.8820480249558535,1499.6999999999998,0.3,0.0952758581624561,0.788135593220339,-25,148.0,157.0,176.0,120.0,140.14285714285714,136.5,136.93333333333334,15.345233477408923,148.0,157.0,3999.2,-499.8999999999997,282.0,-189.0,1.0
4999.0,3499.3,30,4.0,6294,16373,1965,0,0,302,2023,7,31,0,31,212,3,0.0,1.0,-0.4999999999999997,-0.8660254037844388,-0.4862727071086902,-0.8738071036110807,1499.6999999999998,0.3,0.1200146582788737,1.8303030303030303,137,118.0,145.0,156.0,160.0,134.57142857142858,132.35714285714286,136.86666666666667,15.284601650649869,93.0,72.0,3499.3,0.0,93.0,209.0,1.0
4999.0,2499.5,50,4.2,11610,11402,1334,0,1,230,2023,8,5,5,31,217,3,-0.9749279121818236,-0.2225209339563146,-0.8660254037844385,-0.5000000000000004,-0.5595892624101763,-0.828770087174504,2499.5,0.5,0.1169970180670057,1.306818181818182,54,165.0,156.0,129.0,118.0,137.42857142857142,133.0,137.03333333333333,18.981193700231696,165.0,156.0,3499.3,-999.8000000000002,302.0,-72.0,1.0
4999.0,2999.4,40,4.4,13347,7587,572,0,0,281,2023,8,7,0,32,219,3,0.0,1.0,-0.8660254037844385,-0.5000000000000004,-0.5877852522924734,-0.8090169943749472,1999.6,0.3999999999999999,0.0753921180967444,1.9513888888888888,137,176.0,133.0,106.0,125.0,140.28571428571428,136.35714285714286,138.96666666666667,23.26452439312045,176.0,112.0,2499.5,499.9000000000001,230.0,51.0,1.0
4999.0,3499.3,30,3.9,14776,5812,564,0,0,189,2023,8,17,3,33,229,3,0.4338837391175582,-0.900968867902419,-0.8660254037844385,-0.5000000000000004,-0.7176769136759615,-0.6963762255968726,1499.6999999999998,0.3,0.0970406056434962,1.83495145631068,86,144.0,119.0,76.0,148.0,141.85714285714286,139.07142857142858,139.6,23.06099572458928,144.0,114.0,2999.4,499.9000000000001,281.0,-92.0,1.0
4999.0,3499.3,30,4.0,12870,6328,741,0,1,82,2023,8,20,6,33,232,3,-0.7818314824680299,0.6234898018587334,-0.8660254037844385,-0.5000000000000004,-0.7526668275320083,-0.6584015846980489,1499.6999999999998,0.3,0.1170986093552465,0.6612903225806451,-42,103.0,123.0,157.0,162.0,139.57142857142858,141.0,138.1,26.27328898873751,103.0,97.0,3499.3,0.0,189.0,-107.0,1.0
4999.0,3999.2,20,3.9,13212,12441,1746,0,0,241,2023,8,25,4,34,237,3,-0.433883739117558,-0.9009688679024191,-0.8660254037844385,-0.5000000000000004,-0.8064799463209447,-0.5912614448635782,999.8000000000002,0.2,0.1403424162044851,1.8828125,113,124.0,148.0,130.0,142.0,139.71428571428572,138.64285714285714,136.83333333333334,26.170685163074413,82.0,148.0,3499.3,499.8999999999997,82.0,159.0,1.0
4999.0,2999.4,40,4.0,11321,10083,1269,0,1,106,2023,8,27,6,34,239,3,-0.7818314824680299,0.6234898018587334,-0.8660254037844385,-0.5000000000000004,-0.8263541987239094,-0.5631507242749187,1999.6,0.3999999999999999,0.1258554001785183,0.7066666666666667,-44,128.0,118.0,157.0,176.0,136.85714285714286,138.5,136.36666666666667,26.20705103229902,128.0,93.0,3999.2,-999.7999999999996,241.0,-135.0,1.0
4999.0,3999.2,20,4.2,9912,14466,1567,0,0,238,2023,9,1,4,35,244,3,-0.433883739117558,-0.9009688679024191,-1.0,-1.8369701987210294e-16,-0.8717063187093217,-0.4900286664290594,999.8000000000002,0.2,0.1083229641918982,1.5973154362416109,89,150.0,165.0,145.0,128.0,141.42857142857142,138.0,135.5,25.138663070107413,106.0,165.0,2999.4,999.7999999999996,106.0,132.0,1.0
4999.0,3499.3,30,4.2,9143,5096,710,0,1,129,2023,9,9,5,36,252,3,-0.9749279121818236,-0.2225209339563146,-1.0,-1.8369701987210294e-16,-0.9307239310379792,-0.3657225234972692,1499.6999999999998,0.3,0.1393249607535321,1.1944444444444444,21,149.0,176.0,156.0,162.0,139.14285714285714,138.28571428571428,136.2,23.29827297911854,149.0,176.0,3999.2,-499.8999999999997,238.0,-109.0,1.0
4999.0,2999.4,40,4.4,14379,8570,1239,0,1,184,2023,9,10,6,36,253,3,-0.7818314824680299,0.6234898018587334,-1.0,-1.8369701987210294e-16,-0.9368813462954316,-0.3496474552512282,1999.6,0.3999999999999999,0.1445740956826137,1.3237410071942446,45,108.0,144.0,133.0,135.0,129.42857142857142,134.85714285714286,134.4,19.18208489587047,108.0,144.0,3499.3,-499.9000000000001,129.0,55.0,1.0
4999.0,3999.2,20,3.8,12162,9615,1209,0,0,116,2023,9,13,2,37,256,3,0.9749279121818236,-0.2225209339563143,-1.0,-1.8369701987210294e-16,-0.9536809966304456,-0.300819807635668,999.8000000000002,0.2,0.1257410296411856,0.8721804511278195,-17,139.0,103.0,119.0,154.0,128.71428571428572,135.28571428571428,134.53333333333333,18.63432572534076,139.0,103.0,2999.4,999.7999999999996,184.0,-68.0,1.0
4999.0,3999.2,20,4.3,15613,5222,704,0,0,131,2023,9,18,0,38,261,3,0.0,1.0,-1.0,-1.8369701987210294e-16,-0.9760105506323682,-0.2177232303965322,999.8000000000002,0.2,0.1348142474147836,1.3645833333333333,35,133.0,124.0,123.0,119.0,133.0,136.28571428571428,133.83333333333334,14.787382008545936,116.0,82.0,3999.2,0.0,116.0,15.0,1.0
4999.0,2499.5,50,3.9,6472,13673,1593,0,0,250,2023,9,19,1,38,262,3,0.7818314824680298,0.6234898018587336,-1.0,-1.8369701987210294e-16,-0.97961369164549,-0.2008905551306352,2499.5,0.5,0.1165069845681269,1.3736263736263736,68,96.0,128.0,148.0,129.0,129.0,134.35714285714286,133.06666666666666,20.36336579906838,96.0,128.0,3999.2,-1499.6999999999998,131.0,119.0,1.0
4999.0,3999.2,20,4.1,14809,7907,782,0,0,155,2023,10,24,1,43,297,4,0.7818314824680298,0.6234898018587336,-0.8660254037844386,0.5000000000000001,-0.9209712877166348,0.3896304495307877,999.8000000000002,0.2,0.0988997091185026,1.648936170212766,61,182.0,150.0,118.0,127.0,136.71428571428572,136.78571428571428,134.83333333333334,28.517329735409955,182.0,106.0,2499.5,1499.6999999999998,250.0,-95.0,1.0
4999.0,3999.2,20,4.5,7697,9507,1867,0,0,73,2023,10,27,4,43,300,4,-0.433883739117558,-0.9009688679024191,-0.8660254037844386,0.5000000000000001,-0.8996308696522434,0.4366512319560638,999.8000000000002,0.2,0.196381613547912,0.6403508771929824,-41,94.0,149.0,165.0,92.0,128.71428571428572,135.07142857142858,133.73333333333332,31.83140108820371,94.0,149.0,3999.2,0.0,155.0,-82.0,1.0
4999.0,2499.5,50,4.2,15016,31606,6305,1,0,574,2023,11,2,3,44,306,4,0.4338837391175582,-0.900968867902419,-0.5000000000000004,0.8660254037844384,-0.8498170915275277,0.5270777086423724,2499.5,0.5,0.1994874390938429,1.4458438287153652,177,114.0,108.0,176.0,176.0,123.71428571428572,131.42857142857142,134.46666666666667,30.84755141938221,73.0,108.0,3999.2,-1499.6999999999998,73.0,501.0,1.0
4999.0,1999.6,60,4.0,7765,16908,2575,1,0,478,2023,11,9,3,45,313,4,0.4338837391175582,-0.900968867902419,-0.5000000000000004,0.8660254037844384,-0.780295851070776,0.6254105729852457,2999.4,0.6,0.1522947717057014,1.5078864353312302,161,397.0,139.0,144.0,156.0,165.0,147.21428571428572,141.83333333333334,106.62707598604275,397.0,139.0,2499.5,-499.9000000000001,574.0,-96.0,1.0
4999.0,1499.7,70,3.9,12258,14649,2123,1,1,295,2023,11,12,6,45,316,4,-0.7818314824680299,0.6234898018587334,-0.5000000000000004,0.8660254037844384,-0.7469720876965551,0.6648553979642866,3499.3,0.7000000000000001,0.1449245682299133,0.9076923076923076,-30,317.0,133.0,103.0,129.0,190.42857142857144,159.57142857142858,147.2,119.80380787334092,317.0,116.0,1999.6,-499.8999999999999,478.0,-183.0,1.0
4999.0,3499.3,30,4.2,14097,12203,1739,0,0,246,2023,11,21,1,47,325,4,0.7818314824680298,0.6234898018587336,-0.5000000000000004,0.8660254037844384,-0.6354323008901775,0.7721565844991641,1499.6999999999998,0.3,0.1425059411620093,1.8088235294117647,110,325.0,96.0,124.0,106.0,217.8571428571429,175.42857142857142,153.73333333333332,126.26879869472712,295.0,96.0,1499.7,1999.6,295.0,-49.0,1.0
4999.0,3499.3,30,4.3,10759,7311,1405,0,0,70,2023,11,24,4,47,328,4,-0.433883739117558,-0.9009688679024191,-0.5000000000000004,0.8660254037844384,-0.594726686960764,0.8039279618328208,1499.6999999999998,0.3,0.1921761728901655,0.693069306930693,-31,136.0,182.0,128.0,76.0,223.57142857142856,176.28571428571428,154.73333333333332,120.61351104921474,136.0,182.0,3499.3,0.0,246.0,-176.0,1.0
4999.0,3999.2,20,4.1,10887,11306,1441,0,0,162,2023,11,27,0,48,331,4,0.0,1.0,-0.5000000000000004,0.8660254037844384,-0.5524353131676203,0.8335557718385695,999.8000000000002,0.2,0.1274544489651512,1.255813953488372,33,101.0,94.0,150.0,157.0,212.0,174.35714285714286,155.56666666666666,128.86944297750856,70.0,94.0,3499.3,499.8999999999997,70.0,92.0,1.0
4999.0,3999.2,20,4.2,13909,15907,1903,0,0,266,2023,11,29,2,48,333,4,0.9749279121818236,-0.2225209339563143,-0.5000000000000004,0.8660254037844384,-0.5234156073655503,0.8520775211013093,999.8000000000002,0.2,0.1196328660338215,1.592814371257485,99,129.0,114.0,149.0,130.0,217.0,172.85714285714286,154.63333333333333,124.1195660106281,129.0,73.0,3999.2,0.0,162.0,104.0,1.0
4999.0,3499.3,30,4.0,15097,13043,1680,0,0,148,2023,12,6,2,49,340,4,0.9749279121818236,-0.2225209339563143,-2.4492935982947064e-16,1.0,-0.4171936026123169,0.9088176373395028,1499.6999999999998,0.3,0.1288047228398374,0.8757396449704142,-21,167.0,397.0,108.0,157.0,224.57142857142856,174.14285714285714,155.86666666666667,118.26785579474124,167.0,397.0,3999.2,-499.8999999999997,266.0,-118.0,1.0
4999.0,3999.2,20,4.0,6260,11593,1536,0,1,83,2023,12,9,5,49,343,4,-0.9749279121818236,-0.2225209339563146,-2.4492935982947064e-16,1.0,-0.3697245428906732,0.9291414114031744,999.8000000000002,0.2,0.1324937462261709,0.6535433070866141,-44,169.0,317.0,139.0,145.0,192.0,178.5,156.26666666666668,91.1537163257758,148.0,317.0,3499.3,499.8999999999997,148.0,-65.0,1.0
4999.0,3999.2,20,3.9,6721,7682,886,0,1,69,2023,12,16,5,50,350,4,-0.9749279121818236,-0.2225209339563146,-2.4492935982947064e-16,1.0,-0.2553532951161881,0.9668478136052772,999.8000000000002,0.2,0.1153345482947149,0.5897435897435898,-48,127.0,325.0,133.0,156.0,164.85714285714286,177.64285714285714,155.66666666666666,74.49480646646583,83.0,295.0,3999.2,0.0,83.0,-14.0,1.0
4999.0,3499.3,30,4.1,11305,7349,970,0,0,90,2023,12,21,3,51,355,4,0.4338837391175582,-0.900968867902419,-2.4492935982947064e-16,1.0,-0.1712931441814778,0.9852201067560606,1499.6999999999998,0.3,0.1319907470404136,0.7086614173228346,-37,117.0,136.0,96.0,133.0,135.14285714285714,176.5,154.36666666666667,25.036164319031357,69.0,136.0,3999.2,-499.8999999999997,69.0,21.0,1.0
4999.0,3999.2,20,4.3,8857,13433,1645,0,0,266,2023,12,25,0,52,359,4,0.0,1.0,-2.4492935982947064e-16,1.0,-0.1031016974474354,0.9946708199115212,999.8000000000002,0.2,0.1224596143824908,1.7161290322580645,111,127.0,101.0,182.0,119.0,133.85714285714286,178.71428571428572,154.16666666666666,25.215263706920435,90.0,70.0,3499.3,499.8999999999997,90.0,176.0,1.0
4999.0,3499.3,30,3.9,7834,4373,502,0,0,59,2023,12,26,1,52,360,4,0.7818314824680298,0.6234898018587336,-2.4492935982947064e-16,1.0,-0.0859647987374467,0.9962981749346076,1499.6999999999998,0.3,0.1147953350102904,0.5673076923076923,-45,155.0,129.0,94.0,123.0,141.57142857142858,176.78571428571428,155.36666666666667,21.46980160486806,155.0,129.0,3999.2,-499.8999999999997,266.0,-207.0,1.0
4999.0,2499.5,50,3.9,9419,11180,1166,0,0,242,2024,1,3,2,1,3,1,0.9749279121818236,-0.2225209339563143,0.4999999999999999,0.8660254037844387,0.0516196672232537,0.998666816288476,2499.5,0.5,0.104293381037567,1.4578313253012047,76,104.0,167.0,114.0,148.0,138.0,177.5,154.73333333333332,25.59296778413974,59.0,167.0,3499.3,-999.8000000000002,59.0,183.0,1.0
4999.0,2999.4,40,4.4,9813,15987,1941,0,0,167,2024,1,19,4,3,19,1,-0.433883739117558,-0.9009688679024191,0.4999999999999999,0.8660254037844387,0.3212696616923644,0.9469877530760752,1999.6,0.3999999999999999,0.1214111465565772,0.8789473684210526,-23,166.0,169.0,397.0,118.0,137.85714285714286,181.2142857142857,155.33333333333334,25.406223459542453,166.0,148.0,2499.5,499.9000000000001,242.0,-75.0,1.0
4999.0,3999.2,20,4.1,8173,11236,1605,0,0,243,2024,1,31,2,5,31,1,0.9749279121818236,-0.2225209339563143,0.4999999999999999,0.8660254037844387,0.5086709438521044,0.8609610158889943,999.8000000000002,0.2,0.1428444286222855,1.8,108,190.0,127.0,317.0,165.0,140.85714285714286,166.42857142857142,157.73333333333332,30.43807139876317,167.0,83.0,2999.4,999.7999999999996,167.0,76.0,1.0
4999.0,3499.3,30,3.9,7709,6665,729,0,0,200,2024,2,2,4,5,33,1,-0.433883739117558,-0.9009688679024191,0.8660254037844386,0.5000000000000001,0.5380051715382996,0.8429415373547828,1499.6999999999998,0.3,0.109377344336084,1.8867924528301887,94,135.0,117.0,325.0,176.0,142.0,153.42857142857142,156.73333333333332,29.97776954122305,135.0,69.0,3999.2,-499.8999999999997,243.0,-43.0,1.0
4999.0,3499.3,30,4.2,7847,11494,1827,0,1,262,2024,2,11,6,6,42,1,-0.7818314824680299,0.6234898018587334,0.8660254037844386,0.5000000000000001,0.6616346182422783,0.7498264012045686,1499.6999999999998,0.3,0.158952496954933,1.712418300653595,109,106.0,127.0,136.0,144.0,140.42857142857142,137.78571428571428,154.4,31.74301572974852,106.0,90.0,3499.3,0.0,200.0,62.0,1.0
4999.0,3499.3,30,4.4,11336,9758,1424,0,0,158,2024,2,16,4,7,47,1,-0.433883739117558,-0.9009688679024191,0.8660254037844386,0.5000000000000001,0.7236440382959124,0.6901733882429719,1499.6999999999998,0.3,0.1459315433490469,1.1791044776119404,24,153.0,155.0,101.0,103.0,144.14285714285714,139.0,154.7,31.429437217512145,153.0,155.0,3499.3,0.0,262.0,-104.0,1.0
4999.0,3499.3,30,4.4,11008,7063,1257,0,0,185,2024,2,22,3,8,53,1,0.4338837391175582,-0.900968867902419,0.8660254037844386,0.5000000000000001,0.7909456567567772,0.6118864012687243,1499.6999999999998,0.3,0.1779697012600878,1.5289256198347108,64,134.0,104.0,129.0,124.0,141.14285714285714,141.35714285714286,155.73333333333332,31.221939782940105,134.0,59.0,3499.3,0.0,158.0,27.0,1.0
4999.0,3999.2,20,4.5,11815,7209,744,0,0,87,2024,2,26,0,9,57,1,0.0,1.0,0.8660254037844386,0.5000000000000001,0.8311706263658079,0.5560174366570446,999.8000000000002,0.2,0.103204327923429,0.8787878787878788,-12,121.0,166.0,167.0,128.0,143.57142857142858,140.78571428571428,155.63333333333333,28.38342910254259,121.0,166.0,3499.3,499.8999999999997,185.0,-98.0,1.0
4999.0,3499.3,30,3.9,11392,11966,1837,0,0,246,2024,2,27,1,9,58,1,0.7818314824680298,0.6234898018587336,0.8660254037844386,0.5000000000000001,0.8406184056344782,0.5416278206559814,1499.6999999999998,0.3,0.1535183018552565,1.618421052631579,94,99.0,190.0,169.0,150.0,134.0,135.92857142857142,154.66666666666666,30.75711299845965,87.0,167.0,3999.2,-499.8999999999997,87.0,159.0,1.0
4999.0,2499.5,50,3.9,9997,9415,1033,0,1,299,2024,3,2,5,9,62,1,-0.9749279121818236,-0.2225209339563146,1.0,6.123233995736766e-17,0.8758917051442429,0.4825077417612184,2499.5,0.5,0.1097185342538502,1.8571428571428568,138,152.0,135.0,127.0,149.0,128.57142857142858,134.71428571428572,154.73333333333332,21.046433924833863,152.0,135.0,3499.3,-999.8000000000002,246.0,53.0,1.0
4999.0,3499.3,30,3.9,10106,5828,1013,0,0,139,2024,3,11,0,11,71,1,0.0,1.0,1.0,6.123233995736766e-17,0.9398560579418954,0.3415707691678556,1499.6999999999998,0.3,0.1738160603980782,1.39,39,161.0,106.0,117.0,108.0,132.28571428571428,137.14285714285714,155.13333333333333,24.397501823713657,161.0,106.0,2499.5,999.8000000000002,299.0,-160.0,1.0
4999.0,2499.5,50,4.1,10642,9024,694,0,0,302,2024,3,12,1,11,72,1,0.7818314824680298,0.6234898018587336,1.0,6.123233995736766e-17,0.9455963874271426,0.3253420847119801,2499.5,0.5,0.0769060283687943,1.9113924050632911,144,100.0,153.0,127.0,139.0,131.42857142857142,135.92857142857142,154.86666666666667,25.55293292270766,100.0,153.0,3499.3,-999.8000000000002,139.0,163.0,1.0
4999.0,3999.2,20,4.1,12722,7630,1280,0,0,102,2024,3,18,0,12,78,1,0.0,1.0,1.0,6.123233995736766e-17,0.9741004551724204,0.2261156855082882,999.8000000000002,0.2,0.1677588466579292,0.918918918918919,-9,158.0,134.0,155.0,133.0,132.14285714285714,138.14285714285714,155.5,26.314942342255023,158.0,134.0,2499.5,1499.6999999999998,302.0,-200.0,1.0
4999.0,3999.2,20,4.4,15475,15913,1866,0,1,348,2024,3,24,6,12,84,1,-0.7818314824680299,0.6234898018587334,1.0,6.123233995736766e-17,0.9922222094179324,0.1244792638867891,999.8000000000002,0.2,0.1172626154716269,1.9441340782122905,169,111.0,121.0,104.0,96.0,128.85714285714286,135.0,154.76666666666668,27.45559184955845,102.0,121.0,3999.2,0.0,102.0,246.0,1.0
4999.0,3999.2,20,4.3,14916,11427,1582,0,0,241,2024,3,26,1,13,86,1,0.7818314824680298,0.6234898018587336,1.0,6.123233995736766e-17,0.995918996147179,0.0902516100310411,999.8000000000002,0.2,0.1384440360549575,1.5751633986928104,88,179.0,99.0,166.0,182.0,137.14285714285714,140.35714285714286,157.53333333333333,32.901005918910826,179.0,87.0,3999.2,0.0,348.0,-107.0,1.0
4999.0,3999.2,20,3.9,12999,15828,1607,0,0,117,2024,4,2,1,14,93,2,0.7818314824680298,0.6234898018587336,0.8660254037844387,-0.4999999999999998,0.9995462806873572,-0.0301203048469081,999.8000000000002,0.2,0.1015289360626737,0.7452229299363057,-40,153.0,152.0,190.0,94.0,144.85714285714286,139.42857142857142,156.56666666666666,28.503967977743084,153.0,152.0,3999.2,0.0,241.0,-124.0,1.0
4999.0,2999.4,40,4.3,9753,5897,595,0,0,216,2024,4,5,4,14,96,2,-0.433883739117558,-0.9009688679024191,0.8660254037844387,-0.4999999999999998,0.9966589017541702,-0.0816763953304224,1999.6,0.3999999999999999,0.1008987620824147,1.6615384615384616,86,157.0,161.0,135.0,114.0,145.57142857142858,137.07142857142858,158.66666666666666,28.77416168982849,117.0,161.0,3999.2,-999.7999999999996,117.0,99.0,1.0
4999.0,2999.4,40,3.8,12713,8877,725,0,1,275,2024,4,7,6,14,98,2,-0.7818314824680299,0.6234898018587334,0.8660254037844387,-0.4999999999999998,0.9932568492674144,-0.1159345995955004,1999.6,0.3999999999999999,0.0816717359468288,1.896551724137931,130,130.0,100.0,106.0,397.0,141.14285714285714,136.71428571428572,159.2,28.386784316113324,130.0,100.0,2999.4,0.0,216.0,59.0,1.0
4999.0,3999.2,20,4.3,6581,8212,844,0,0,204,2024,4,10,2,15,101,2,0.9749279121818236,-0.2225209339563143,0.8660254037844387,-0.4999999999999998,0.9859481499638304,-0.1670516255021192,999.8000000000002,0.2,0.1027764247442766,1.5813953488372092,75,145.0,158.0,153.0,317.0,147.57142857142858,139.5,150.8,21.86212205968105,145.0,158.0,2999.4,999.7999999999996,275.0,-71.0,1.0
4999.0,2999.4,40,4.2,16131,8457,655,0,0,191,2024,4,18,3,16,109,2,0.4338837391175582,-0.900968867902419,0.8660254037844387,-0.4999999999999998,0.9536809966304456,-0.3008198076356673,1999.6,0.3999999999999999,0.0774506326120373,1.2993197278911566,44,129.0,111.0,134.0,325.0,143.42857142857142,137.78571428571428,144.53333333333333,22.299903907544696,129.0,102.0,3999.2,-999.7999999999996,204.0,-13.0,1.0
4999.0,2999.4,40,4.2,9779,10820,1370,0,0,95,2024,4,19,4,16,110,2,-0.433883739117558,-0.9009688679024191,0.8660254037844387,-0.4999999999999998,0.9483615800121716,-0.3171912885891061,1999.6,0.3999999999999999,0.1266173752310536,0.572289156626506,-71,147.0,179.0,121.0,136.0,148.57142857142858,138.71428571428572,138.6,17.125586538443756,147.0,179.0,2999.4,0.0,191.0,-96.0,1.0
4999.0,3999.2,20,4.3,15127,8598,1321,0,0,177,2024,4,24,2,17,115,2,0.9749279121818236,-0.2225209339563143,0.8660254037844387,-0.4999999999999998,0.9175836260593936,-0.3975428142825559,999.8000000000002,0.2,0.153640381484066,1.3937007874015748,50,166.0,153.0,99.0,101.0,146.71428571428572,141.92857142857142,139.6,13.622460444847716,95.0,153.0,2999.4,999.7999999999996,95.0,82.0,1.0
4999.0,3999.2,20,3.8,7551,15157,1805,0,0,85,2024,4,30,1,18,121,2,0.7818314824680298,0.6234898018587336,0.8660254037844387,-0.4999999999999998,0.8717063187093218,-0.4900286664290592,999.8000000000002,0.2,0.1190868905456224,0.5555555555555556,-68,127.0,157.0,152.0,129.0,143.0,143.92857142857142,140.46666666666667,15.088627063675458,127.0,117.0,3999.2,0.0,177.0,-92.0,1.0
4999.0,2999.4,40,4.0,13760,6284,586,0,0,187,2024,5,2,3,18,123,2,0.4338837391175582,-0.900968867902419,0.4999999999999999,-0.8660254037844387,0.854322169749827,-0.5197438121555155,1999.6,0.3999999999999999,0.093252705283259,1.5847457627118644,69,153.0,130.0,161.0,167.0,142.42857142857142,144.0,141.26666666666668,14.535670410604638,85.0,130.0,3999.2,-999.7999999999996,85.0,102.0,1.0
4999.0,3999.2,20,4.2,15984,8843,1548,0,1,181,2024,5,4,5,18,125,2,-0.9749279121818236,-0.2225209339563146,0.4999999999999999,-0.8660254037844387,0.8359254794186372,-0.548842958284719,999.8000000000002,0.2,0.1750537148026687,1.4958677685950412,60,118.0,145.0,100.0,169.0,140.71428571428572,140.92857142857142,139.63333333333333,16.780090243244874,118.0,145.0,2999.4,999.7999999999996,187.0,-6.0,1.0
4999.0,3499.3,30,4.5,10256,5962,1002,0,0,67,2024,5,6,0,19,127,2,0.0,1.0,0.4999999999999999,-0.8660254037844387,0.8165380514459161,-0.5772916165517272,1499.6999999999998,0.3,0.1680644079168064,0.5317460317460317,-59,121.0,129.0,158.0,127.0,137.28571428571428,142.42857142857142,138.03333333333333,18.15410225187252,121.0,129.0,3999.2,-499.8999999999997,181.0,-114.0,1.0
4999.0,3499.3,30,4.1,11014,14397,1760,0,0,275,2024,5,7,1,19,128,2,0.7818314824680298,0.6234898018587336,0.4999999999999999,-0.8660254037844387,0.8064799463209448,-0.5912614448635781,1499.6999999999998,0.3,0.1222476904910745,1.6566265060240963,109,126.0,147.0,111.0,117.0,136.85714285714286,140.14285714285714,138.0,18.415831698374944,67.0,147.0,3499.3,0.0,67.0,208.0,1.0
4999.0,3999.2,20,4.0,15849,5798,897,0,0,176,2024,5,17,4,20,138,2,-0.433883739117558,-0.9009688679024191,0.4999999999999999,-0.8660254037844387,0.6932812268869777,-0.7206671495538609,999.8000000000002,0.2,0.1547085201793722,1.934065934065934,85,166.0,166.0,179.0,127.0,139.57142857142858,144.07142857142858,139.63333333333333,21.32961277080281,166.0,95.0,3499.3,499.8999999999997,275.0,-99.0,1.0
4999.0,3999.2,20,3.8,6937,10163,1071,0,0,230,2024,5,20,0,21,141,2,0.0,1.0,0.4999999999999999,-0.8660254037844387,0.6551563572090853,-0.7554933140726803,999.8000000000002,0.2,0.1053822690150546,1.9827586206896552,114,91.0,127.0,153.0,155.0,128.85714285714286,137.78571428571428,138.43333333333334,24.45014363576501,91.0,127.0,3999.2,0.0,176.0,54.0,1.0
4999.0,3499.3,30,4.0,15948,12569,1529,0,0,266,2024,5,22,2,21,143,2,0.9749279121818236,-0.2225209339563143,0.4999999999999999,-0.8660254037844387,0.6287628145958344,-0.7775971469736269,1499.6999999999998,0.3,0.1216485002784628,1.738562091503268,113,116.0,153.0,157.0,104.0,127.28571428571428,135.14285714285714,137.13333333333333,24.93801840373005,116.0,85.0,3999.2,-499.8999999999997,230.0,36.0,1.0
4999.0,2999.4,40,3.9,13318,10380,1548,0,0,275,2024,5,27,0,22,148,2,0.0,1.0,0.4999999999999999,-0.8660254037844387,0.5595892624101765,-0.8287700871745038,1999.6,0.3999999999999999,0.1491329479768786,1.8835616438356164,129,153.0,118.0,130.0,166.0,127.28571428571428,134.85714285714286,138.76666666666668,24.93801840373005,153.0,118.0,3499.3,-499.9000000000001,266.0,9.0,1.0
4999.0,2499.5,50,3.9,15517,4463,740,0,0,69,2024,5,29,2,22,150,2,0.9749279121818236,-0.2225209339563143,0.4999999999999999,-0.8660254037844387,0.5307300481619334,-0.8475409228928311,2499.5,0.5,0.1658077526327582,0.5390625,-59,146.0,121.0,145.0,190.0,131.28571428571428,136.0,138.1,25.44087449829724,146.0,121.0,2999.4,-499.9000000000001,275.0,-206.0,1.0
4999.0,3999.2,20,4.2,11234,6734,571,0,0,171,2024,5,31,4,22,152,2,-0.433883739117558,-0.9009688679024191,0.4999999999999999,-0.8660254037844387,0.5012418134457758,-0.865307254363206,999.8000000000002,0.2,0.0847935847935848,1.7628865979381445,74,128.0,126.0,129.0,135.0,132.28571428571428,134.78571428571428,136.03333333333333,25.104543318652716,69.0,67.0,2499.5,1499.6999999999998,69.0,102.0,1.0
4999.0,3999.2,20,4.1,15671,6585,899,0,1,89,2024,6,2,6,22,154,2,-0.7818314824680299,0.6234898018587334,1.2246467991473532e-16,-1.0,0.4711595076738638,-0.8820480249558537,999.8000000000002,0.2,0.1365223993925588,0.839622641509434,-17,97.0,166.0,147.0,106.0,128.14285714285714,132.5,134.76666666666668,28.480569817734928,97.0,166.0,3999.2,0.0,171.0,-82.0,1.0
4999.0,2999.4,40,3.9,13134,12186,1819,0,0,272,2024,6,11,1,24,163,2,0.7818314824680298,0.6234898018587336,1.2246467991473532e-16,-1.0,0.3294084822245304,-0.9441875088341992,1999.6,0.3999999999999999,0.1492696537009683,1.7435897435897436,116,106.0,91.0,166.0,153.0,119.57142857142856,129.57142857142858,134.76666666666668,23.838743974583345,89.0,91.0,3999.2,-999.7999999999996,89.0,183.0,1.0
4999.0,3999.2,20,4.3,7850,7889,684,0,0,70,2024,6,14,4,24,166,2,-0.433883739117558,-0.9009688679024191,1.2246467991473532e-16,-1.0,0.2802306751992158,-0.9599326896597448,999.8000000000002,0.2,0.0867030041830396,0.5882352941176471,-49,156.0,116.0,127.0,134.0,128.85714285714286,128.85714285714286,134.86666666666667,23.511901748041144,156.0,116.0,2999.4,999.7999999999996,272.0,-202.0,1.0
4999.0,2499.5,50,4.1,12737,14589,1977,0,0,314,2024,6,18,1,25,170,2,0.7818314824680298,0.6234898018587336,1.2246467991473532e-16,-1.0,0.2135209154397961,-0.9769384927771816,2499.5,0.5,0.1355130577832613,1.5939086294416245,117,119.0,153.0,153.0,121.0,129.28571428571428,128.28571428571428,134.36666666666667,23.264524393120773,70.0,153.0,3999.2,-1499.6999999999998,70.0,244.0,1.0
4999.0,3999.2,20,4.4,13612,8677,1115,0,1,139,2024,6,22,5,25,174,2,-0.9749279121818236,-0.2225209339563146,1.2246467991473532e-16,-1.0,0.1457991969198751,-0.9893142039703664,999.8000000000002,0.2,0.1285006338596289,1.208695652173913,24,197.0,146.0,118.0,99.0,135.57142857142858,131.42857142857142,136.9,34.14116353639785,197.0,146.0,2499.5,1499.6999999999998,314.0,-175.0,1.0
4999.0,3499.3,30,4.0,15666,12816,1849,0,0,259,2024,6,25,1,26,177,2,0.7818314824680298,0.6234898018587336,1.2246467991473532e-16,-1.0,0.0945367498171991,-0.9955213724144752,1499.6999999999998,0.3,0.144272784019975,1.5987654320987654,97,115.0,128.0,121.0,152.0,131.14285714285714,131.21428571428572,137.43333333333334,34.57083824761663,115.0,69.0,3999.2,-499.8999999999997,139.0,120.0,1.0
4999.0,3499.3,30,4.5,14032,8658,928,0,0,212,2024,7,4,3,27,186,3,0.4338837391175582,-0.900968867902419,-0.4999999999999997,-0.8660254037844388,-0.0602132773657927,-0.9981855344718586,1499.6999999999998,0.3,0.1071841071841071,1.7520661157024793,91,162.0,97.0,126.0,161.0,136.0,134.14285714285714,137.76666666666668,36.39597047293396,162.0,97.0,3499.3,0.0,259.0,-47.0,1.0
4999.0,3499.3,30,4.0,9222,11265,1448,0,0,72,2024,7,8,0,28,190,3,0.0,1.0,-0.4999999999999997,-0.8660254037844388,-0.1287481774525806,-0.99167731989929,1499.6999999999998,0.3,0.1285397248113626,0.5217391304347826,-66,121.0,106.0,166.0,100.0,139.42857142857142,133.78571428571428,136.43333333333334,33.09006468643411,121.0,89.0,3499.3,0.0,212.0,-140.0,1.0
4999.0,3499.3,30,3.9,13434,3807,521,0,0,138,2024,7,16,1,29,198,3,0.7818314824680298,0.6234898018587336,-0.4999999999999997,-0.8660254037844388,-0.2636654927280072,-0.9646141756912436,1499.6999999999998,0.3,0.1368531652219595,1.2660550458715596,29,138.0,156.0,91.0,158.0,144.0,131.78571428571428,137.7,29.743346594939144,72.0,156.0,3499.3,0.0,72.0,66.0,1.0
4999.0,3999.2,20,4.1,12201,12622,1862,0,0,277,2024,7,19,4,29,201,3,-0.433883739117558,-0.9009688679024191,-0.4999999999999997,-0.8660254037844388,-0.3131070409358267,-0.9497178427914316,999.8000000000002,0.2,0.1475202028204721,1.937062937062937,134,109.0,119.0,116.0,111.0,137.28571428571428,133.07142857142858,136.06666666666666,31.815689450931416,109.0,70.0,3499.3,499.8999999999997,138.0,139.0,1.0
4999.0,2499.5,50,4.4,9706,11065,1892,0,0,169,2024,7,23,1,30,205,3,0.7818314824680298,0.6234898018587336,-0.4999999999999997,-0.8660254037844388,-0.3777079652039646,-0.92592477719385,2499.5,0.5,0.1709896068685042,1.0432098765432098,7,143.0,197.0,153.0,179.0,140.71428571428572,135.0,137.13333333333333,30.79347488085922,143.0,197.0,3999.2,-1499.6999999999998,277.0,-108.0,1.0
4999.0,2999.4,40,4.4,16368,8299,732,0,0,191,2024,7,29,0,31,211,3,0.0,1.0,-0.4999999999999997,-0.8660254037844388,-0.4711595076738639,-0.8820480249558535,1999.6,0.3999999999999999,0.088203397999759,1.2993197278911566,44,162.0,115.0,146.0,153.0,135.71428571428572,135.64285714285714,136.56666666666666,21.600264548644823,162.0,115.0,2499.5,499.9000000000001,169.0,22.0,1.0
4999.0,3499.3,30,4.4,13913,6581,1049,0,0,204,2024,8,6,1,32,219,3,0.7818314824680298,0.6234898018587336,-0.8660254037844385,-0.5000000000000004,-0.5877852522924734,-0.8090169943749472,1499.6999999999998,0.3,0.1593982677404649,1.619047619047619,78,147.0,162.0,128.0,157.0,140.28571428571428,135.71428571428572,136.36666666666667,19.796584602015933,147.0,162.0,2999.4,499.9000000000001,191.0,13.0,1.0
4999.0,2499.5,50,3.9,8130,8616,1748,0,0,159,2024,8,7,2,32,220,3,0.9749279121818236,-0.2225209339563143,-0.8660254037844385,-0.5000000000000004,-0.6016240632249227,-0.7987793728863648,2499.5,0.5,0.202878365831012,1.096551724137931,14,126.0,121.0,97.0,130.0,135.14285714285714,135.57142857142858,135.33333333333334,17.789777696087274,126.0,121.0,3499.3,-999.8000000000002,204.0,-45.0,1.0
4999.0,3499.3,30,4.4,13950,8907,1027,0,0,224,2024,8,9,4,32,222,3,-0.433883739117558,-0.9009688679024191,-0.8660254037844385,-0.5000000000000004,-0.6287628145958345,-0.7775971469736268,1499.6999999999998,0.3,0.1153025710115639,1.7777777777777777,98,145.0,138.0,106.0,145.0,138.57142857142858,139.0,135.83333333333334,16.900267678917412,145.0,72.0,2499.5,999.8000000000002,159.0,65.0,1.0
