mrp,selling_price,discount_percent,customer_rating,total_reviews,page_views,ad_spend_inr,is_sale_season,is_weekend,inventory_level,year,month,day,day_of_week,week_of_year,day_of_year,quarter,day_of_week_sin,day_of_week_cos,month_sin,month_cos,day_of_year_sin,day_of_year_cos,discount_amount,price_discount_ratio,ad_spend_per_view,inventory_demand_ratio,inventory_gap,demand_lag_1,demand_lag_7,demand_lag_14,demand_lag_30,demand_rolling_7,demand_rolling_14,demand_rolling_30,demand_rolling_std_7,units_sold_lag_1,units_sold_lag_7,selling_price_lag_1,selling_price_change,inventory_lag_1,inventory_change,product_demand_rank
4999.0,3499.3,30,4.5,16609,9812,1674,0,0,264,2024,8,16,4,33,229,3,-0.433883739117558,-0.9009688679024191,-0.8660254037844385,-0.5000000000000004,-0.7176769136759615,-0.6963762255968726,1499.6999999999998,0.3,0.1706074194863432,1.9411764705882355,128,126.0,109.0,156.0,129.0,136.85714285714286,140.42857142857142,135.2,17.56349027033647,126.0,109.0,3499.3,0.0,224.0,40.0,1.0
4999.0,3999.2,20,4.4,8371,10785,1796,0,0,104,2024,8,21,2,34,234,3,0.9749279121818236,-0.2225209339563143,-0.8660254037844385,-0.5000000000000004,-0.7748840413670406,-0.6321034111873488,999.8000000000002,0.2,0.1665275846082522,0.7536231884057971,-34,136.0,143.0,119.0,147.0,140.71428571428572,139.0,135.43333333333334,12.724180205607526,136.0,143.0,3499.3,499.8999999999997,264.0,-160.0,1.0
4999.0,3999.2,20,4.2,9586,10321,1472,0,1,101,2024,9,7,5,36,251,3,-0.9749279121818236,-0.2225209339563146,-1.0,-1.8369701987210294e-16,-0.9242907221930934,-0.3816892202666586,999.8000000000002,0.2,0.1426218389690921,0.7952755905511811,-26,138.0,162.0,197.0,166.0,140.0,140.35714285714286,135.13333333333333,12.714820748507597,104.0,162.0,3999.2,0.0,104.0,-3.0,1.0
4999.0,2499.5,50,4.3,11416,9496,692,0,0,132,2024,9,9,0,37,253,3,0.0,1.0,-1.0,-1.8369701987210294e-16,-0.9368813462954316,-0.3496474552512282,2499.5,0.5,0.0728727885425442,0.8148148148148148,-30,127.0,147.0,115.0,127.0,135.0,135.35714285714286,133.83333333333334,8.944271909999918,101.0,147.0,3999.2,-1499.6999999999998,101.0,31.0,1.0
4999.0,3999.2,20,4.3,9422,14687,1954,0,0,277,2024,9,10,1,37,254,3,0.7818314824680298,0.6234898018587336,-1.0,-1.8369701987210294e-16,-0.9427611433904206,-0.333468778918187,999.8000000000002,0.2,0.1330428269898549,1.7531645569620251,119,162.0,126.0,162.0,153.0,137.14285714285714,138.71428571428572,135.0,13.120322295693432,132.0,126.0,2499.5,1499.6999999999998,132.0,145.0,1.0
4999.0,2499.5,50,4.4,10534,8189,769,0,1,231,2024,9,22,6,38,266,3,-0.7818314824680299,0.6234898018587334,-1.0,-1.8369701987210294e-16,-0.9911140639934546,-0.1330147065341963,2499.5,0.5,0.0939064598852118,1.5608108108108107,83,158.0,145.0,121.0,118.0,141.71428571428572,138.42857142857142,135.16666666666666,14.126975209557086,158.0,145.0,3999.2,-1499.6999999999998,277.0,-46.0,1.0
4999.0,1749.65,65,4.0,14281,29500,4494,1,0,273,2024,9,25,2,39,269,3,0.9749279121818236,-0.2225209339563143,-1.0,-1.8369701987210294e-16,-0.99665890175417,-0.0816763953304228,3249.35,0.65,0.1523389830508474,0.6825,-127,148.0,126.0,138.0,121.0,142.14285714285714,140.35714285714286,136.16666666666666,14.287856982167373,148.0,126.0,2499.5,-749.8499999999999,231.0,42.0,1.0
4999.0,1499.7,70,3.9,8646,20667,3364,1,1,445,2024,9,28,5,39,272,3,-0.9749279121818236,-0.2225209339563146,-1.0,-1.8369701987210294e-16,-0.9995462806873572,-0.0301203048469083,3499.3,0.7000000000000001,0.1627715682005129,1.289855072463768,100,400.0,136.0,109.0,126.0,181.28571428571428,159.07142857142858,145.46666666666667,97.2363345766631,273.0,136.0,1749.65,-249.95000000000005,273.0,172.0,1.0
4999.0,2999.4,40,4.4,8463,28639,4120,1,1,313,2024,9,29,6,39,273,3,-0.7818314824680299,0.6234898018587334,-1.0,-1.8369701987210294e-16,-0.999916658654738,-0.0129102960750088,1999.6,0.3999999999999999,0.1438597716400712,0.8598901098901099,-51,345.0,138.0,143.0,166.0,211.14285714285717,175.92857142857142,152.76666666666668,111.98277928834798,345.0,104.0,1499.7,1499.7,445.0,-132.0,1.0
4999.0,2499.5,50,4.2,11568,30026,5276,1,0,730,2024,9,30,0,40,274,3,0.0,1.0,-1.0,-1.8369701987210294e-16,-0.99999073973619,0.0043035382962438,2499.5,0.5,0.1757143808699127,1.886304909560724,343,364.0,127.0,162.0,91.0,243.42857142857144,191.7142857142857,159.36666666666667,119.69385551321773,313.0,101.0,2999.4,-499.9000000000001,313.0,417.0,1.0
4999.0,2499.5,50,4.1,16287,41878,6825,1,1,514,2024,10,6,6,40,280,4,-0.7818314824680299,0.6234898018587334,-0.8660254037844386,0.5000000000000001,-0.994217906893952,0.107381346664163,2499.5,0.5,0.1629733989206743,1.1030042918454936,48,387.0,162.0,147.0,116.0,280.57142857142856,207.78571428571428,169.23333333333332,117.86978287197148,387.0,132.0,2499.5,0.0,730.0,-216.0,1.0
4999.0,2499.5,50,4.2,10162,31918,4897,1,0,214,2024,10,15,1,42,289,4,0.7818314824680298,0.6234898018587336,-0.8660254037844386,0.5000000000000001,-0.965739937654855,0.2595117970697994,2499.5,0.5,0.1534244000250642,0.5270935960591133,-192,466.0,158.0,126.0,153.0,324.0,230.57142857142856,180.9,122.8020086697824,466.0,158.0,2499.5,0.0,514.0,-300.0,1.0
4999.0,3999.2,20,4.2,8510,8241,968,0,0,103,2024,10,17,3,42,291,4,0.4338837391175582,-0.900968867902419,-0.8660254037844386,0.5000000000000001,-0.9562348265919058,0.2926003356333479,999.8000000000002,0.2,0.1174614731221939,0.7518248175182481,-34,406.0,148.0,145.0,146.0,359.42857142857144,250.57142857142856,189.33333333333331,100.71719009658857,214.0,148.0,2499.5,1499.6999999999998,214.0,-111.0,1.0
4999.0,2499.5,50,3.8,8654,11712,1574,0,1,336,2024,10,20,6,42,294,4,-0.7818314824680299,0.6234898018587334,-0.8660254037844386,0.5000000000000001,-0.9398560579418952,0.341570769167856,2499.5,0.5,0.1343920765027322,1.8770949720670391,157,137.0,400.0,126.0,128.0,357.85714285714283,250.0,189.03333333333333,104.5776084564768,103.0,273.0,3999.2,-1499.6999999999998,103.0,233.0,1.0
4999.0,3499.3,30,4.1,15517,7463,976,0,0,91,2024,10,23,2,43,297,4,0.9749279121818236,-0.2225209339563143,-0.8660254037844386,0.5000000000000001,-0.9209712877166348,0.3896304495307877,1499.6999999999998,0.3,0.1307785073026932,0.7711864406779662,-27,179.0,345.0,136.0,97.0,326.2857142857143,253.78571428571428,190.7333333333333,121.69321302043954,179.0,345.0,2499.5,999.8000000000002,336.0,-245.0,1.0
4999.0,2999.4,40,4.2,12712,10961,1565,0,1,128,2024,10,26,5,43,300,4,-0.9749279121818236,-0.2225209339563146,-0.8660254037844386,0.5000000000000001,-0.8996308696522434,0.4366512319560638,1999.6,0.3999999999999999,0.1427789435270504,0.8533333333333334,-22,118.0,364.0,138.0,106.0,293.85714285714283,252.5,191.4333333333333,144.06413915501727,91.0,313.0,3499.3,-499.9000000000001,91.0,37.0,1.0
4999.0,1499.7,70,4.5,12982,33907,7356,1,0,850,2024,11,1,4,44,306,4,-0.433883739117558,-0.9009688679024191,-0.5000000000000004,0.8660254037844384,-0.8498170915275277,0.5270777086423724,3499.3,0.7000000000000001,0.2169463532603887,1.9675925925925928,418,150.0,387.0,127.0,156.0,263.2857142857143,253.3571428571429,192.9,149.3092029823952,128.0,387.0,2999.4,-1499.7,128.0,722.0,1.0
4999.0,1499.7,70,4.3,9684,24066,3388,1,0,259,2024,11,4,0,45,309,4,0.0,1.0,-0.5000000000000004,0.8660254037844384,-0.8214765533024145,0.5702422926917867,3499.3,0.7000000000000001,0.1407795229784758,0.7,-111,432.0,466.0,162.0,119.0,269.7142857142857,275.1428571428572,202.1,156.3273427626725,432.0,466.0,1499.7,0.0,850.0,-591.0,1.0
4999.0,2499.5,50,4.2,8245,39765,5172,1,0,399,2024,11,5,1,45,310,4,0.7818314824680298,0.6234898018587336,-0.5000000000000004,0.8660254037844384,-0.8115390590073611,0.5842981736283683,2499.5,0.5,0.1300641267446246,0.9151376146788992,-37,370.0,406.0,158.0,197.0,256.0,290.0,210.46666666666667,139.54808012533408,259.0,214.0,1499.7,999.8,259.0,140.0,1.0
4999.0,2999.4,40,4.2,15262,15716,2364,1,0,174,2024,11,15,4,46,320,4,-0.433883739117558,-0.9009688679024191,-0.5000000000000004,0.8660254037844384,-0.6994583270516471,0.7146733860429608,1999.6,0.3999999999999999,0.1504199541868159,0.6170212765957447,-108,436.0,137.0,148.0,115.0,260.2857142857143,309.85714285714283,218.4333333333333,145.26609410057836,399.0,103.0,2499.5,499.9000000000001,399.0,-225.0,1.0
4999.0,3999.2,20,4.5,11192,9710,1820,0,1,182,2024,11,16,5,46,321,4,-0.9749279121818236,-0.2225209339563146,-0.5000000000000004,0.8660254037844384,-0.6870527672236675,0.7266075247685652,999.8000000000002,0.2,0.1874356333676622,1.4918032786885247,60,282.0,179.0,400.0,162.0,281.0,319.42857142857144,224.0,134.71080134866688,174.0,179.0,2999.4,999.7999999999996,174.0,8.0,1.0
4999.0,3999.2,20,4.0,9796,11922,1928,0,1,98,2024,11,17,6,46,322,4,-0.7818314824680299,0.6234898018587334,-0.5000000000000004,0.8660254037844384,-0.6744436188329457,0.7383263540031063,999.8000000000002,0.2,0.1617178325784264,0.7101449275362319,-40,122.0,118.0,345.0,121.0,272.85714285714283,299.57142857142856,222.66666666666663,143.3497222081119,122.0,91.0,3999.2,0.0,182.0,-84.0,1.0
4999.0,2499.5,50,4.4,11460,9651,1442,0,0,331,2024,11,25,0,48,330,4,0.0,1.0,-0.5000000000000004,0.8660254037844384,-0.5667017562911184,0.8239230057575536,2499.5,0.5,0.1494145684385038,1.9132947976878611,158,138.0,150.0,364.0,138.0,275.7142857142857,284.7857142857143,223.2333333333333,139.90677167994676,98.0,128.0,3999.2,-1499.6999999999998,98.0,233.0,1.0
4999.0,3999.2,20,4.3,12489,7045,708,0,0,63,2024,11,28,3,48,333,4,0.4338837391175582,-0.900968867902419,-0.5000000000000004,0.8660254037844384,-0.5234156073655503,0.8520775211013093,999.8000000000002,0.2,0.1004968062455642,0.5675675675675675,-48,173.0,432.0,387.0,109.0,279.0,271.1428571428572,224.4,136.69552540835656,173.0,432.0,2499.5,1499.6999999999998,331.0,-268.0,1.0
4999.0,2999.4,40,4.1,8617,12150,1775,0,0,206,2024,12,6,4,49,341,4,-0.433883739117558,-0.9009688679024191,-2.4492935982947064e-16,1.0,-0.4014879892059737,0.9158642882672868,1999.6,0.3999999999999999,0.1460905349794238,1.1704545454545454,30,111.0,370.0,466.0,143.0,233.14285714285717,251.42857142857144,224.46666666666667,130.51746827076258,63.0,259.0,3999.2,-999.7999999999996,63.0,143.0,1.0
4999.0,3999.2,20,4.2,10368,8084,917,0,1,216,2024,12,7,5,49,342,4,-0.9749279121818236,-0.2225209339563146,-2.4492935982947064e-16,1.0,-0.3856634062436074,0.9226395488404876,999.8000000000002,0.2,0.113433943592281,1.894736842105263,102,176.0,436.0,406.0,162.0,205.42857142857144,230.7142857142857,225.56666666666663,116.45293347222174,176.0,399.0,2999.4,999.7999999999996,206.0,10.0,1.0
4999.0,3499.3,30,4.2,9735,11726,1760,0,0,145,2024,12,16,0,51,351,4,0.0,1.0,-2.4492935982947064e-16,1.0,-0.2386727660059499,0.9711000518829505,1499.6999999999998,0.3,0.150093808630394,0.9539473684210528,-7,114.0,282.0,137.0,147.0,159.42857142857142,209.8571428571429,223.96666666666667,60.21034557520578,114.0,174.0,3999.2,-499.8999999999997,216.0,-71.0,1.0
4999.0,2999.4,40,3.9,9666,10905,970,0,0,173,2024,12,23,0,52,358,4,0.0,1.0,-2.4492935982947064e-16,1.0,-0.1202080448993527,0.9927487224577402,1999.6,0.3999999999999999,0.0889500229252636,1.0949367088607596,15,152.0,122.0,179.0,126.0,140.85714285714286,210.92857142857144,224.13333333333333,26.98412231559228,145.0,122.0,3499.3,-499.9000000000001,145.0,28.0,1.0
4999.0,2999.4,40,4.3,10185,9423,1469,0,0,238,2024,12,27,4,52,362,4,-0.433883739117558,-0.9009688679024191,-2.4492935982947064e-16,1.0,-0.0516196672232541,0.998666816288476,1999.6,0.3999999999999999,0.1558951501644911,1.4782608695652173,77,158.0,138.0,118.0,145.0,146.0,209.42857142857144,225.2,26.21068484416208,158.0,98.0,2999.4,0.0,173.0,65.0,1.0
4999.0,3999.2,20,4.1,7229,10399,1337,0,1,196,2024,12,28,5,52,363,4,-0.9749279121818236,-0.2225209339563146,-2.4492935982947064e-16,1.0,-0.0344216116227458,0.9994074007397048,999.8000000000002,0.2,0.1285700548129628,1.53125,68,161.0,173.0,150.0,126.0,149.28571428571428,212.5,225.7333333333333,26.480900574528864,161.0,173.0,2999.4,999.7999999999996,238.0,-42.0,1.0
4999.0,3499.3,30,4.3,14581,6229,754,0,1,207,2024,12,29,6,52,364,4,-0.7818314824680299,0.6234898018587334,-2.4492935982947064e-16,1.0,-0.0172133561558352,0.9998518392091162,1499.6999999999998,0.3,0.1210467169690159,1.6046511627906976,78,128.0,111.0,432.0,136.0,142.85714285714286,210.92857142857144,225.8,25.1954266447209,128.0,63.0,3999.2,-499.8999999999997,196.0,11.0,1.0
4999.0,3499.3,30,4.4,15376,8514,857,0,0,127,2024,12,31,1,1,366,4,0.7818314824680298,0.6234898018587336,-2.4492935982947064e-16,1.0,0.0172133561558339,0.9998518392091162,1499.6999999999998,0.3,0.1006577401926239,0.9921875,-1,129.0,176.0,370.0,138.0,145.42857142857142,189.28571428571428,225.56666666666663,22.13486799039852,129.0,176.0,3499.3,0.0,207.0,-80.0,1.0
4999.0,3999.2,20,4.2,12981,15680,1917,0,0,116,2025,1,2,3,1,2,1,0.4338837391175582,-0.900968867902419,0.4999999999999999,0.8660254037844387,0.0344216116227457,0.9994074007397048,999.8000000000002,0.2,0.1222576530612244,0.725,-44,128.0,114.0,436.0,127.0,138.57142857142858,172.0,225.2333333333333,18.164591406149757,127.0,114.0,3499.3,499.8999999999997,127.0,-11.0,1.0
4999.0,3999.2,20,4.3,16428,7682,703,0,0,163,2025,1,7,1,2,7,1,0.7818314824680298,0.6234898018587336,0.4999999999999999,0.8660254037844387,0.1202080448993527,0.9927487224577402,999.8000000000002,0.2,0.0915126269200728,1.3252032520325203,40,160.0,152.0,282.0,162.0,145.14285714285714,152.28571428571428,226.33333333333331,15.983622570499415,116.0,145.0,3999.2,0.0,116.0,47.0,1.0
4999.0,3999.2,20,4.1,9664,9919,1598,0,1,107,2025,1,11,5,2,11,1,-0.9749279121818236,-0.2225209339563146,0.4999999999999999,0.8660254037844387,0.1882267098432442,0.9821256058680006,999.8000000000002,0.2,0.1611049500957757,0.7985074626865671,-27,123.0,158.0,122.0,158.0,141.0,140.92857142857142,225.03333333333333,17.58787461103023,123.0,158.0,3999.2,0.0,163.0,-56.0,1.0
4999.0,3999.2,20,4.4,11013,6565,506,0,1,182,2025,1,12,6,2,12,1,-0.7818314824680299,0.6234898018587334,0.4999999999999999,0.8660254037844387,0.2051044998686192,0.9787400799669153,999.8000000000002,0.2,0.077075399847677,1.625,70,134.0,161.0,138.0,148.0,137.57142857142858,141.78571428571428,224.2333333333333,15.98809080594167,107.0,161.0,3999.2,0.0,107.0,75.0,1.0
4999.0,3999.2,20,4.4,7998,15842,1820,0,1,110,2025,1,18,5,3,18,1,-0.9749279121818236,-0.2225209339563146,0.4999999999999999,0.8660254037844387,0.304921224656289,0.9523775757303974,999.8000000000002,0.2,0.1148844842822875,0.6707317073170732,-54,112.0,128.0,173.0,400.0,130.57142857142858,139.92857142857142,223.03333333333333,14.695318334502693,112.0,128.0,3999.2,0.0,182.0,-72.0,1.0
4999.0,3999.2,20,4.1,12813,12421,1695,0,0,86,2025,1,21,1,4,21,1,0.7818314824680298,0.6234898018587336,0.4999999999999999,0.8660254037844387,0.3536761221763716,0.9353679493131484,999.8000000000002,0.2,0.1364624426374688,0.5850340136054422,-61,164.0,129.0,111.0,345.0,135.71428571428572,139.28571428571428,215.16666666666663,19.2415720573472,110.0,129.0,3999.2,0.0,110.0,-24.0,1.0
4999.0,3999.2,20,4.2,11166,10240,1182,0,0,89,2025,1,27,0,5,27,1,0.0,1.0,0.4999999999999999,0.8660254037844387,0.4482293417404106,0.893918596519257,999.8000000000002,0.2,0.1154296875,0.7355371900826446,-32,147.0,128.0,176.0,364.0,138.28571428571428,141.85714285714286,208.56666666666663,19.39685787023465,86.0,127.0,3999.2,0.0,86.0,3.0,1.0
4999.0,3499.3,30,4.2,16797,9343,1443,0,0,204,2025,2,7,4,6,38,1,-0.433883739117558,-0.9009688679024191,0.8660254037844386,0.5000000000000001,0.6084768701151261,0.7935716089521474,1499.6999999999998,0.3,0.1544471797067323,1.511111111111111,69,121.0,160.0,114.0,387.0,137.28571428571428,137.92857142857142,200.46666666666667,20.180141110460163,89.0,116.0,3999.2,-499.8999999999997,89.0,115.0,1.0
4999.0,3499.3,30,4.2,14920,8489,1337,0,1,163,2025,2,9,6,6,40,1,-0.7818314824680299,0.6234898018587334,0.8660254037844386,0.5000000000000001,0.6354323008901774,0.7721565844991642,1499.6999999999998,0.3,0.1574979385086582,1.3252032520325203,40,135.0,123.0,152.0,466.0,133.71428571428572,139.42857142857142,192.06666666666663,17.528208557581824,135.0,123.0,3499.3,0.0,204.0,-41.0,1.0
4999.0,2999.4,40,4.2,8785,15875,1846,0,0,180,2025,2,14,4,7,45,1,-0.433883739117558,-0.9009688679024191,0.8660254037844386,0.5000000000000001,0.699458327051647,0.7146733860429609,1999.6,0.3999999999999999,0.1162834645669291,0.9523809523809524,-9,123.0,134.0,158.0,406.0,133.71428571428572,137.35714285714286,180.63333333333333,17.528208557581824,123.0,107.0,3499.3,-499.9000000000001,163.0,17.0,1.0
4999.0,3999.2,20,4.4,10516,5698,952,0,0,75,2025,2,24,0,9,55,1,0.0,1.0,0.8660254037844386,0.5000000000000001,0.8115390590073611,0.5842981736283684,999.8000000000002,0.2,0.167076167076167,0.7894736842105263,-20,189.0,112.0,161.0,137.0,141.57142857142858,139.57142857142858,173.4,27.287708727905983,180.0,112.0,2999.4,999.7999999999996,180.0,-105.0,1.0
4999.0,3499.3,30,4.5,17110,12974,1230,0,0,267,2025,2,27,3,9,58,1,0.4338837391175582,-0.900968867902419,0.8660254037844386,0.5000000000000001,0.8406184056344782,0.5416278206559814,1499.6999999999998,0.3,0.0948049946045938,1.8413793103448275,122,95.0,164.0,128.0,179.0,139.14285714285714,134.85714285714286,172.0,30.87840977894068,75.0,110.0,3999.2,-499.8999999999997,75.0,192.0,1.0
4999.0,3999.2,20,4.5,8225,11454,1923,0,0,195,2025,2,28,4,9,59,1,-0.433883739117558,-0.9009688679024191,0.8660254037844386,0.5000000000000001,0.8498170915275278,0.5270777086423722,999.8000000000002,0.2,0.1678889470927187,1.4028776978417266,56,145.0,147.0,129.0,118.0,136.42857142857142,136.07142857142858,170.86666666666667,29.113897843109864,145.0,86.0,3499.3,499.8999999999997,267.0,-72.0,1.0
4999.0,3499.3,30,3.9,15343,10345,1117,0,0,234,2025,3,4,1,10,63,1,0.7818314824680298,0.6234898018587336,1.0,6.123233995736766e-17,0.8840675099433636,0.4673592171580022,1499.6999999999998,0.3,0.1079748670855485,1.647887323943662,92,139.0,121.0,128.0,150.0,135.28571428571428,136.78571428571428,171.56666666666666,28.784916685156794,139.0,89.0,3999.2,-499.8999999999997,195.0,39.0,1.0
4999.0,3999.2,20,4.5,9454,12913,1710,0,0,133,2025,3,5,2,10,64,1,0.9749279121818236,-0.2225209339563143,1.0,6.123233995736766e-17,0.8919813464595485,0.4520722039323043,999.8000000000002,0.2,0.1324246882986138,1.064,8,142.0,135.0,160.0,432.0,138.28571428571428,137.78571428571428,171.3,28.1348792172886,142.0,135.0,3499.3,499.8999999999997,234.0,-101.0,1.0
4999.0,3499.3,30,4.5,17315,10444,1375,0,0,234,2025,3,10,0,11,69,1,0.0,1.0,1.0,6.123233995736766e-17,0.9275416835791966,0.373719714790469,1499.6999999999998,0.3,0.1316545384909996,1.7205882352941178,98,125.0,123.0,123.0,370.0,136.85714285714286,135.28571428571428,161.06666666666666,28.57987970250248,125.0,123.0,3999.2,-499.8999999999997,133.0,101.0,1.0
4999.0,2999.4,40,4.2,13008,6615,1146,0,0,237,2025,3,14,4,11,73,1,-0.433883739117558,-0.9009688679024191,1.0,6.123233995736766e-17,0.9510565162951536,0.3090169943749474,1999.6,0.3999999999999999,0.1732426303854875,1.781954887218045,104,136.0,189.0,134.0,436.0,138.71428571428572,136.21428571428572,153.26666666666668,27.944673229521776,136.0,180.0,3499.3,-499.9000000000001,234.0,3.0,1.0
4999.0,2999.4,40,4.3,15488,15568,1998,0,0,381,2025,3,18,1,12,77,1,0.7818314824680298,0.6234898018587336,1.0,6.123233995736766e-17,0.9700639218515072,0.2428497220959356,1999.6,0.3999999999999999,0.1283401849948612,1.9740932642487048,188,133.0,95.0,112.0,282.0,130.71428571428572,136.14285714285714,143.16666666666666,17.036375648537618,133.0,75.0,2999.4,0.0,237.0,144.0,1.0
4999.0,3999.2,20,4.4,10407,13275,1615,0,0,207,2025,3,19,2,12,78,1,0.9749279121818236,-0.2225209339563143,1.0,6.123233995736766e-17,0.9741004551724204,0.2261156855082882,999.8000000000002,0.2,0.1216572504708097,1.361842105263158,55,193.0,145.0,164.0,122.0,144.71428571428572,141.92857142857142,140.2,22.261433659389883,193.0,145.0,2999.4,999.7999999999996,381.0,-174.0,1.0
4999.0,2999.4,40,4.1,8457,6556,1167,0,0,171,2025,3,20,3,12,79,1,0.4338837391175582,-0.900968867902419,1.0,6.123233995736766e-17,0.9778483415056568,0.2093146459630484,1999.6,0.3999999999999999,0.1780048810250152,1.3902439024390243,48,152.0,139.0,147.0,138.0,145.71428571428572,141.07142857142858,141.2,22.43296893498681,152.0,139.0,3999.2,-999.7999999999996,207.0,-36.0,1.0
4999.0,2499.5,50,3.9,13953,12871,1371,0,0,117,2025,3,21,4,12,80,1,-0.433883739117558,-0.9009688679024191,1.0,6.123233995736766e-17,0.9813064702716092,0.1924515819708299,2499.5,0.5,0.1065185300287468,0.6923076923076923,-52,123.0,142.0,121.0,173.0,143.42857142857142,139.35714285714286,140.7,23.992062179375825,123.0,142.0,2999.4,-499.9000000000001,171.0,-54.0,1.0
4999.0,2999.4,40,4.2,16763,6415,709,0,1,92,2025,3,22,5,12,81,1,-0.9749279121818236,-0.2225209339563146,1.0,6.123233995736766e-17,0.9844738167520922,0.1755314904214282,1999.6,0.3999999999999999,0.1105222135619641,0.6764705882352942,-44,169.0,125.0,135.0,111.0,147.28571428571428,142.78571428571428,140.56666666666666,25.82449925758,117.0,125.0,2499.5,499.9000000000001,117.0,-25.0,1.0
4999.0,2499.5,50,3.8,7669,10227,1237,0,0,178,2025,3,26,2,13,85,1,0.9749279121818236,-0.2225209339563143,1.0,6.123233995736766e-17,0.994217906893952,0.107381346664163,2499.5,0.5,0.120954336560086,1.141025641025641,22,136.0,136.0,123.0,176.0,148.85714285714286,142.85714285714286,141.4,24.54539041197304,92.0,136.0,2999.4,-499.9000000000001,92.0,86.0,1.0
4999.0,3999.2,20,3.9,13997,7813,555,0,0,81,2025,4,3,3,14,93,2,0.4338837391175582,-0.900968867902419,0.8660254037844387,-0.4999999999999998,0.9995462806873572,-0.0301203048469081,999.8000000000002,0.2,0.0710354537309612,0.7714285714285715,-24,156.0,133.0,189.0,114.0,151.71428571428572,145.21428571428572,140.73333333333332,23.95630943832437,156.0,133.0,2499.5,1499.6999999999998,178.0,-97.0,1.0
4999.0,3499.3,30,4.1,16674,15537,1856,0,1,207,2025,4,6,6,14,96,2,-0.7818314824680299,0.6234898018587334,0.8660254037844387,-0.4999999999999998,0.9966589017541702,-0.0816763953304224,1499.6999999999998,0.3,0.1194567805882731,1.0952380952380951,18,105.0,193.0,95.0,152.0,147.71428571428572,139.21428571428572,140.43333333333334,29.335497755644376,81.0,193.0,3999.2,-499.8999999999997,81.0,126.0,1.0
4999.0,2999.4,40,4.3,7665,15614,1776,0,0,226,2025,5,20,1,21,140,2,0.7818314824680298,0.6234898018587336,0.4999999999999999,-0.8660254037844387,0.6680638642135335,-0.7441039398713607,1999.6,0.3999999999999999,0.1137440758293838,1.153061224489796,30,189.0,152.0,145.0,158.0,147.14285714285714,145.92857142857142,141.66666666666666,28.32801070453374,189.0,152.0,3499.3,-499.9000000000001,207.0,19.0,1.0
4999.0,2999.4,40,4.4,16453,10759,1222,0,0,204,2025,5,22,3,21,142,2,0.4338837391175582,-0.900968867902419,0.4999999999999999,-0.8660254037844387,0.6420547132365637,-0.766658819300159,1999.6,0.3999999999999999,0.1135793289339157,1.3333333333333333,51,196.0,123.0,139.0,161.0,153.42857142857142,149.57142857142858,142.93333333333334,33.915862281323484,196.0,123.0,2999.4,0.0,226.0,-22.0,1.0
4999.0,2999.4,40,4.4,11746,5984,663,0,0,78,2025,5,29,3,22,149,2,0.4338837391175582,-0.900968867902419,0.4999999999999999,-0.8660254037844387,0.545240438540651,-0.8382797052177744,1999.6,0.3999999999999999,0.1107954545454545,0.5454545454545454,-65,153.0,169.0,142.0,128.0,157.71428571428572,150.57142857142858,142.66666666666666,31.21812660252717,153.0,117.0,2999.4,0.0,204.0,-126.0,1.0
4999.0,3999.2,20,4.2,12181,11802,1731,0,0,167,2025,5,30,4,22,150,2,-0.433883739117558,-0.9009688679024191,0.4999999999999999,-0.8660254037844387,0.5307300481619334,-0.8475409228928311,999.8000000000002,0.2,0.1466700559227249,1.237037037037037,32,143.0,136.0,125.0,129.0,154.0,150.64285714285714,143.16666666666666,31.198290551460023,78.0,92.0,2999.4,999.7999999999996,78.0,89.0,1.0
4999.0,2999.4,40,4.2,10411,7960,1209,0,0,274,2025,6,4,2,23,155,2,0.9749279121818236,-0.2225209339563143,1.2246467991473532e-16,-1.0,0.4559066935084588,-0.8900275764346767,1999.6,0.3999999999999999,0.1518844221105527,1.9027777777777777,130,135.0,156.0,136.0,128.0,153.85714285714286,151.35714285714286,143.36666666666667,31.29658432602793,135.0,156.0,3999.2,-999.7999999999996,167.0,107.0,1.0
4999.0,2499.5,50,4.3,11010,9476,1653,0,0,187,2025,6,6,4,23,157,2,-0.433883739117558,-0.9009688679024191,1.2246467991473532e-16,-1.0,0.4250003399695541,-0.9051931898913974,2499.5,0.5,0.1744406922752216,1.1333333333333333,22,144.0,105.0,133.0,160.0,152.14285714285714,151.92857142857142,143.9,31.487714913536948,144.0,81.0,2999.4,-499.9000000000001,274.0,-87.0,1.0
4999.0,3999.2,20,4.1,14203,9594,1679,0,0,157,2025,6,13,4,24,164,2,-0.433883739117558,-0.9009688679024191,1.2246467991473532e-16,-1.0,0.3131070409358269,-0.9497178427914316,999.8000000000002,0.2,0.1750052115905774,1.319327731092437,38,165.0,189.0,193.0,123.0,160.71428571428572,154.21428571428572,144.06666666666666,23.725614046948245,165.0,189.0,2499.5,1499.6999999999998,187.0,-30.0,1.0
4999.0,3999.2,20,4.5,12176,7729,1412,0,1,129,2025,6,14,5,24,165,2,-0.9749279121818236,-0.2225209339563146,1.2246467991473532e-16,-1.0,0.2967128192734907,-0.9549667548552552,999.8000000000002,0.2,0.1826885754948893,1.1727272727272726,19,119.0,196.0,152.0,134.0,150.71428571428572,148.92857142857142,143.93333333333334,24.55411904151213,119.0,196.0,3999.2,0.0,157.0,-28.0,1.0
4999.0,3999.2,20,3.9,10576,11408,1798,0,0,139,2025,6,20,4,25,171,2,-0.433883739117558,-0.9009688679024191,1.2246467991473532e-16,-1.0,0.1966728897935764,-0.980469160361632,999.8000000000002,0.2,0.1576086956521739,1.1031746031746033,13,110.0,153.0,123.0,112.0,138.42857142857142,145.92857142857142,143.13333333333333,19.007517309888275,110.0,153.0,3999.2,0.0,129.0,10.0,1.0
4999.0,3999.2,20,4.4,15635,9842,1526,0,0,243,2025,6,23,0,26,174,2,0.0,1.0,1.2246467991473532e-16,-1.0,0.1457991969198751,-0.9893142039703664,999.8000000000002,0.2,0.155049786628734,1.8134328358208955,109,126.0,143.0,169.0,164.0,134.57142857142858,146.14285714285714,143.6,18.28348200660101,126.0,78.0,3999.2,0.0,139.0,104.0,1.0
4999.0,2999.4,40,3.8,13888,5010,512,0,0,156,2025,7,1,1,27,182,3,0.7818314824680298,0.6234898018587336,-0.4999999999999997,-0.8660254037844388,0.0086069968886886,-0.9999629591162656,1999.6,0.3999999999999999,0.1021956087824351,1.3565217391304347,41,134.0,135.0,136.0,147.0,133.28571428571428,143.64285714285714,142.6,17.904508610163454,134.0,135.0,3999.2,-999.7999999999996,243.0,-87.0,1.0
4999.0,2499.5,50,3.9,11668,9396,1036,0,0,88,2025,7,4,4,27,185,3,-0.433883739117558,-0.9009688679024191,-0.4999999999999997,-0.8660254037844388,-0.0430222330045303,-0.99907411510223,2499.5,0.5,0.1102596849723286,0.5641025641025641,-68,115.0,144.0,156.0,121.0,130.42857142857142,142.14285714285714,141.53333333333333,19.138592275444484,115.0,144.0,2999.4,-499.9000000000001,156.0,-68.0,1.0
4999.0,3999.2,20,4.0,17122,14066,1581,0,1,231,2025,7,13,6,28,194,3,-0.7818314824680299,0.6234898018587334,-0.4999999999999997,-0.8660254037844388,-0.1966728897935762,-0.980469160361632,999.8000000000002,0.2,0.1123986918811318,1.5608108108108107,83,156.0,165.0,105.0,135.0,132.14285714285714,142.14285714285714,142.7,21.00340108513014,88.0,165.0,2499.5,1499.6999999999998,88.0,143.0,1.0
4999.0,2999.4,40,3.9,7886,7411,816,0,0,223,2025,7,15,1,29,196,3,0.7818314824680298,0.6234898018587336,-0.4999999999999997,-0.8660254037844388,-0.2303056702306119,-0.973118337233262,1999.6,0.3999999999999999,0.1101065982998245,1.7698412698412698,97,148.0,119.0,189.0,123.0,129.71428571428572,145.21428571428572,143.13333333333333,17.211568645480405,148.0,119.0,3999.2,-999.7999999999996,231.0,-8.0,1.0
4999.0,2499.5,50,3.9,13742,9325,1404,0,0,170,2025,7,17,3,29,198,3,0.4338837391175582,-0.900968867902419,-0.4999999999999997,-0.8660254037844388,-0.2636654927280072,-0.9646141756912436,2499.5,0.5,0.1505630026809651,1.1111111111111112,17,126.0,110.0,196.0,189.0,130.71428571428572,140.71428571428572,143.23333333333332,16.68047047412285,126.0,110.0,2999.4,-499.9000000000001,223.0,-53.0,1.0
4999.0,3999.2,20,4.5,10854,7304,622,0,0,48,2025,7,23,2,30,204,3,0.9749279121818236,-0.2225209339563143,-0.4999999999999997,-0.8660254037844388,-0.3617137307297674,-0.9322892131745134,999.8000000000002,0.2,0.0851588170865279,0.5052631578947369,-47,153.0,126.0,153.0,95.0,136.85714285714286,137.64285714285714,142.03333333333333,15.66767980513319,153.0,126.0,2499.5,1499.6999999999998,170.0,-122.0,1.0
4999.0,3999.2,20,4.0,8109,5134,505,0,1,62,2025,7,27,6,30,208,3,-0.7818314824680299,0.6234898018587334,-0.4999999999999997,-0.8660254037844388,-0.4250003399695539,-0.9051931898913976,999.8000000000002,0.2,0.0983638488507986,0.62,-38,95.0,134.0,143.0,145.0,132.42857142857142,133.5,142.03333333333333,22.247525277036317,48.0,134.0,3999.2,0.0,48.0,14.0,1.0
4999.0,3499.3,30,3.9,10901,15030,1852,0,0,361,2025,7,29,1,31,210,3,0.7818314824680298,0.6234898018587336,-0.4999999999999997,-0.8660254037844388,-0.455906693508459,-0.8900275764346766,1499.6999999999998,0.3,0.1232202262142381,1.9513513513513516,176,100.0,115.0,135.0,139.0,127.57142857142856,130.42857142857142,140.53333333333333,25.343356413184576,62.0,115.0,3999.2,-499.8999999999997,62.0,299.0,1.0
4999.0,2999.4,40,4.5,9564,9840,1331,0,0,188,2025,7,30,2,31,211,3,0.9749279121818236,-0.2225209339563143,-0.4999999999999997,-0.8660254037844388,-0.4711595076738639,-0.8820480249558535,1999.6,0.3999999999999999,0.1352642276422764,1.2533333333333334,38,185.0,156.0,144.0,142.0,137.57142857142858,134.0,142.06666666666666,32.38753434505889,185.0,88.0,3499.3,-499.9000000000001,361.0,-173.0,1.0
4999.0,3499.3,30,4.1,12372,7780,1303,0,1,232,2025,8,3,6,31,215,3,-0.7818314824680299,0.6234898018587334,-0.8660254037844385,-0.5000000000000004,-0.5307300481619331,-0.8475409228928312,1499.6999999999998,0.3,0.1674807197943444,1.8267716535433072,105,150.0,148.0,165.0,125.0,136.71428571428572,134.42857142857142,142.33333333333334,31.8941702390591,150.0,148.0,2999.4,499.9000000000001,188.0,44.0,1.0
4999.0,2999.4,40,4.0,14041,15334,1920,0,0,147,2025,8,4,0,32,216,3,0.0,1.0,-0.8660254037844385,-0.5000000000000004,-0.5452404385406507,-0.8382797052177745,1999.6,0.3999999999999999,0.1252119473066388,0.8258426966292135,-31,127.0,126.0,119.0,136.0,133.71428571428572,131.71428571428572,142.4,31.642346550755107,127.0,126.0,3499.3,-499.9000000000001,232.0,-85.0,1.0
4999.0,3499.3,30,4.0,11752,16191,1985,0,0,267,2025,8,18,0,34,230,3,0.0,1.0,-0.8660254037844385,-0.5000000000000004,-0.7295575540864876,-0.6839194216246105,1499.6999999999998,0.3,0.1225989747390525,1.4432432432432432,82,178.0,153.0,110.0,133.0,141.14285714285714,135.92857142857142,143.8,35.40917287666448,147.0,153.0,2999.4,499.9000000000001,147.0,120.0,1.0
4999.0,3999.2,20,3.8,10871,10107,1613,0,0,275,2025,8,21,3,34,233,3,0.4338837391175582,-0.900968867902419,-0.8660254037844385,-0.5000000000000004,-0.7638886127905429,-0.64534811322955,999.8000000000002,0.2,0.1595923617294944,1.896551724137931,130,185.0,95.0,126.0,193.0,145.71428571428572,141.28571428571428,145.53333333333333,39.0713632801751,185.0,48.0,3499.3,499.8999999999997,267.0,8.0,1.0
4999.0,3499.3,30,4.3,10074,6827,790,0,1,88,2025,8,24,6,34,236,3,-0.7818314824680299,0.6234898018587334,-0.8660254037844385,-0.5000000000000004,-0.7961828637826154,-0.6050560696488494,1499.6999999999998,0.3,0.1157170060055661,0.7272727272727273,-33,145.0,100.0,134.0,152.0,152.85714285714286,142.64285714285714,143.93333333333334,32.2253966690276,145.0,62.0,3999.2,-499.8999999999997,275.0,-187.0,1.0
4999.0,3999.2,20,4.2,8499,10869,1533,0,0,258,2025,9,12,4,37,255,3,-0.433883739117558,-0.9009688679024191,-1.0,-1.8369701987210294e-16,-0.9483615800121716,-0.3171912885891059,999.8000000000002,0.2,0.1410433342533811,1.856115107913669,119,121.0,185.0,115.0,123.0,155.85714285714286,141.71428571428572,142.9,27.04581650599912,88.0,185.0,3499.3,499.8999999999997,88.0,170.0,1.0
4999.0,3999.2,20,4.3,11376,9393,1189,0,0,177,2025,9,16,1,38,259,3,0.7818314824680298,0.6234898018587336,-1.0,-1.8369701987210294e-16,-0.9679377830240642,-0.2511900638848195,999.8000000000002,0.2,0.1265836261045459,1.3111111111111111,42,139.0,150.0,156.0,169.0,149.28571428571428,143.42857142857142,143.43333333333334,24.226117351006685,139.0,150.0,3999.2,0.0,258.0,-81.0,1.0
4999.0,2999.4,40,4.4,14112,9697,994,0,0,181,2025,9,17,2,38,260,3,0.9749279121818236,-0.2225209339563143,-1.0,-1.8369701987210294e-16,-0.9721181966290612,-0.2344913895704105,1999.6,0.3999999999999999,0.1025059296689697,1.292857142857143,41,135.0,127.0,148.0,136.0,147.14285714285714,141.92857142857142,142.3,24.80879260415904,135.0,127.0,3999.2,-999.7999999999996,177.0,4.0,1.0
4999.0,2999.4,40,3.9,9856,27506,3671,1,0,270,2025,9,23,1,39,266,3,0.7818314824680298,0.6234898018587336,-1.0,-1.8369701987210294e-16,-0.9911140639934546,-0.1330147065341963,1999.6,0.3999999999999999,0.1334617901548753,0.7648725212464589,-83,140.0,178.0,126.0,156.0,149.0,141.35714285714286,142.43333333333334,23.501772982762787,140.0,147.0,2999.4,0.0,181.0,89.0,1.0
4999.0,1749.65,65,3.9,8559,27619,4503,1,0,382,2025,10,8,2,41,281,4,0.9749279121818236,-0.2225209339563143,-0.8660254037844386,0.5000000000000001,-0.9922222094179324,0.1244792638867886,3249.35,0.65,0.1630399362757522,0.9769820971867008,-9,353.0,185.0,153.0,105.0,174.0,157.57142857142858,149.0,81.3572369245661,270.0,185.0,2999.4,-1249.75,270.0,112.0,1.0
4999.0,3999.2,20,3.8,11103,8174,797,0,1,220,2025,10,19,6,42,292,4,-0.7818314824680299,0.6234898018587334,-0.8660254037844386,0.5000000000000001,-0.9510565162951536,0.3090169943749472,999.8000000000002,0.2,0.0975042818693418,1.9469026548672568,107,391.0,145.0,95.0,189.0,203.42857142857144,174.57142857142858,158.53333333333333,115.91643130988386,382.0,145.0,1749.65,2249.55,382.0,-162.0,1.0
4999.0,3499.3,30,4.1,17516,6433,990,0,0,142,2025,10,20,0,43,293,4,0.0,1.0,-0.8660254037844386,0.5000000000000001,-0.9455963874271428,0.3253420847119795,1499.6999999999998,0.3,0.1538939841442561,1.1181102362204725,15,113.0,121.0,100.0,196.0,198.8571428571429,175.85714285714286,156.0,119.1895249472152,113.0,88.0,3999.2,-499.8999999999997,220.0,-78.0,1.0
4999.0,3999.2,20,4.2,8803,9837,1299,0,0,192,2025,10,21,1,43,294,4,0.7818314824680298,0.6234898018587336,-0.8660254037844386,0.5000000000000001,-0.9398560579418952,0.341570769167856,999.8000000000002,0.2,0.1320524550167734,1.641025641025641,75,127.0,139.0,185.0,153.0,199.7142857142857,177.78571428571428,153.7,118.55619523488178,127.0,139.0,3499.3,499.8999999999997,142.0,50.0,1.0
4999.0,2999.4,40,3.8,16307,14873,1819,0,0,288,2025,10,22,2,43,295,4,0.9749279121818236,-0.2225209339563143,-0.8660254037844386,0.5000000000000001,-0.9338372288229252,0.3576982388331254,1999.6,0.3999999999999999,0.1223021582733813,1.7454545454545454,123,117.0,135.0,150.0,143.0,196.57142857142856,172.92857142857142,152.5,120.70605776410876,117.0,135.0,3999.2,-999.7999999999996,192.0,96.0,1.0
4999.0,3999.2,20,4.3,11117,8274,832,0,1,144,2025,10,26,6,43,299,4,-0.7818314824680299,0.6234898018587334,-0.8660254037844386,0.5000000000000001,-0.9070138128026362,0.4211008707960891,999.8000000000002,0.2,0.1005559584239787,1.3714285714285714,39,165.0,140.0,127.0,135.0,200.8571428571429,174.0,153.23333333333332,118.6710138315566,165.0,140.0,2999.4,999.7999999999996,288.0,-144.0,1.0
4999.0,1749.65,65,4.0,12719,27355,5092,1,0,221,2025,11,10,0,46,314,4,0.0,1.0,-0.5000000000000004,0.8660254037844384,-0.7694148268839381,0.6387494220515268,3249.35,0.65,0.1861451288612685,0.5710594315245479,-166,105.0,353.0,178.0,144.0,195.8571428571429,172.42857142857142,152.23333333333332,122.34299948836264,105.0,270.0,3999.2,-2249.55,144.0,77.0,1.0
4999.0,2999.4,40,3.8,12567,9501,1610,0,0,171,2025,11,17,0,47,321,4,0.0,1.0,-0.5000000000000004,0.8660254037844384,-0.6870527672236675,0.7266075247685652,1999.6,0.3999999999999999,0.1694558467529733,1.1476510067114094,22,387.0,391.0,185.0,165.0,200.7142857142857,187.3571428571429,160.33333333333334,130.05346885763848,221.0,382.0,1749.65,1249.75,221.0,-50.0,1.0
4999.0,3499.3,30,4.1,10930,7897,852,0,1,204,2025,12,14,6,50,348,4,-0.7818314824680299,0.6234898018587334,-2.4492935982947064e-16,1.0,-0.2884824328806098,0.9574851883550388,1499.6999999999998,0.3,0.1078890717994175,1.533834586466165,71,149.0,113.0,145.0,119.0,166.14285714285714,184.78571428571428,159.8,99.65177464790168,149.0,113.0,2999.4,499.9000000000001,171.0,33.0,1.0
4999.0,3499.3,30,4.1,10127,7048,810,0,0,122,2025,12,19,4,51,353,4,-0.433883739117558,-0.9009688679024191,-2.4492935982947064e-16,1.0,-0.2051044998686192,0.9787400799669153,1499.6999999999998,0.3,0.1149262202043132,1.0166666666666666,2,133.0,127.0,121.0,110.0,169.0,183.92857142857144,160.26666666666668,98.14954576223631,133.0,127.0,3499.3,0.0,204.0,-82.0,1.0
4999.0,2999.4,40,4.1,17033,11000,1483,0,0,130,2025,12,22,0,52,356,4,0.0,1.0,-2.4492935982947064e-16,1.0,-0.154308820664281,0.9880226656636976,1999.6,0.3999999999999999,0.1348181818181818,0.7784431137724551,-37,120.0,117.0,139.0,126.0,168.0,183.8571428571429,160.6,98.68299414455016,120.0,117.0,3499.3,-499.9000000000001,122.0,8.0,1.0
13999.0,6999.5,50,4.3,10734,4104,621,0,1,160,2023,1,1,6,52,1,1,-0.7818314824680299,0.6234898018587334,0.4999999999999999,0.8660254037844387,0.0172133561558346,0.9998518392091162,6999.5,0.5,0.1513157894736842,1.4035087719298245,46,0.0,0.0,0.0,0.0,0.0,0.0,0.0,0.0,0.0,0.0,0.0,0.0,0.0,0.0,1.0
13999.0,9799.3,30,3.8,13672,11272,1582,0,0,256,2023,1,3,1,1,3,1,0.7818314824680298,0.6234898018587336,0.4999999999999999,0.8660254037844387,0.0516196672232537,0.998666816288476,4199.700000000001,0.3,0.1403477643718949,1.8962962962962964,121,114.0,0.0,0.0,0.0,0.0,0.0,0.0,0.0,114.0,0.0,6999.5,2799.7999999999997,160.0,96.0,1.0
13999.0,6999.5,50,4.4,7735,12929,1295,0,1,223,2023,1,15,6,2,15,1,-0.7818314824680299,0.6234898018587334,0.4999999999999999,0.8660254037844387,0.255353295116187,0.9668478136052776,6999.5,0.5,0.1001624255549539,1.1614583333333333,31,135.0,0.0,0.0,0.0,0.0,0.0,0.0,0.0,135.0,0.0,9799.3,-2799.7999999999997,256.0,-33.0,1.0
13999.0,11199.2,20,4.1,12334,9124,1451,0,0,146,2023,1,19,3,3,19,1,0.4338837391175582,-0.900968867902419,0.4999999999999999,0.8660254037844387,0.3212696616923644,0.9469877530760752,2799.7999999999997,0.1999999999999999,0.1590311266988163,1.206611570247934,25,192.0,0.0,0.0,0.0,0.0,0.0,0.0,0.0,192.0,0.0,6999.5,4199.700000000001,223.0,-77.0,1.0
13999.0,11199.2,20,4.1,14018,7977,793,0,1,200,2023,1,21,5,3,21,1,-0.9749279121818236,-0.2225209339563146,0.4999999999999999,0.8660254037844387,0.3536761221763716,0.9353679493131484,2799.7999999999997,0.1999999999999999,0.0994108060674439,1.7543859649122806,86,121.0,0.0,0.0,0.0,0.0,0.0,0.0,0.0,121.0,0.0,11199.2,0.0,146.0,54.0,1.0
13999.0,11199.2,20,4.2,13404,12761,1671,0,0,109,2023,1,23,0,4,23,1,0.0,1.0,0.4999999999999999,0.8660254037844387,0.385663406243607,0.9226395488404876,2799.7999999999997,0.1999999999999999,0.1309458506386646,0.7622377622377622,-34,114.0,0.0,0.0,0.0,0.0,0.0,0.0,0.0,114.0,0.0,11199.2,0.0,200.0,-91.0,1.0
13999.0,8399.4,40,4.3,6726,17932,1943,0,0,191,2023,1,27,4,4,27,1,-0.433883739117558,-0.9009688679024191,0.4999999999999999,0.8660254037844387,0.4482293417404106,0.893918596519257,5599.6,0.4,0.1083537809502565,1.0268817204301075,5,143.0,0.0,0.0,0.0,0.0,0.0,0.0,0.0,109.0,0.0,11199.2,-2799.800000000001,109.0,82.0,1.0
13999.0,8399.4,40,4.0,14576,11123,1315,0,1,208,2023,1,29,6,4,29,1,-0.7818314824680299,0.6234898018587334,0.4999999999999999,0.8660254037844387,0.4787338401157884,0.8779600847008882,5599.6,0.4,0.1182235008540861,1.2760736196319018,45,186.0,114.0,0.0,0.0,143.57142857142858,0.0,0.0,32.85755693320864,186.0,114.0,8399.4,0.0,191.0,17.0,1.0
13999.0,11199.2,20,4.3,13301,15086,1695,0,0,126,2023,2,1,2,5,32,1,0.9749279121818236,-0.2225209339563143,0.8660254037844386,0.5000000000000001,0.5234156073655503,0.8520775211013093,2799.7999999999997,0.1999999999999999,0.1123558265941933,0.7730061349693251,-37,163.0,135.0,0.0,0.0,150.57142857142858,0.0,0.0,30.653206155621756,163.0,135.0,8399.4,2799.800000000001,208.0,-82.0,1.0
13999.0,11199.2,20,4.0,7605,10314,1112,0,0,183,2023,2,8,2,6,39,1,0.9749279121818236,-0.2225209339563143,0.8660254037844386,0.5000000000000001,0.6220467484408675,0.7829801036770629,2799.7999999999997,0.1999999999999999,0.1078146209036261,1.3357664233576645,46,163.0,192.0,0.0,0.0,154.57142857142858,0.0,0.0,30.10457962313564,126.0,192.0,11199.2,0.0,126.0,57.0,1.0
13999.0,11199.2,20,4.5,9054,10627,1566,0,0,71,2023,2,17,4,7,48,1,-0.433883739117558,-0.9009688679024191,0.8660254037844386,0.5000000000000001,0.7354170229639855,0.6776147890466889,2799.7999999999997,0.1999999999999999,0.1473604968476522,0.5916666666666667,-49,137.0,121.0,0.0,0.0,146.71428571428572,0.0,0.0,25.53895250863071,137.0,121.0,11199.2,0.0,183.0,-112.0,1.0
13999.0,9799.3,30,4.0,5559,16131,1899,0,1,332,2023,2,19,6,7,50,1,-0.7818314824680299,0.6234898018587334,0.8660254037844386,0.5000000000000001,0.7583058084785624,0.6518989958787126,4199.700000000001,0.3,0.1177236377161986,1.9761904761904765,164,120.0,114.0,0.0,0.0,146.57142857142858,0.0,0.0,25.70899416454056,71.0,114.0,11199.2,-1399.9000000000017,71.0,261.0,1.0
13999.0,11199.2,20,4.3,7936,10472,1622,0,0,218,2023,2,20,0,8,51,1,0.0,1.0,0.8660254037844386,0.5000000000000001,0.7694148268839378,0.6387494220515272,2799.7999999999997,0.1999999999999999,0.1548892284186402,1.6029411764705883,82,168.0,143.0,0.0,0.0,154.28571428571428,0.0,0.0,22.1638916988442,168.0,109.0,9799.3,1399.9000000000017,332.0,-114.0,1.0
13999.0,8399.4,40,4.0,5854,9363,1542,0,0,296,2023,2,22,2,8,53,1,0.9749279121818236,-0.2225209339563143,0.8660254037844386,0.5000000000000001,0.7909456567567772,0.6118864012687243,5599.6,0.4,0.1646908042294136,1.9865771812080537,147,136.0,186.0,0.0,0.0,153.28571428571428,0.0,0.0,22.90352437009265,136.0,186.0,11199.2,-2799.800000000001,218.0,78.0,1.0
13999.0,9799.3,30,4.2,10139,11864,1592,0,0,254,2023,2,23,3,8,54,1,0.4338837391175582,-0.900968867902419,0.8660254037844386,0.5000000000000001,0.8013610881746766,0.5981809144059165,4199.700000000001,0.3,0.1341874578556979,1.6933333333333334,104,149.0,163.0,114.0,0.0,148.0,145.78571428571428,0.0,17.79513042005217,149.0,163.0,8399.4,1399.8999999999996,296.0,-42.0,1.0
13999.0,8399.4,40,4.4,8252,6283,886,0,0,216,2023,3,2,3,9,61,1,0.4338837391175582,-0.900968867902419,1.0,6.123233995736766e-17,0.8674563547295969,0.4975132889071806,5599.6,0.4,0.1410154384848002,1.6875,88,150.0,163.0,135.0,0.0,146.14285714285714,148.35714285714286,0.0,16.60751407675222,150.0,126.0,9799.3,-1399.8999999999996,254.0,-38.0,1.0
13999.0,11199.2,20,4.0,14529,15833,1871,0,0,303,2023,3,6,0,10,65,1,0.0,1.0,1.0,6.123233995736766e-17,0.8996308696522433,0.436651231956064,2799.7999999999997,0.1999999999999999,0.1181709088612391,1.7928994082840235,134,128.0,137.0,192.0,0.0,141.14285714285714,147.85714285714286,0.0,15.941858647687727,128.0,137.0,8399.4,2799.800000000001,216.0,87.0,1.0
13999.0,11199.2,20,4.1,12128,9289,1538,0,0,76,2023,3,24,4,12,83,1,-0.433883739117558,-0.9009688679024191,1.0,6.123233995736766e-17,0.989932495087353,0.141540295217043,2799.7999999999997,0.1999999999999999,0.1655721821509312,0.628099173553719,-45,169.0,120.0,121.0,0.0,145.71428571428572,146.21428571428572,0.0,18.874270720695268,169.0,71.0,11199.2,0.0,303.0,-227.0,1.0
13999.0,11199.2,20,4.5,7812,10537,1446,0,0,149,2023,3,29,2,13,88,1,0.9749279121818236,-0.2225209339563143,1.0,6.123233995736766e-17,0.9984354211555644,0.0559169901006034,2799.7999999999997,0.1999999999999999,0.137230710828509,1.0492957746478873,7,121.0,168.0,114.0,0.0,145.85714285714286,146.21428571428572,0.0,18.64965210961114,76.0,168.0,11199.2,0.0,76.0,73.0,1.0
13999.0,9799.3,30,4.4,13895,12825,1733,0,0,180,2023,4,17,0,16,107,2,0.0,1.0,0.8660254037844387,-0.4999999999999998,0.9634705485641488,-0.2678143051621742,4199.700000000001,0.3,0.1351267056530214,1.2244897959183674,33,142.0,136.0,143.0,0.0,142.14285714285714,148.21428571428572,0.0,15.88949937777114,142.0,136.0,11199.2,-1399.9000000000017,149.0,31.0,1.0
13999.0,11199.2,20,4.4,12479,7104,864,0,1,94,2023,5,7,6,18,127,2,-0.7818314824680299,0.6234898018587334,0.4999999999999999,-0.8660254037844387,0.8165380514459161,-0.5772916165517272,2799.7999999999997,0.1999999999999999,0.1216216216216216,0.8545454545454545,-16,147.0,149.0,186.0,0.0,143.71428571428572,148.5,0.0,15.72380663955438,147.0,149.0,9799.3,1399.9000000000017,180.0,-86.0,1.0
13999.0,9799.3,30,4.4,14865,7443,876,0,0,162,2023,5,18,3,20,138,2,0.4338837391175582,-0.900968867902419,0.4999999999999999,-0.8660254037844387,0.6932812268869777,-0.7206671495538609,4199.700000000001,0.3,0.1176944780330511,1.3388429752066116,41,110.0,150.0,163.0,0.0,138.14285714285714,143.07142857142858,0.0,19.894962272131167,94.0,150.0,11199.2,-1399.9000000000017,94.0,68.0,1.0
13999.0,8399.4,40,4.0,7464,14625,1952,0,0,242,2023,5,19,4,20,139,2,-0.433883739117558,-0.9009688679024191,0.4999999999999999,-0.8660254037844387,0.6807734094770161,-0.7324940716135789,5599.6,0.4,0.1334700854700854,1.3370165745856353,61,121.0,128.0,163.0,0.0,134.0,140.07142857142858,0.0,20.033305601755583,121.0,128.0,9799.3,-1399.8999999999996,162.0,80.0,1.0
13999.0,11199.2,20,4.0,9410,10776,1699,0,1,134,2023,5,27,5,21,147,2,-0.9749279121818236,-0.2225209339563146,0.4999999999999999,-0.8660254037844387,0.5737722679043246,-0.8190148866680801,2799.7999999999997,0.1999999999999999,0.1576651818856718,0.978102189781022,-3,181.0,169.0,137.0,0.0,141.57142857142858,141.35714285714286,0.0,26.39354177860649,181.0,169.0,8399.4,2799.800000000001,242.0,-108.0,1.0
13999.0,8399.4,40,4.4,7148,12750,1280,0,0,213,2023,5,29,0,22,149,2,0.0,1.0,0.4999999999999999,-0.8660254037844387,0.545240438540651,-0.8382797052177744,5599.6,0.4,0.1003921568627451,1.3067484662576687,50,137.0,121.0,120.0,0.0,137.0,141.35714285714286,0.0,23.459184413217177,134.0,76.0,11199.2,-2799.800000000001,134.0,79.0,1.0
13999.0,11199.2,20,4.3,12950,9104,1230,0,1,208,2023,6,3,5,22,154,2,-0.9749279121818236,-0.2225209339563146,1.2246467991473532e-16,-1.0,0.4711595076738638,-0.8820480249558537,2799.7999999999997,0.1999999999999999,0.1351054481546573,1.7627118644067796,90,163.0,142.0,168.0,0.0,143.0,144.42857142857142,0.0,24.04856198057032,163.0,142.0,8399.4,2799.800000000001,213.0,-5.0,1.0
13999.0,8399.4,40,4.3,8626,11566,1545,0,0,161,2023,6,7,2,23,158,2,0.9749279121818236,-0.2225209339563143,1.2246467991473532e-16,-1.0,0.4093559588156213,-0.9123747579707272,5599.6,0.4,0.1335811862355179,0.9877300613496932,-2,118.0,147.0,136.0,0.0,139.57142857142858,140.85714285714286,0.0,25.857669029111,118.0,147.0,11199.2,-2799.800000000001,208.0,-47.0,1.0
13999.0,11199.2,20,4.3,11920,12937,1368,0,0,72,2023,6,8,3,23,159,2,0.4338837391175582,-0.900968867902419,1.2246467991473532e-16,-1.0,0.3935902766564667,-0.9192859697186104,2799.7999999999997,0.1999999999999999,0.1057432171291644,0.5,-72,163.0,110.0,149.0,0.0,141.85714285714286,142.78571428571428,0.0,27.29119865102159,161.0,94.0,8399.4,2799.800000000001,161.0,-89.0,1.0
13999.0,9799.3,30,4.1,9090,9893,1583,0,1,273,2023,6,10,5,23,161,2,-0.9749279121818236,-0.2225209339563146,1.2246467991473532e-16,-1.0,0.3617137307297676,-0.9322892131745132,4199.700000000001,0.3,0.1600121297887395,1.8079470198675496,122,144.0,121.0,150.0,0.0,146.71428571428572,142.42857142857142,0.0,23.42871660814483,72.0,121.0,11199.2,-1399.9000000000017,72.0,201.0,1.0
13999.0,11199.2,20,4.2,11586,8464,1134,0,1,105,2023,6,18,6,24,169,2,-0.7818314824680299,0.6234898018587334,1.2246467991473532e-16,-1.0,0.2303056702306122,-0.973118337233262,2799.7999999999997,0.1999999999999999,0.1339792060491493,0.8076923076923077,-25,151.0,181.0,128.0,0.0,151.0,142.5,0.0,20.502032419575706,151.0,181.0,9799.3,1399.9000000000017,273.0,-168.0,1.0
13999.0,8399.4,40,4.4,7872,9815,1194,0,0,232,2023,6,22,3,25,173,2,0.4338837391175582,-0.900968867902419,1.2246467991473532e-16,-1.0,0.1628070129385171,-0.986657932891657,5599.6,0.4,0.121650534895568,1.3892215568862276,65,130.0,137.0,169.0,114.0,143.71428571428572,142.64285714285714,143.86666666666667,16.790019711267792,105.0,134.0,11199.2,-2799.800000000001,105.0,127.0,1.0
13999.0,11199.2,20,4.4,10228,7670,919,0,1,117,2023,6,25,6,25,176,2,-0.7818314824680299,0.6234898018587334,1.2246467991473532e-16,-1.0,0.1116590071216951,-0.993746580436178,2799.7999999999997,0.1999999999999999,0.1198174706649282,1.1142857142857143,12,167.0,163.0,121.0,135.0,148.0,142.5,145.63333333333333,18.529256146249715,167.0,163.0,8399.4,2799.800000000001,232.0,-115.0,1.0
13999.0,11199.2,20,4.5,8914,8478,786,0,0,145,2023,6,30,4,26,181,2,-0.433883739117558,-0.9009688679024191,1.2246467991473532e-16,-1.0,0.025818440227133,-0.9996666485105112,2799.7999999999997,0.1999999999999999,0.0927105449398443,1.355140186915888,38,105.0,118.0,142.0,192.0,139.71428571428572,141.35714285714286,144.63333333333333,23.106379246969027,105.0,118.0,11199.2,0.0,117.0,28.0,1.0
13999.0,9799.3,30,4.4,7474,9227,1119,0,0,182,2023,7,3,0,27,184,3,0.0,1.0,-0.4999999999999997,-0.8660254037844388,-0.0258184402271323,-0.9996666485105112,4199.700000000001,0.3,0.1212745204291752,1.3093525179856116,43,107.0,163.0,147.0,121.0,138.14285714285714,138.85714285714286,141.8,25.11592171929039,107.0,161.0,11199.2,-1399.9000000000017,145.0,37.0,1.0
13999.0,9799.3,30,4.3,7243,7992,518,0,0,171,2023,7,12,2,28,193,3,0.9749279121818236,-0.2225209339563143,-0.4999999999999997,-0.8660254037844388,-0.1797665857255621,-0.9837092937736098,4199.700000000001,0.3,0.0648148148148148,1.3571428571428572,45,139.0,144.0,110.0,114.0,134.71428571428572,138.28571428571428,142.4,22.676818454935297,139.0,72.0,9799.3,0.0,182.0,-11.0,1.0
13999.0,11199.2,20,4.4,12839,11289,1690,0,0,248,2023,7,24,0,30,205,3,0.0,1.0,-0.4999999999999997,-0.8660254037844388,-0.3777079652039646,-0.92592477719385,2799.7999999999997,0.1999999999999999,0.1497032509522544,1.8646616541353385,115,126.0,151.0,121.0,143.0,132.14285714285714,139.42857142857142,142.8,22.467966614928084,126.0,151.0,9799.3,1399.9000000000017,171.0,77.0,1.0
13999.0,8399.4,40,4.2,6749,10740,1053,0,0,242,2023,7,28,4,30,209,3,-0.433883739117558,-0.9009688679024191,-0.4999999999999997,-0.8660254037844388,-0.4405187843504952,-0.8977433935342336,5599.6,0.4,0.0980446927374301,1.635135135135135,94,133.0,130.0,181.0,186.0,129.57142857142858,140.28571428571428,142.46666666666667,20.92731184247944,133.0,105.0,11199.2,-2799.800000000001,248.0,-6.0,1.0
13999.0,9799.3,30,4.4,10678,5436,1016,0,1,202,2023,7,29,5,30,210,3,-0.9749279121818236,-0.2225209339563146,-0.4999999999999997,-0.8660254037844388,-0.455906693508459,-0.8900275764346766,4199.700000000001,0.3,0.1869021339220014,1.853211009174312,93,148.0,167.0,137.0,163.0,132.14285714285714,137.92857142857142,141.2,22.06376041860324,148.0,167.0,8399.4,1399.8999999999996,242.0,-40.0,1.0
13999.0,11199.2,20,4.3,9679,6627,905,0,0,92,2023,8,3,3,31,215,3,0.4338837391175582,-0.900968867902419,-0.8660254037844385,-0.5000000000000004,-0.5307300481619331,-0.8475409228928312,2799.7999999999997,0.1999999999999999,0.1365625471555756,0.8288288288288288,-19,109.0,105.0,163.0,163.0,123.85714285714286,135.92857142857142,139.4,17.131146793959523,109.0,105.0,9799.3,1399.9000000000017,202.0,-110.0,1.0
13999.0,8399.4,40,3.8,10221,6488,613,0,0,151,2023,8,4,4,31,216,3,-0.433883739117558,-0.9009688679024191,-0.8660254037844385,-0.5000000000000004,-0.5452404385406507,-0.8382797052177745,5599.6,0.4,0.094482120838471,1.126865671641791,17,111.0,107.0,118.0,137.0,124.71428571428572,132.21428571428572,137.66666666666666,16.152546607416465,92.0,107.0,11199.2,-2799.800000000001,92.0,59.0,1.0
13999.0,8399.4,40,3.9,6211,5491,541,0,1,92,2023,8,6,6,31,218,3,-0.7818314824680299,0.6234898018587334,-0.8660254037844385,-0.5000000000000004,-0.5737722679043243,-0.8190148866680802,5599.6,0.4,0.0985248588599526,0.7863247863247863,-25,134.0,139.0,163.0,120.0,128.57142857142858,133.35714285714286,137.56666666666666,14.339422848184892,134.0,139.0,8399.4,0.0,151.0,-59.0,1.0
13999.0,9799.3,30,4.5,14641,6115,752,0,0,150,2023,8,8,1,32,220,3,0.7818314824680298,0.6234898018587336,-0.8660254037844385,-0.5000000000000004,-0.6016240632249227,-0.7987793728863648,4199.700000000001,0.3,0.1229762878168438,1.327433628318584,37,117.0,126.0,144.0,168.0,125.42857142857144,130.07142857142858,137.46666666666667,14.081396034687522,92.0,126.0,8399.4,1399.8999999999996,92.0,58.0,1.0
13999.0,9799.3,30,3.9,8385,5258,542,0,0,52,2023,8,11,4,32,223,3,-0.433883739117558,-0.9009688679024191,-0.8660254037844385,-0.5000000000000004,-0.6420547132365636,-0.7666588193001592,4199.700000000001,0.3,0.103081019399011,0.5360824742268041,-45,113.0,133.0,151.0,136.0,123.57142857142856,127.85714285714286,135.63333333333333,14.830791649550608,113.0,133.0,9799.3,0.0,150.0,-98.0,1.0
13999.0,9799.3,30,4.4,15341,13670,1945,0,1,207,2023,8,19,5,33,231,3,-0.9749279121818236,-0.2225209339563146,-0.8660254037844385,-0.5000000000000004,-0.7412220108485957,-0.6712599575675315,4199.700000000001,0.3,0.142282370153621,1.30188679245283,48,97.0,148.0,130.0,149.0,118.42857142857144,124.0,134.33333333333334,17.086614086833585,52.0,148.0,9799.3,0.0,52.0,155.0,1.0
13999.0,9799.3,30,4.3,12565,8255,699,0,0,133,2023,8,21,0,34,233,3,0.0,1.0,-0.8660254037844385,-0.5000000000000004,-0.7638886127905429,-0.64534811322955,4199.700000000001,0.3,0.0846759539672925,1.015267175572519,2,159.0,109.0,167.0,150.0,120.0,126.07142857142856,134.66666666666666,20.436894741292416,159.0,109.0,9799.3,0.0,207.0,-74.0,1.0
13999.0,9799.3,30,4.3,10639,10420,1723,0,0,197,2023,8,22,1,34,234,3,0.7818314824680298,0.6234898018587336,-0.8660254037844385,-0.5000000000000004,-0.7748840413670406,-0.6321034111873488,4199.700000000001,0.3,0.1653550863723608,1.427536231884058,59,131.0,111.0,105.0,128.0,123.14285714285714,123.5,134.03333333333333,20.15298630830816,131.0,92.0,9799.3,0.0,133.0,64.0,1.0
13999.0,11199.2,20,3.8,14844,11685,1925,0,0,128,2023,8,28,0,35,240,3,0.0,1.0,-0.8660254037844385,-0.5000000000000004,-0.8359254794186365,-0.5488429582847199,2799.7999999999997,0.1999999999999999,0.1647411210954215,0.9142857142857144,-12,138.0,134.0,107.0,169.0,127.0,125.85714285714286,134.36666666666667,20.02498439450077,138.0,134.0,9799.3,1399.9000000000017,197.0,-69.0,1.0
13999.0,11199.2,20,3.9,8181,9469,1695,0,0,93,2023,8,29,1,35,241,3,0.7818314824680298,0.6234898018587336,-0.8660254037844385,-0.5000000000000004,-0.8452490573530634,-0.5343725582809785,2799.7999999999997,0.1999999999999999,0.1790051747808638,0.8378378378378378,-18,140.0,117.0,139.0,121.0,127.85714285714286,128.21428571428572,133.4,20.497386592999028,128.0,92.0,11199.2,0.0,128.0,-35.0,1.0
13999.0,11199.2,20,4.0,14579,7436,734,0,0,82,2023,8,31,3,35,243,3,0.4338837391175582,-0.900968867902419,-0.8660254037844385,-0.5000000000000004,-0.8631421280499115,-0.5049610547215202,2799.7999999999997,0.1999999999999999,0.0987089833243679,0.7256637168141593,-31,111.0,113.0,126.0,142.0,127.0,126.21428571428572,133.06666666666666,21.142374511865956,93.0,113.0,11199.2,0.0,93.0,-11.0,1.0
13999.0,11199.2,20,4.1,8313,15135,1744,0,0,209,2023,9,8,4,36,251,3,-0.433883739117558,-0.9009688679024191,-1.0,-1.8369701987210294e-16,-0.9242907221930934,-0.3816892202666586,2799.7999999999997,0.1999999999999999,0.115229600264288,1.3397435897435896,53,113.0,97.0,133.0,147.0,127.0,125.28571428571428,132.1,21.142374511865956,82.0,52.0,11199.2,0.0,82.0,127.0,1.0
13999.0,9799.3,30,3.9,14352,8543,577,0,0,131,2023,9,12,1,37,255,3,0.7818314824680298,0.6234898018587336,-1.0,-1.8369701987210294e-16,-0.9483615800121716,-0.3171912885891059,4199.700000000001,0.3,0.0675406765773147,0.916083916083916,-12,156.0,159.0,148.0,110.0,135.42857142857142,126.92857142857144,132.4,18.822478962286397,156.0,159.0,11199.2,-1399.9000000000017,209.0,-78.0,1.0
13999.0,11199.2,20,3.9,13233,13991,1509,0,0,127,2023,9,15,4,37,258,3,-0.433883739117558,-0.9009688679024191,-1.0,-1.8369701987210294e-16,-0.9634705485641486,-0.2678143051621748,2799.7999999999997,0.1999999999999999,0.1078550496747909,0.8943661971830986,-15,143.0,131.0,109.0,121.0,133.14285714285714,126.57142857142856,133.5,16.28320782717142,131.0,131.0,9799.3,1399.9000000000017,131.0,-4.0,1.0
13999.0,8399.4,40,3.9,13305,6189,687,0,1,221,2023,9,16,5,37,259,3,-0.9749279121818236,-0.2225209339563146,-1.0,-1.8369701987210294e-16,-0.9679377830240642,-0.2511900638848195,5599.6,0.4,0.1110033931168201,1.7265625,93,142.0,138.0,111.0,181.0,134.71428571428572,128.92857142857142,134.2,16.570196998570296,127.0,138.0,11199.2,-2799.800000000001,127.0,94.0,1.0
13999.0,11199.2,20,3.8,10775,4464,662,0,1,164,2023,9,17,6,37,260,3,-0.7818314824680299,0.6234898018587334,-1.0,-1.8369701987210294e-16,-0.9721181966290612,-0.2344913895704105,2799.7999999999997,0.1999999999999999,0.1482974910394265,1.8021978021978025,73,128.0,140.0,134.0,137.0,133.28571428571428,130.14285714285714,132.43333333333334,16.67047575520151,128.0,128.0,8399.4,2799.800000000001,221.0,-57.0,1.0
13999.0,5599.6,60,4.2,13055,39282,7000,1,1,693,2023,9,30,5,39,273,3,-0.9749279121818236,-0.2225209339563146,-1.0,-1.8369701987210294e-16,-0.999916658654738,-0.0129102960750088,8399.4,0.6,0.1781986660556998,1.5331858407079646,241,91.0,111.0,117.0,163.0,126.28571428571428,127.07142857142856,130.9,22.610574854215784,91.0,93.0,11199.2,-5599.6,164.0,529.0,1.0
13999.0,8399.4,40,4.2,6077,12062,2282,1,1,355,2023,10,1,6,39,274,4,-0.7818314824680299,0.6234898018587334,-0.8660254037844386,0.5000000000000001,-0.99999073973619,0.0043035382962438,5599.6,0.4,0.1891891891891892,1.3051470588235294,83,452.0,113.0,113.0,118.0,175.0,151.0,140.53333333333333,124.0376286992513,452.0,82.0,5599.6,2799.7999999999997,693.0,-338.0,1.0
13999.0,5599.6,60,4.4,12619,14703,2226,1,0,416,2023,10,5,3,40,278,4,0.4338837391175582,-0.900968867902419,-0.8660254037844386,0.5000000000000001,-0.9973249731081556,0.0730951298980777,8399.4,0.6,0.151397673944093,1.368421052631579,112,272.0,156.0,97.0,163.0,197.7142857142857,162.35714285714286,145.66666666666666,125.34314804529508,272.0,156.0,8399.4,-2799.7999999999997,355.0,61.0,1.0
13999.0,4199.7,70,3.9,13378,52760,7514,1,0,487,2023,10,6,4,40,279,4,-0.433883739117558,-0.9009688679024191,-0.8660254037844386,0.5000000000000001,-0.9959189961471792,0.0902516100310407,9799.3,0.7,0.1424184988627748,0.9293893129770991,-37,304.0,143.0,159.0,144.0,218.8571428571429,177.14285714285714,150.36666666666667,129.54591022931928,304.0,131.0,5599.6,-1399.9000000000003,416.0,71.0,1.0
13999.0,4899.65,65,4.3,7639,48612,6940,1,0,664,2023,10,12,3,41,285,4,0.4338837391175582,-0.900968867902419,-0.8660254037844386,0.5000000000000001,-0.9813064702716092,0.1924515819708299,9099.35,0.65,0.1427631037603884,1.2843326885880078,147,524.0,142.0,131.0,151.0,273.2857142857143,203.2142857142857,163.03333333333333,166.98973450057167,487.0,127.0,4199.7,699.9499999999998,487.0,177.0,1.0
13999.0,11199.2,20,4.4,13674,13786,1650,0,0,236,2023,10,18,2,42,291,4,0.9749279121818236,-0.2225209339563143,-0.8660254037844386,0.5000000000000001,-0.9562348265919058,0.2926003356333479,2799.7999999999997,0.1999999999999999,0.1196866386188887,1.4842767295597483,77,517.0,128.0,138.0,130.0,326.85714285714283,230.78571428571428,175.23333333333332,177.66300362524225,517.0,128.0,4899.65,6299.550000000001,664.0,-428.0,1.0
13999.0,9799.3,30,4.5,15650,13432,1992,0,0,126,2023,10,19,3,42,292,4,0.4338837391175582,-0.900968867902419,-0.8660254037844386,0.5000000000000001,-0.9510565162951536,0.3090169943749472,4199.700000000001,0.3,0.148302561048243,0.7924528301886793,-33,159.0,91.0,140.0,167.0,331.2857142857143,232.28571428571428,176.2,172.1817976110466,159.0,91.0,11199.2,-1399.9000000000017,236.0,-110.0,1.0
13999.0,11199.2,20,4.1,13032,13947,1724,0,0,254,2023,10,20,4,42,293,4,-0.433883739117558,-0.9009688679024191,-0.8660254037844386,0.5000000000000001,-0.9455963874271428,0.3253420847119795,2799.7999999999997,0.1999999999999999,0.1236108123610812,1.7397260273972603,108,159.0,452.0,111.0,105.0,341.0,233.64285714285717,175.93333333333334,157.67265668677828,126.0,452.0,9799.3,1399.9000000000017,126.0,128.0,1.0
13999.0,9799.3,30,3.9,12627,10158,905,0,1,106,2023,10,21,5,42,294,4,-0.9749279121818236,-0.2225209339563146,-0.8660254037844386,0.5000000000000001,-0.9398560579418952,0.341570769167856,4199.700000000001,0.3,0.0890923410120102,0.762589928057554,-33,146.0,272.0,113.0,107.0,297.2857142857143,236.14285714285717,177.3,164.05864224489392,146.0,272.0,11199.2,-1399.9000000000017,254.0,-148.0,1.0
13999.0,8399.4,40,4.2,7728,10464,1978,0,1,161,2023,10,22,6,42,295,4,-0.7818314824680299,0.6234898018587334,-0.8660254037844386,0.5000000000000001,-0.9338372288229252,0.3576982388331254,5599.6,0.4,0.1890290519877676,1.0522875816993464,8,139.0,304.0,156.0,139.0,278.2857142857143,238.0,178.36666666666667,174.82344835644358,106.0,304.0,9799.3,-1399.8999999999996,106.0,55.0,1.0
13999.0,6999.5,50,4.2,15869,11666,1610,0,0,229,2023,10,23,0,43,296,4,0.0,1.0,-0.8660254037844386,0.5000000000000001,-0.9275416835791964,0.3737197147904692,6999.5,0.5,0.1380078861649237,1.4774193548387098,74,153.0,524.0,143.0,126.0,256.7142857142857,237.78571428571428,178.83333333333334,180.35032047445355,153.0,487.0,8399.4,-1399.8999999999996,161.0,68.0,1.0
13999.0,9799.3,30,3.9,6898,10346,1138,0,0,217,2023,10,31,1,44,304,4,0.7818314824680298,0.6234898018587336,-0.8660254037844386,0.5000000000000001,-0.8674563547295971,0.4975132889071803,4199.700000000001,0.3,0.1099942006572588,1.5174825174825175,74,155.0,517.0,142.0,133.0,204.0,238.64285714285717,179.8,138.2087792676959,155.0,517.0,6999.5,2799.7999999999997,229.0,-12.0,1.0
13999.0,6999.5,50,4.4,6243,30132,5449,1,0,298,2023,11,1,2,44,305,4,0.9749279121818236,-0.2225209339563143,-0.5000000000000004,0.8660254037844384,-0.858763958275803,0.5123714121284235,6999.5,0.5,0.1808376476835258,0.7680412371134021,-90,143.0,159.0,128.0,148.0,150.57142857142858,238.7142857142857,180.13333333333333,7.9552318813310094,143.0,159.0,9799.3,-2799.7999999999997,217.0,81.0,1.0
13999.0,8399.4,40,4.2,7546,55000,7797,1,0,564,2023,11,3,4,44,307,4,-0.433883739117558,-0.9009688679024191,-0.5000000000000004,0.8660254037844384,-0.8406184056344783,0.5416278206559811,5599.6,0.4,0.1417636363636363,1.110236220472441,56,388.0,159.0,91.0,109.0,183.28571428571428,257.2857142857143,188.13333333333333,90.5441223671538,298.0,126.0,6999.5,1399.8999999999996,298.0,266.0,1.0
13999.0,6999.5,50,4.1,8169,43806,7275,1,0,290,2023,11,6,0,45,310,4,0.0,1.0,-0.5000000000000004,0.8660254037844384,-0.8115390590073611,0.5842981736283683,6999.5,0.5,0.1660731406656622,0.6345733041575492,-167,508.0,146.0,452.0,111.0,233.14285714285717,287.07142857142856,201.4333333333333,150.90772961363797,508.0,146.0,8399.4,-1399.8999999999996,564.0,-274.0,1.0
13999.0,8399.4,40,4.3,8539,30468,5219,1,0,629,2023,11,8,2,45,312,4,0.9749279121818236,-0.2225209339563143,-0.5000000000000004,0.8660254037844384,-0.7909456567567774,0.6118864012687242,5599.6,0.4,0.171294472889589,1.6863270777479893,256,457.0,139.0,272.0,134.0,277.57142857142856,287.42857142857144,212.96666666666667,166.0018645907902,290.0,106.0,6999.5,1399.8999999999996,290.0,339.0,1.0
13999.0,8399.4,40,4.5,13008,28213,3399,1,0,261,2023,11,10,4,45,314,4,-0.433883739117558,-0.9009688679024191,-0.5000000000000004,0.8660254037844384,-0.7694148268839381,0.6387494220515268,5599.6,0.4,0.1204763761386594,0.6978609625668449,-113,373.0,153.0,304.0,117.0,311.0,294.6428571428572,220.9333333333333,156.74926900414346,373.0,153.0,8399.4,0.0,629.0,-368.0,1.0
13999.0,4199.7,70,4.2,14936,39609,6172,1,0,503,2023,11,13,0,46,317,4,0.0,1.0,-0.5000000000000004,0.8660254037844384,-0.7354170229639858,0.6776147890466887,9799.3,0.7,0.1558231715014264,1.1103752759381895,50,374.0,155.0,524.0,113.0,342.57142857142856,299.6428571428572,229.5,141.09672467596724,261.0,155.0,8399.4,-4199.7,261.0,242.0,1.0
13999.0,4199.7,70,4.1,7883,23088,4721,1,0,554,2023,11,14,1,46,318,4,0.7818314824680298,0.6234898018587336,-0.5000000000000004,0.8660254037844384,-0.7236440382959124,0.690173388242972,9799.3,0.7,0.204478516978517,1.5694050991501416,201,453.0,143.0,517.0,97.0,385.1428571428572,294.57142857142856,240.83333333333331,118.16292223229824,453.0,143.0,4199.7,0.0,503.0,51.0,1.0
13999.0,11199.2,20,4.2,15452,8284,982,0,0,200,2023,11,16,3,46,320,4,0.4338837391175582,-0.900968867902419,-0.5000000000000004,0.8660254037844384,-0.6994583270516471,0.7146733860429608,2799.7999999999997,0.1999999999999999,0.1185417672621921,1.6129032258064515,76,353.0,388.0,159.0,159.0,415.1428571428572,282.85714285714283,249.36666666666667,57.55411532180957,353.0,298.0,4199.7,6999.500000000001,554.0,-354.0,1.0
13999.0,9799.3,30,4.5,9795,7736,603,0,0,144,2023,11,17,4,46,321,4,-0.433883739117558,-0.9009688679024191,-0.5000000000000004,0.8660254037844384,-0.6870527672236675,0.7266075247685652,4199.700000000001,0.3,0.077947259565667,1.2,24,124.0,508.0,159.0,131.0,377.4285714285714,280.35714285714283,248.2,125.13040816531776,124.0,508.0,11199.2,-1399.9000000000017,200.0,-56.0,1.0
13999.0,8399.4,40,4.3,9693,6142,563,0,1,77,2023,11,18,5,46,322,4,-0.9749279121818236,-0.2225209339563146,-0.5000000000000004,0.8660254037844384,-0.6744436188329457,0.7383263540031063,5599.6,0.4,0.0916639531097362,0.5746268656716418,-57,120.0,457.0,146.0,138.0,322.0,277.57142857142856,247.83333333333331,142.39616099694075,120.0,290.0,9799.3,-1399.8999999999996,144.0,-67.0,1.0
13999.0,8399.4,40,4.0,6679,16806,1809,0,1,136,2023,11,25,5,47,329,4,-0.9749279121818236,-0.2225209339563146,-0.5000000000000004,0.8660254037844384,-0.5808002734538013,0.8140460935082175,5599.6,0.4,0.1076401285255266,0.68,-64,134.0,373.0,139.0,140.0,275.85714285714283,276.7142857142857,247.7,143.68649736078038,77.0,373.0,8399.4,0.0,77.0,59.0,1.0
13999.0,8399.4,40,4.1,7237,9155,1473,0,0,96,2023,11,30,3,48,334,4,0.4338837391175582,-0.900968867902419,-0.5000000000000004,0.8660254037844384,-0.5086709438521042,0.8609610158889945,5599.6,0.4,0.1608956854178044,0.6857142857142857,-44,200.0,374.0,153.0,111.0,251.14285714285717,281.07142857142856,249.7,138.9945185626981,136.0,261.0,8399.4,0.0,136.0,-40.0,1.0
13999.0,9799.3,30,4.0,12563,11312,1511,0,1,281,2023,12,3,6,48,337,4,-0.7818314824680299,0.6234898018587334,-2.4492935982947064e-16,1.0,-0.4635502709028512,0.8860706215341378,4199.700000000001,0.3,0.1335749646393211,1.824675324675325,127,140.0,453.0,155.0,113.0,217.7142857142857,280.1428571428572,250.66666666666663,132.51001759076487,96.0,453.0,8399.4,1399.8999999999996,96.0,185.0,1.0
13999.0,9799.3,30,3.9,14685,8981,717,0,0,186,2023,12,8,4,49,342,4,-0.433883739117558,-0.9009688679024191,-2.4492935982947064e-16,1.0,-0.3856634062436074,0.9226395488404876,4199.700000000001,0.3,0.0798352076606168,1.3777777777777778,51,154.0,353.0,143.0,156.0,175.0,280.07142857142856,252.03333333333333,82.94777473406629,154.0,353.0,9799.3,0.0,281.0,-95.0,1.0
13999.0,8399.4,40,4.3,7153,11441,1827,0,1,125,2023,12,10,6,49,344,4,-0.7818314824680299,0.6234898018587334,-2.4492935982947064e-16,1.0,-0.3536761221763721,0.935367949313148,5599.6,0.4,0.1596888383882527,0.7352941176470589,-45,135.0,124.0,388.0,143.0,143.85714285714286,279.5,251.33333333333331,27.10737028576564,135.0,124.0,9799.3,-1399.8999999999996,186.0,-61.0,1.0
13999.0,8399.4,40,3.9,10459,11100,1689,0,0,292,2023,12,12,1,50,346,4,0.7818314824680298,0.6234898018587336,-2.4492935982947064e-16,1.0,-0.3212696616923651,0.9469877530760752,5599.6,0.4,0.1521621621621621,1.8481012658227849,134,170.0,120.0,508.0,142.0,150.42857142857142,263.92857142857144,252.2333333333333,27.06693642840154,125.0,120.0,8399.4,0.0,125.0,167.0,1.0
13999.0,11199.2,20,4.3,7502,14915,1588,0,0,316,2023,12,14,3,50,348,4,0.4338837391175582,-0.900968867902419,-2.4492935982947064e-16,1.0,-0.2884824328806098,0.9574851883550388,2799.7999999999997,0.1999999999999999,0.1064699966476701,1.915151515151515,151,158.0,134.0,457.0,128.0,155.85714285714286,238.92857142857144,252.76666666666668,23.526074693332724,158.0,77.0,8399.4,2799.800000000001,292.0,24.0,1.0
13999.0,11199.2,20,4.1,14981,13841,1901,0,1,89,2023,12,17,6,50,351,4,-0.7818314824680299,0.6234898018587334,-2.4492935982947064e-16,1.0,-0.2386727660059499,0.9711000518829505,2799.7999999999997,0.1999999999999999,0.1373455675167979,0.6013513513513513,-59,165.0,200.0,373.0,91.0,160.28571428571428,218.07142857142856,254.0,21.561650259310845,165.0,136.0,11199.2,0.0,316.0,-227.0,1.0
13999.0,8399.4,40,4.3,13968,7840,830,0,0,244,2023,12,27,2,52,361,4,0.9749279121818236,-0.2225209339563143,-2.4492935982947064e-16,1.0,-0.0688024268023206,0.9976303053065856,5599.6,0.4,0.1058673469387755,1.5947712418300657,91,148.0,140.0,374.0,452.0,152.85714285714286,202.0,255.9,12.759683530934678,89.0,96.0,11199.2,-2799.800000000001,89.0,155.0,1.0
13999.0,6999.5,50,4.5,13949,11335,1613,0,0,221,2023,12,28,3,52,362,4,0.4338837391175582,-0.900968867902419,-2.4492935982947064e-16,1.0,-0.0516196672232541,0.998666816288476,6999.5,0.5,0.1423026025584473,1.3233532934131738,54,153.0,154.0,453.0,272.0,154.71428571428572,186.2142857142857,245.9333333333333,11.455919659205716,153.0,154.0,8399.4,-1399.8999999999996,244.0,-23.0,1.0
13999.0,11199.2,20,4.4,10104,13246,1778,0,0,248,2024,1,1,0,1,1,1,0.0,1.0,0.4999999999999999,0.8660254037844387,0.0172133561558346,0.9998518392091162,2799.7999999999997,0.1999999999999999,0.1342292012683074,1.5696202531645569,90,167.0,135.0,353.0,304.0,156.57142857142858,165.78571428571428,242.4333333333333,12.34040981028563,167.0,135.0,6999.5,4199.700000000001,221.0,27.0,1.0
13999.0,11199.2,20,4.2,15233,10749,1289,0,0,241,2024,1,2,1,1,2,1,0.7818314824680298,0.6234898018587336,0.4999999999999999,0.8660254037844387,0.0344216116227457,0.9994074007397048,2799.7999999999997,0.1999999999999999,0.1199181319192483,1.733812949640288,102,158.0,170.0,124.0,524.0,159.85714285714286,151.85714285714286,237.56666666666663,7.904188160479734,158.0,125.0,11199.2,0.0,248.0,-7.0,1.0
13999.0,9799.3,30,3.9,10435,6252,1052,0,0,157,2024,1,9,1,2,9,1,0.7818314824680298,0.6234898018587336,0.4999999999999999,0.8660254037844387,0.1543088206642811,0.9880226656636976,4199.700000000001,0.3,0.1682661548304542,1.4144144144144144,46,139.0,158.0,120.0,517.0,155.42857142857142,152.92857142857142,224.7333333333333,9.744351233020144,139.0,158.0,11199.2,-1399.9000000000017,241.0,-84.0,1.0
13999.0,9799.3,30,4.1,6392,7339,920,0,0,251,2024,1,10,2,2,10,1,0.9749279121818236,-0.2225209339563143,0.4999999999999999,0.8660254037844387,0.1712931441814776,0.9852201067560606,4199.700000000001,0.3,0.1253576781577871,1.992063492063492,125,111.0,165.0,134.0,159.0,148.71428571428572,152.28571428571428,211.2,19.24157205734967,111.0,165.0,9799.3,0.0,157.0,94.0,1.0
13999.0,9799.3,30,4.3,9200,8747,789,0,0,248,2024,1,11,3,2,11,1,0.4338837391175582,-0.900968867902419,0.4999999999999999,0.8660254037844387,0.1882267098432442,0.9821256058680006,4199.700000000001,0.3,0.0902023550931748,1.8102189781021896,111,126.0,148.0,200.0,159.0,143.14285714285714,151.71428571428572,210.1,19.385807277738312,126.0,89.0,9799.3,0.0,251.0,-3.0,1.0
13999.0,9799.3,30,3.8,14573,6105,680,0,0,122,2024,1,12,4,2,12,1,-0.433883739117558,-0.9009688679024191,0.4999999999999999,0.8660254037844387,0.2051044998686192,0.9787400799669153,4199.700000000001,0.3,0.1113841113841113,1.1401869158878504,15,137.0,153.0,140.0,146.0,141.57142857142858,147.21428571428572,209.36666666666667,19.372292437546037,137.0,153.0,9799.3,0.0,248.0,-126.0,1.0
13999.0,6999.5,50,4.0,9374,15489,1866,0,1,307,2024,1,14,6,2,14,1,-0.7818314824680299,0.6234898018587334,0.4999999999999999,0.8660254037844387,0.2386727660059501,0.9711000518829505,6999.5,0.5,0.1204725934534185,1.5049019607843137,103,107.0,167.0,154.0,139.0,135.0,144.85714285714286,208.06666666666663,22.412793965354396,107.0,167.0,9799.3,-2799.7999999999997,122.0,185.0,1.0
13999.0,9799.3,30,4.0,9260,9446,1382,0,0,74,2024,1,25,3,4,25,1,0.4338837391175582,-0.900968867902419,0.4999999999999999,0.8660254037844387,0.4171936026123168,0.9088176373395028,4199.700000000001,0.3,0.1463053144188016,0.5441176470588235,-62,204.0,158.0,135.0,153.0,140.28571428571428,148.42857142857142,210.2333333333333,33.054068260526094,204.0,158.0,6999.5,2799.7999999999997,307.0,-233.0,1.0
13999.0,9799.3,30,4.0,12216,9710,1345,0,1,125,2024,1,27,5,4,27,1,-0.9749279121818236,-0.2225209339563146,0.4999999999999999,0.8660254037844387,0.4482293417404106,0.893918596519257,4199.700000000001,0.3,0.1385169927909371,0.9328358208955224,-9,136.0,139.0,170.0,155.0,137.14285714285714,148.5,209.66666666666663,32.121792039200045,74.0,139.0,9799.3,0.0,74.0,51.0,1.0
13999.0,9799.3,30,3.9,9043,12512,1417,0,1,164,2024,2,3,5,5,34,1,-0.9749279121818236,-0.2225209339563146,0.8660254037844386,0.5000000000000001,0.5524353131676196,0.8335557718385699,4199.700000000001,0.3,0.1132512787723785,1.1884057971014492,26,134.0,111.0,158.0,143.0,136.42857142857142,145.92857142857142,208.96666666666667,32.12920344928904,125.0,111.0,9799.3,0.0,125.0,39.0,1.0
13999.0,8399.4,40,4.4,9885,10410,878,0,0,223,2024,2,8,3,6,39,1,0.4338837391175582,-0.900968867902419,0.8660254037844386,0.5000000000000001,0.6220467484408675,0.7829801036770629,5599.6,0.4,0.0843419788664745,1.4387096774193548,68,138.0,126.0,165.0,388.0,140.28571428571428,144.5,208.8,30.125926186119468,138.0,126.0,9799.3,-1399.8999999999996,164.0,59.0,1.0
13999.0,9799.3,30,4.2,10229,6365,711,0,0,239,2024,2,9,4,6,40,1,-0.433883739117558,-0.9009688679024191,0.8660254037844386,0.5000000000000001,0.6354323008901774,0.7721565844991642,4199.700000000001,0.3,0.1117046347211311,1.9916666666666667,119,155.0,137.0,148.0,508.0,144.42857142857142,143.78571428571428,201.03333333333333,29.82648232056766,155.0,137.0,8399.4,1399.8999999999996,223.0,16.0,1.0
13999.0,8399.4,40,4.1,11965,12725,1858,0,0,144,2024,2,14,2,7,45,1,0.9749279121818236,-0.2225209339563143,0.8660254037844386,0.5000000000000001,0.699458327051647,0.7146733860429609,5599.6,0.4,0.1460117878192534,0.8727272727272727,-21,120.0,107.0,153.0,457.0,142.0,141.78571428571428,188.1,31.19294792096587,120.0,107.0,9799.3,-1399.8999999999996,239.0,-95.0,1.0
13999.0,9799.3,30,4.3,13532,10121,1004,0,0,218,2024,2,29,3,9,60,1,0.4338837391175582,-0.900968867902419,0.8660254037844386,0.5000000000000001,0.8587639582758029,0.5123714121284237,4199.700000000001,0.3,0.0991996838257089,1.744,93,165.0,204.0,167.0,373.0,150.28571428571428,142.64285714285714,178.36666666666667,27.873011353365573,144.0,204.0,8399.4,1399.8999999999996,144.0,74.0,1.0
13999.0,9799.3,30,3.9,12757,8888,1056,0,1,256,2024,3,3,6,9,63,1,-0.7818314824680299,0.6234898018587334,1.0,6.123233995736766e-17,0.8840675099433636,0.4673592171580022,4199.700000000001,0.3,0.1188118811881188,1.9692307692307691,126,125.0,136.0,158.0,374.0,139.0,139.64285714285714,170.1,15.937377450512075,125.0,74.0,9799.3,0.0,218.0,38.0,1.0
13999.0,11199.2,20,4.0,12526,11097,1937,0,0,120,2024,3,5,1,10,65,1,0.7818314824680298,0.6234898018587336,1.0,6.123233995736766e-17,0.8996308696522433,0.436651231956064,2799.7999999999997,0.1999999999999999,0.1745516806344056,0.8333333333333334,-24,130.0,134.0,139.0,453.0,138.14285714285714,137.64285714285714,161.96666666666667,16.283207827174238,130.0,125.0,9799.3,1399.9000000000017,256.0,-136.0,1.0
13999.0,9799.3,30,4.0,7233,11455,1367,0,0,247,2024,3,13,2,11,73,1,0.9749279121818236,-0.2225209339563143,1.0,6.123233995736766e-17,0.9510565162951536,0.3090169943749474,4199.700000000001,0.3,0.1193365342645133,1.8432835820895523,113,144.0,138.0,111.0,353.0,139.57142857142858,138.0,151.66666666666666,16.297823401274723,120.0,138.0,11199.2,-1399.9000000000017,120.0,127.0,1.0
13999.0,9799.3,30,4.5,15869,8894,839,0,0,88,2024,3,14,3,11,74,1,0.4338837391175582,-0.900968867902419,1.0,6.123233995736766e-17,0.9562348265919056,0.2926003356333483,4199.700000000001,0.3,0.0943332583764335,0.6518518518518519,-47,134.0,155.0,126.0,124.0,139.0,139.64285714285714,144.36666666666667,16.431676725157743,134.0,155.0,9799.3,0.0,247.0,-159.0,1.0
13999.0,11199.2,20,4.3,12411,12270,1673,0,0,195,2024,3,28,3,13,88,1,0.4338837391175582,-0.900968867902419,1.0,6.123233995736766e-17,0.9984354211555644,0.0559169901006034,2799.7999999999997,0.1999999999999999,0.1363488182559087,1.4338235294117647,59,135.0,120.0,137.0,120.0,136.14285714285714,140.28571428571428,144.73333333333332,14.848440674908684,88.0,120.0,9799.3,1399.9000000000017,88.0,107.0,1.0
13999.0,8399.4,40,4.4,12225,7557,1018,0,0,252,2024,3,29,4,13,89,1,-0.433883739117558,-0.9009688679024191,1.0,6.123233995736766e-17,0.9992500112396836,0.0387222808921744,5599.6,0.4,0.1347095408230779,1.826086956521739,114,136.0,165.0,107.0,134.0,138.42857142857142,140.21428571428572,145.26666666666668,13.074875944056677,136.0,144.0,11199.2,-2799.800000000001,195.0,57.0,1.0
13999.0,8399.4,40,4.4,15484,8089,993,0,0,85,2024,4,1,0,14,92,2,0.0,1.0,0.8660254037844387,-0.4999999999999998,0.999916658654738,-0.0129102960750088,5599.6,0.4,0.1227593027568302,0.6390977443609023,-48,138.0,125.0,204.0,200.0,134.57142857142858,142.42857142857142,145.4,5.9960304329175935,138.0,125.0,8399.4,0.0,252.0,-167.0,1.0
13999.0,11199.2,20,4.4,14675,5245,691,0,0,57,2024,4,3,2,14,94,2,0.9749279121818236,-0.2225209339563143,0.8660254037844387,-0.4999999999999998,0.9988797155850336,-0.0473213883224318,2799.7999999999997,0.1999999999999999,0.1317445185891325,0.6333333333333333,-33,133.0,130.0,136.0,140.0,135.71428571428572,137.35714285714286,143.16666666666666,4.423960733496738,85.0,130.0,8399.4,2799.800000000001,85.0,-28.0,1.0
13999.0,11199.2,20,4.4,11834,9350,665,0,0,177,2024,4,4,3,14,95,2,0.4338837391175582,-0.900968867902419,0.8660254037844387,-0.4999999999999998,0.9979171608653922,-0.0645084494493162,2799.7999999999997,0.1999999999999999,0.0711229946524064,1.5258620689655171,61,90.0,144.0,134.0,154.0,130.0,134.07142857142858,141.5,18.00925687898944,57.0,120.0,11199.2,0.0,57.0,120.0,1.0
13999.0,11199.2,20,4.2,7236,8333,700,0,0,110,2024,4,9,1,15,100,2,0.7818314824680298,0.6234898018587336,0.8660254037844387,-0.4999999999999998,0.9886775902323404,-0.1500553983446526,2799.7999999999997,0.1999999999999999,0.0840033601344053,0.8661417322834646,-17,116.0,134.0,138.0,135.0,126.0,132.78571428571428,140.23333333333332,17.48332538926058,116.0,134.0,11199.2,0.0,177.0,-67.0,1.0
13999.0,11199.2,20,4.4,14525,5311,775,0,0,223,2024,4,16,1,16,107,2,0.7818314824680298,0.6234898018587336,0.8660254037844387,-0.4999999999999998,0.9634705485641488,-0.2678143051621742,2799.7999999999997,0.1999999999999999,0.1459235548860855,1.8583333333333332,103,127.0,135.0,155.0,170.0,125.0,132.0,139.96666666666667,17.14642819948509,110.0,88.0,11199.2,0.0,110.0,113.0,1.0
13999.0,8399.4,40,3.9,11479,11055,1403,0,0,87,2024,4,22,0,17,113,2,0.0,1.0,0.8660254037844387,-0.4999999999999998,0.9307239310379796,-0.3657225234972689,5599.6,0.4,0.1269109000452284,0.5723684210526315,-65,120.0,136.0,120.0,158.0,122.85714285714286,129.5,138.3,16.617546664383273,120.0,136.0,11199.2,-2799.800000000001,223.0,-136.0,1.0
13999.0,8399.4,40,4.5,13981,15274,1767,0,0,263,2024,4,26,4,17,117,2,-0.433883739117558,-0.9009688679024191,0.8660254037844387,-0.4999999999999998,0.9033558023246844,-0.4288919379124835,5599.6,0.4,0.1156867880057614,1.502857142857143,88,152.0,138.0,165.0,165.0,125.14285714285714,131.78571428571428,138.1,19.565518746243896,87.0,138.0,8399.4,0.0,87.0,176.0,1.0
13999.0,11199.2,20,3.9,6635,11758,1810,0,0,137,2024,4,29,0,18,120,2,0.0,1.0,0.8660254037844387,-0.4999999999999998,0.8800122039735357,-0.4749510720670499,2799.7999999999997,0.1999999999999999,0.1539377445143732,0.9647887323943662,-5,175.0,133.0,125.0,148.0,130.42857142857142,132.5,138.43333333333334,27.14686687174924,175.0,85.0,8399.4,2799.800000000001,263.0,-126.0,1.0
13999.0,9799.3,30,4.4,12730,12653,1343,0,0,198,2024,5,8,2,19,129,2,0.9749279121818236,-0.2225209339563143,0.4999999999999999,-0.8660254037844387,0.7961828637826158,-0.6050560696488488,4199.700000000001,0.3,0.1061408361653362,1.2941176470588236,45,142.0,90.0,130.0,153.0,131.71428571428572,133.71428571428572,138.23333333333332,27.499783548933436,137.0,57.0,11199.2,-1399.9000000000017,137.0,61.0,1.0
13999.0,11199.2,20,4.2,14954,10755,1051,0,0,128,2024,5,10,4,19,131,2,-0.433883739117558,-0.9009688679024191,0.4999999999999999,-0.8660254037844387,0.7748840413670407,-0.6321034111873487,2799.7999999999997,0.1999999999999999,0.0977219897721989,0.992248062015504,-1,153.0,116.0,144.0,167.0,140.71428571428572,135.35714285714286,138.23333333333332,21.148004521424365,153.0,116.0,9799.3,1399.9000000000017,198.0,-70.0,1.0
13999.0,9799.3,30,4.3,14066,7072,518,0,0,205,2024,5,15,2,20,136,2,0.9749279121818236,-0.2225209339563143,0.4999999999999999,-0.8660254037844387,0.717676913675962,-0.6963762255968722,4199.700000000001,0.3,0.0732466063348416,1.7226890756302522,86,129.0,127.0,134.0,158.0,142.57142857142858,134.28571428571428,136.96666666666667,19.086270308412896,128.0,110.0,11199.2,-1399.9000000000017,128.0,77.0,1.0
13999.0,9799.3,30,4.1,8398,14176,1840,0,0,189,2024,5,16,3,20,137,2,0.4338837391175582,-0.900968867902419,0.4999999999999999,-0.8660254037844387,0.705583610107178,-0.7086266782644596,4199.700000000001,0.3,0.1297968397291196,1.1385542168674698,23,119.0,120.0,135.0,139.0,141.42857142857142,133.21428571428572,135.66666666666666,20.370379990379927,119.0,120.0,9799.3,0.0,205.0,-16.0,1.0
13999.0,9799.3,30,4.1,9504,11519,1760,0,1,93,2024,5,26,6,21,147,2,-0.7818314824680299,0.6234898018587334,0.4999999999999999,-0.8660254037844387,0.5737722679043246,-0.8190148866680801,4199.700000000001,0.3,0.152791040888966,0.6690647482014388,-46,166.0,152.0,136.0,111.0,148.0,135.42857142857142,136.56666666666666,19.71463077683052,166.0,87.0,9799.3,0.0,189.0,-96.0,1.0
13999.0,9799.3,30,3.9,7015,5699,875,0,1,123,2024,6,1,5,22,153,2,-0.9749279121818236,-0.2225209339563146,1.2246467991473532e-16,-1.0,0.4862727071086899,-0.8738071036110808,4199.700000000001,0.3,0.1535357080189507,1.108108108108108,12,139.0,175.0,138.0,126.0,146.14285714285714,135.64285714285714,137.5,19.886583177516396,93.0,175.0,9799.3,0.0,93.0,30.0,1.0
13999.0,9799.3,30,4.3,11486,10034,1687,0,0,168,2024,6,4,1,23,156,2,0.7818314824680298,0.6234898018587336,1.2246467991473532e-16,-1.0,0.440518784350495,-0.8977433935342337,4199.700000000001,0.3,0.1681283635638828,1.2173913043478262,30,111.0,142.0,133.0,137.0,137.0,133.71428571428572,137.0,19.10497317454521,111.0,137.0,9799.3,0.0,123.0,45.0,1.0
13999.0,11199.2,20,3.9,12948,14068,1858,0,0,74,2024,6,6,3,23,158,2,0.4338837391175582,-0.900968867902419,1.2246467991473532e-16,-1.0,0.4093559588156213,-0.9123747579707272,2799.7999999999997,0.1999999999999999,0.1320727893090702,0.524822695035461,-67,138.0,153.0,90.0,107.0,136.42857142857142,134.07142857142858,137.03333333333333,18.98997229116305,138.0,153.0,9799.3,1399.9000000000017,168.0,-94.0,1.0
13999.0,9799.3,30,4.2,6846,14006,1488,0,0,123,2024,6,7,4,23,159,2,-0.433883739117558,-0.9009688679024191,1.2246467991473532e-16,-1.0,0.3935902766564667,-0.9192859697186104,4199.700000000001,0.3,0.106240182778809,0.7454545454545455,-42,141.0,129.0,116.0,204.0,134.71428571428572,137.71428571428572,138.16666666666666,17.745556117091837,74.0,128.0,11199.2,-1399.9000000000017,74.0,49.0,1.0
13999.0,11199.2,20,4.4,8813,12121,1461,0,0,229,2024,6,12,2,24,164,2,0.9749279121818236,-0.2225209339563143,1.2246467991473532e-16,-1.0,0.3131070409358269,-0.9497178427914316,2799.7999999999997,0.1999999999999999,0.1205346093556637,1.7751937984496124,100,165.0,119.0,127.0,136.0,139.85714285714286,141.21428571428572,136.86666666666667,20.77200497006202,123.0,119.0,9799.3,1399.9000000000017,123.0,106.0,1.0
13999.0,8399.4,40,4.0,15222,5589,797,0,0,173,2024,6,13,3,24,165,2,0.4338837391175582,-0.900968867902419,1.2246467991473532e-16,-1.0,0.2967128192734907,-0.9549667548552552,5599.6,0.4,0.1426015387368044,1.2536231884057971,35,129.0,166.0,120.0,134.0,141.28571428571428,141.35714285714286,136.63333333333333,19.396857870237262,129.0,166.0,11199.2,-2799.800000000001,229.0,-56.0,1.0
13999.0,8399.4,40,4.3,9434,8862,934,0,1,274,2024,6,29,5,26,181,2,-0.9749279121818236,-0.2225209339563146,1.2246467991473532e-16,-1.0,0.025818440227133,-0.9996666485105112,5599.6,0.4,0.1053938162942902,1.9855072463768115,136,138.0,139.0,152.0,138.0,137.28571428571428,142.64285714285714,136.76666666666668,16.049032013536536,138.0,93.0,8399.4,0.0,173.0,101.0,1.0
13999.0,8399.4,40,4.4,8107,4786,551,0,0,63,2024,7,1,0,27,183,3,0.0,1.0,-0.4999999999999997,-0.8660254037844388,-0.008606996888688,-0.9999629591162656,5599.6,0.4,0.1151274550773088,0.5526315789473685,-51,138.0,111.0,175.0,155.0,137.14285714285714,141.64285714285714,136.76666666666668,16.035674514748333,138.0,111.0,8399.4,0.0,274.0,-211.0,1.0
13999.0,9799.3,30,3.9,7602,7005,857,0,1,221,2024,7,6,5,27,188,3,-0.9749279121818236,-0.2225209339563146,-0.4999999999999997,-0.8660254037844388,-0.0945367498171993,-0.9955213724144752,4199.700000000001,0.3,0.1223411848679514,1.9732142857142856,109,114.0,138.0,142.0,120.0,137.57142857142858,137.28571428571428,135.4,15.24092235679344,63.0,138.0,8399.4,1399.8999999999996,63.0,158.0,1.0
13999.0,11199.2,20,4.2,16581,7692,921,0,0,147,2024,7,15,0,29,197,3,0.0,1.0,-0.4999999999999997,-0.8660254037844388,-0.2470221804809352,-0.9690098257244064,2799.7999999999997,0.1999999999999999,0.1197347893915756,1.3738317757009346,40,112.0,141.0,153.0,165.0,133.85714285714286,135.14285714285714,135.13333333333333,18.03171808627649,112.0,74.0,9799.3,1399.9000000000017,221.0,-74.0,1.0
13999.0,11199.2,20,3.8,14723,13336,1539,0,1,77,2024,7,21,6,29,203,3,-0.7818314824680299,0.6234898018587334,-0.4999999999999997,-0.8660254037844388,-0.3456123126707333,-0.9383773917408642,2799.7999999999997,0.1999999999999999,0.1154019196160767,0.5579710144927537,-61,107.0,165.0,129.0,125.0,129.0,131.85714285714286,133.2,20.231987873993734,107.0,123.0,11199.2,0.0,147.0,-70.0,1.0
13999.0,11199.2,20,3.9,13174,4480,514,0,0,46,2024,7,22,0,30,204,3,0.0,1.0,-0.4999999999999997,-0.8660254037844388,-0.3617137307297674,-0.9322892131745134,2799.7999999999997,0.1999999999999999,0.1147321428571428,0.4946236559139785,-47,138.0,129.0,119.0,130.0,125.14285714285714,132.5,133.63333333333333,13.765035069925863,77.0,129.0,11199.2,0.0,77.0,-31.0,1.0
13999.0,9799.3,30,3.8,11805,8215,822,0,0,151,2024,7,26,4,30,208,3,-0.433883739117558,-0.9009688679024191,-0.4999999999999997,-0.8660254037844388,-0.4250003399695539,-0.9051931898913976,4199.700000000001,0.3,0.1000608642726719,1.290598290598291,34,93.0,138.0,166.0,144.0,120.0,130.64285714285714,132.4,18.119970566571972,46.0,138.0,11199.2,-1399.9000000000017,46.0,105.0,1.0
13999.0,6999.5,50,3.9,11273,8491,1184,0,0,102,2024,8,1,3,31,214,3,0.4338837391175582,-0.900968867902419,-0.8660254037844385,-0.5000000000000004,-0.5160623910158526,-0.8565509959010037,6999.5,0.5,0.1394417618655046,0.6580645161290323,-53,117.0,138.0,139.0,134.0,117.0,127.14285714285714,131.5,16.28905563049732,117.0,138.0,9799.3,-2799.7999999999997,151.0,-49.0,1.0
13999.0,8399.4,40,4.1,15297,5792,544,0,1,133,2024,8,10,5,32,223,3,-0.9749279121818236,-0.2225209339563146,-0.8660254037844385,-0.5000000000000004,-0.6420547132365636,-0.7666588193001592,5599.6,0.4,0.0939226519337016,1.0390625,5,155.0,114.0,111.0,135.0,119.42857142857144,128.28571428571428,132.2,20.630536774867235,102.0,63.0,6999.5,1399.8999999999996,102.0,31.0,1.0
13999.0,11199.2,20,3.9,11027,9311,883,0,0,91,2024,8,19,0,34,232,3,0.0,1.0,-0.8660254037844385,-0.5000000000000004,-0.7526668275320083,-0.6584015846980489,2799.7999999999997,0.1999999999999999,0.0948340672323058,0.7913043478260869,-24,128.0,112.0,138.0,136.0,121.42857142857144,129.5,131.96666666666667,20.695064974186835,128.0,112.0,8399.4,2799.800000000001,133.0,-42.0,1.0
13999.0,9799.3,30,4.2,13186,10383,1115,0,1,247,2024,8,25,6,34,238,3,-0.7818314824680299,0.6234898018587334,-0.8660254037844385,-0.5000000000000004,-0.8165380514459157,-0.5772916165517278,4199.700000000001,0.3,0.1073870750264856,1.625,95,115.0,107.0,141.0,138.0,121.85714285714286,127.85714285714286,131.26666666666668,20.49738659300149,91.0,107.0,11199.2,-1399.9000000000017,91.0,156.0,1.0
13999.0,9799.3,30,4.1,13550,10537,1347,0,1,143,2024,9,15,6,37,259,3,-0.7818314824680299,0.6234898018587334,-1.0,-1.8369701987210294e-16,-0.9679377830240642,-0.2511900638848195,4199.700000000001,0.3,0.1278352472240675,1.0141843971631206,2,152.0,138.0,165.0,133.0,128.28571428571428,128.64285714285714,131.73333333333332,22.058364140876925,152.0,77.0,9799.3,0.0,247.0,-104.0,1.0
13999.0,6999.5,50,4.0,10971,49199,7801,1,0,302,2024,9,23,0,39,267,3,0.0,1.0,-1.0,-1.8369701987210294e-16,-0.9932568492674144,-0.1159345995955006,6999.5,0.5,0.1585601333360434,0.611336032388664,-192,141.0,93.0,129.0,90.0,128.71428571428572,126.92857142857144,132.0,22.30630916515605,141.0,46.0,9799.3,-2799.7999999999997,143.0,159.0,1.0
13999.0,5599.6,60,4.4,15754,52737,7994,1,0,901,2024,10,2,2,40,276,4,0.9749279121818236,-0.2225209339563143,-0.8660254037844386,0.5000000000000001,-0.9992500112396836,0.0387222808921739,8399.4,0.6,0.1515823804918747,1.65625,357,494.0,117.0,138.0,116.0,186.0,153.0,145.46666666666667,136.7308792238732,302.0,117.0,6999.5,-1399.8999999999996,302.0,599.0,1.0
13999.0,4899.65,65,4.4,16267,47064,7237,1,0,450,2024,10,3,3,40,277,4,0.4338837391175582,-0.900968867902419,-0.8660254037844386,0.5000000000000001,-0.9984354211555644,0.055916990100603,9099.35,0.65,0.1537693353731089,0.896414342629482,-52,544.0,155.0,138.0,127.0,247.0,182.0,159.73333333333332,186.87250555748795,544.0,102.0,5599.6,-699.9500000000007,901.0,-451.0,1.0
13999.0,4899.65,65,4.2,10066,44832,7190,1,0,867,2024,10,10,3,41,284,4,0.4338837391175582,-0.900968867902419,-0.8660254037844386,0.5000000000000001,-0.9844738167520924,0.1755314904214277,9099.35,0.65,0.160376516773733,1.7409638554216869,369,502.0,128.0,114.0,120.0,296.57142857142856,208.0,172.23333333333332,203.66955028743428,450.0,128.0,4899.65,0.0,450.0,417.0,1.0
13999.0,6999.5,50,4.2,12384,12738,1769,0,1,136,2024,10,19,5,42,293,4,-0.9749279121818236,-0.2225209339563146,-0.8660254037844386,0.5000000000000001,-0.9455963874271428,0.3253420847119795,6999.5,0.5,0.1388758046789135,0.7311827956989247,-50,498.0,115.0,112.0,152.0,349.42857142857144,235.42857142857144,184.83333333333331,200.618923287292,498.0,91.0,4899.65,2099.8500000000004,867.0,-731.0,1.0
13999.0,8399.4,40,4.0,9310,6909,609,0,0,140,2024,10,22,1,43,296,4,0.7818314824680298,0.6234898018587336,-0.8660254037844386,0.5000000000000001,-0.9275416835791964,0.3737197147904692,5599.6,0.4,0.0881458966565349,1.0606060606060606,8,186.0,152.0,107.0,175.0,359.57142857142856,240.7142857142857,185.96666666666667,188.201892607254,136.0,152.0,6999.5,1399.8999999999996,136.0,4.0,1.0
13999.0,9799.3,30,4.0,10830,9613,1209,0,0,179,2024,10,31,3,44,305,4,0.4338837391175582,-0.900968867902419,-0.8660254037844386,0.5000000000000001,-0.858763958275803,0.5123714121284235,4199.700000000001,0.3,0.1257671902631852,1.2344827586206897,34,132.0,141.0,138.0,142.0,356.7142857142857,242.5,184.53333333333333,191.9919393149221,132.0,141.0,8399.4,1399.8999999999996,140.0,39.0,1.0
13999.0,6999.5,50,4.2,7600,17666,3332,1,0,256,2024,11,7,3,45,312,4,0.4338837391175582,-0.900968867902419,-0.5000000000000004,0.8660254037844384,-0.7909456567567774,0.6118864012687242,6999.5,0.5,0.188610890977018,0.8421052631578947,-48,145.0,494.0,93.0,153.0,357.2857142857143,243.0,184.63333333333333,191.2474089460336,145.0,302.0,9799.3,-2799.7999999999997,179.0,77.0,1.0
13999.0,6999.5,50,3.9,15656,40121,7326,1,0,803,2024,11,8,4,45,313,4,-0.433883739117558,-0.9009688679024191,-0.5000000000000004,0.8660254037844384,-0.780295851070776,0.6254105729852457,6999.5,0.5,0.182597642132549,1.8587962962962965,371,304.0,544.0,117.0,129.0,330.1428571428572,258.07142857142856,189.66666666666663,181.8629782477535,256.0,544.0,6999.5,0.0,256.0,547.0,1.0
13999.0,6999.5,50,4.1,14368,28286,4911,1,1,282,2024,11,9,5,45,314,4,-0.9749279121818236,-0.2225209339563146,-0.5000000000000004,0.8660254037844384,-0.7694148268839381,0.6387494220515268,6999.5,0.5,0.1736194583893092,0.7286821705426356,-105,432.0,502.0,155.0,119.0,314.1428571428572,280.57142857142856,199.76666666666668,163.9577471702477,432.0,450.0,6999.5,0.0,803.0,-521.0,1.0
13999.0,6999.5,50,4.3,14040,51207,7233,1,0,895,2024,11,12,1,46,317,4,0.7818314824680298,0.6234898018587336,-0.5000000000000004,0.8660254037844384,-0.7354170229639858,0.6776147890466887,6999.5,0.5,0.1412502196965258,1.7178502879078694,374,387.0,498.0,128.0,166.0,297.7142857142857,297.1428571428572,208.7,146.86809760883443,282.0,498.0,6999.5,0.0,282.0,613.0,1.0
13999.0,6999.5,50,4.1,10106,28259,4084,1,0,235,2024,11,14,3,46,319,4,0.4338837391175582,-0.900968867902419,-0.5000000000000004,0.8660254037844384,-0.711656622281775,0.7025274741691566,6999.5,0.5,0.1445203298064333,0.6151832460732984,-147,521.0,186.0,115.0,139.0,301.0,325.2142857142857,220.53333333333333,152.25417345128295,521.0,136.0,6999.5,0.0,895.0,-660.0,1.0
13999.0,9799.3,30,4.0,15417,9092,1131,0,0,189,2024,11,21,3,47,326,4,0.4338837391175582,-0.900968867902419,-0.5000000000000004,0.8660254037844384,-0.622046748440868,0.7829801036770624,4199.700000000001,0.3,0.124395072591289,1.5241935483870968,65,382.0,132.0,152.0,111.0,329.0,344.2857142857143,228.63333333333333,145.45102268461366,235.0,132.0,6999.5,2799.7999999999997,235.0,-46.0,1.0
13999.0,8399.4,40,3.8,9331,6334,806,0,0,74,2024,11,27,2,48,332,4,0.9749279121818236,-0.2225209339563143,-0.5000000000000004,0.8660254037844384,-0.5380051715382992,0.8429415373547832,5599.6,0.4,0.1272497631828228,0.5826771653543307,-53,124.0,145.0,141.0,138.0,327.85714285714283,342.2857142857143,229.06666666666663,147.2768691630705,124.0,145.0,9799.3,-1399.8999999999996,189.0,-115.0,1.0
13999.0,9799.3,30,4.4,8843,8602,1294,0,0,171,2024,11,29,4,48,334,4,-0.433883739117558,-0.9009688679024191,-0.5000000000000004,0.8660254037844384,-0.5086709438521042,0.8609610158889945,4199.700000000001,0.3,0.1504301325273192,1.346456692913386,44,127.0,304.0,494.0,141.0,325.2857142857143,341.2857142857143,228.7,151.1089168841626,74.0,256.0,8399.4,1399.8999999999996,74.0,97.0,1.0
13999.0,9799.3,30,4.4,10589,11505,1727,0,0,218,2024,12,3,1,49,338,4,0.7818314824680298,0.6234898018587336,-2.4492935982947064e-16,1.0,-0.4482293417404106,0.893918596519257,4199.700000000001,0.3,0.1501086484137331,1.5352112676056338,76,127.0,432.0,544.0,165.0,300.0,315.07142857142856,228.2333333333333,169.01282002656885,127.0,432.0,9799.3,0.0,171.0,47.0,1.0
13999.0,6999.5,50,4.3,16685,9791,879,0,0,189,2024,12,5,3,49,340,4,0.4338837391175582,-0.900968867902419,-2.4492935982947064e-16,1.0,-0.4171936026123169,0.9088176373395028,6999.5,0.5,0.0897763251966091,1.1454545454545455,24,142.0,387.0,502.0,129.0,258.57142857142856,286.35714285714283,227.46666666666667,166.79214324307696,142.0,282.0,9799.3,-2799.7999999999997,218.0,-29.0,1.0
13999.0,11199.2,20,3.9,9717,10171,1890,0,0,129,2024,12,13,4,50,348,4,-0.433883739117558,-0.9009688679024191,-2.4492935982947064e-16,1.0,-0.2884824328806098,0.9574851883550388,2799.7999999999997,0.1999999999999999,0.1858224363386098,1.0573770491803278,7,165.0,521.0,498.0,138.0,226.8571428571429,262.2857142857143,228.66666666666663,159.23716962592707,165.0,521.0,6999.5,4199.700000000001,189.0,-60.0,1.0
13999.0,8399.4,40,3.8,15823,11988,1791,0,1,168,2024,12,14,5,50,349,4,-0.9749279121818236,-0.2225209339563146,-2.4492935982947064e-16,1.0,-0.2719581575341052,0.9623090774541488,5599.6,0.4,0.1493993993993994,1.1586206896551725,23,122.0,382.0,186.0,138.0,169.85714285714286,235.42857142857144,228.13333333333333,94.75482146295413,122.0,235.0,11199.2,-2799.800000000001,129.0,39.0,1.0
13999.0,11199.2,20,4.1,15394,10203,1575,0,0,227,2024,12,19,3,51,354,4,0.4338837391175582,-0.900968867902419,-2.4492935982947064e-16,1.0,-0.1882267098432439,0.9821256058680006,2799.7999999999997,0.1999999999999999,0.1543663628344604,1.8306451612903225,103,145.0,124.0,132.0,114.0,136.0,232.5,228.36666666666667,15.599145275734902,145.0,124.0,8399.4,2799.800000000001,168.0,59.0,1.0
13999.0,8399.4,40,3.9,7981,13084,1881,0,1,182,2024,12,21,5,51,356,4,-0.9749279121818236,-0.2225209339563146,-2.4492935982947064e-16,1.0,-0.154308820664281,0.9880226656636976,5599.6,0.4,0.1437633751146438,0.994535519125683,-1,124.0,127.0,145.0,112.0,136.0,231.92857142857144,228.7,15.599145275734902,124.0,74.0,11199.2,-2799.800000000001,227.0,-45.0,1.0
13999.0,9799.3,30,4.0,13230,7074,616,0,0,116,2025,1,8,2,2,8,1,0.9749279121818236,-0.2225209339563143,0.4999999999999999,0.8660254037844387,0.1372787721132647,0.9905324521322229,4199.700000000001,0.3,0.0870794458580718,0.928,-9,183.0,127.0,304.0,107.0,144.0,234.64285714285717,231.06666666666663,22.876479915701108,182.0,127.0,8399.4,1399.8999999999996,182.0,-66.0,1.0
13999.0,11199.2,20,3.9,10862,5397,742,0,0,105,2025,1,10,4,2,10,1,-0.433883739117558,-0.9009688679024191,0.4999999999999999,0.8660254037844387,0.1712931441814776,0.9852201067560606,2799.7999999999997,0.1999999999999999,0.1374837872892347,1.2804878048780488,23,125.0,142.0,432.0,138.0,143.71428571428572,221.8571428571429,231.66666666666663,23.135213317327292,116.0,142.0,9799.3,1399.9000000000017,116.0,-11.0,1.0
13999.0,9799.3,30,4.3,9052,12886,1551,0,0,131,2025,1,13,0,3,13,1,0.0,1.0,0.4999999999999999,0.8660254037844387,0.2219215130041655,0.9750645322571948,4199.700000000001,0.3,0.1203631848517771,0.8618421052631579,-21,82.0,165.0,387.0,93.0,135.14285714285714,196.8571428571429,229.8,32.92126248808927,82.0,165.0,11199.2,-1399.9000000000017,105.0,26.0,1.0
13999.0,11199.2,20,4.3,8376,6494,531,0,1,127,2025,1,19,6,3,19,1,-0.7818314824680299,0.6234898018587334,0.4999999999999999,0.8660254037844387,0.3212696616923644,0.9469877530760752,2799.7999999999997,0.1999999999999999,0.0817677856482907,1.0672268907563025,8,152.0,122.0,521.0,117.0,133.28571428571428,180.07142857142858,231.76666666666668,31.282126343514115,131.0,122.0,9799.3,1399.9000000000017,131.0,-4.0,1.0
13999.0,11199.2,20,3.9,14524,6933,735,0,0,94,2025,1,23,3,4,23,1,0.4338837391175582,-0.900968867902419,0.4999999999999999,0.8660254037844387,0.385663406243607,0.9226395488404876,2799.7999999999997,0.1999999999999999,0.106014712245781,0.94,-6,119.0,145.0,382.0,155.0,132.85714285714286,151.35714285714286,231.83333333333331,31.482421398980872,119.0,145.0,11199.2,0.0,127.0,-33.0,1.0
13999.0,8399.4,40,4.0,10977,8037,990,0,0,182,2025,1,30,3,5,30,1,0.4338837391175582,-0.900968867902419,0.4999999999999999,0.8660254037844387,0.4937755501599771,0.869589389346611,5599.6,0.4,0.1231802911534154,1.2551724137931035,37,100.0,124.0,124.0,128.0,126.42857142857144,131.21428571428572,230.0,33.140393997142986,94.0,124.0,11199.2,-2799.800000000001,94.0,88.0,1.0
13999.0,11199.2,20,4.1,10558,8012,569,0,0,69,2025,2,6,3,6,37,1,0.4338837391175582,-0.900968867902419,0.8660254037844386,0.5000000000000001,0.5947266869607634,0.8039279618328213,2799.7999999999997,0.1999999999999999,0.0710184722915626,0.5390625,-59,145.0,183.0,127.0,115.0,129.42857142857142,132.71428571428572,230.56666666666663,33.82729244686705,145.0,182.0,8399.4,2799.800000000001,182.0,-113.0,1.0
13999.0,8399.4,40,4.0,9680,11574,1225,0,1,220,2025,2,16,6,7,47,1,-0.7818314824680299,0.6234898018587334,0.8660254037844386,0.5000000000000001,0.7236440382959124,0.6901733882429719,5599.6,0.4,0.1058406773803352,1.3095238095238095,52,128.0,125.0,127.0,152.0,121.57142857142856,132.78571428571428,231.0,24.377976008805064,69.0,116.0,11199.2,-2799.800000000001,69.0,151.0,1.0
13999.0,9799.3,30,4.2,10315,10797,1549,0,0,80,2025,2,19,2,8,50,1,0.9749279121818236,-0.2225209339563143,0.8660254037844386,0.5000000000000001,0.7583058084785624,0.6518989958787126,4199.700000000001,0.3,0.1434657775307956,0.5882352941176471,-56,168.0,82.0,142.0,141.0,127.71428571428572,135.71428571428572,231.53333333333333,30.12592618612056,168.0,82.0,8399.4,1399.8999999999996,220.0,-140.0,1.0
13999.0,9799.3,30,3.9,7680,9526,1216,0,1,156,2025,2,22,5,8,53,1,-0.9749279121818236,-0.2225209339563146,0.8660254037844386,0.5000000000000001,0.7909456567567772,0.6118864012687243,4199.700000000001,0.3,0.1276506403527188,1.1386861313868613,19,136.0,152.0,165.0,494.0,135.42857142857142,135.28571428571428,231.36666666666667,22.389410762364065,80.0,131.0,9799.3,0.0,80.0,76.0,1.0
13999.0,11199.2,20,4.3,14487,13068,1509,0,1,143,2025,2,23,6,8,54,1,-0.7818314824680299,0.6234898018587334,0.8660254037844386,0.5000000000000001,0.8013610881746766,0.5981809144059165,2799.7999999999997,0.1999999999999999,0.1154729109274563,1.0214285714285714,3,137.0,119.0,122.0,544.0,133.28571428571428,133.28571428571428,219.46666666666667,21.22666786312868,137.0,119.0,9799.3,1399.9000000000017,156.0,-13.0,1.0
13999.0,8399.4,40,4.2,12406,4648,552,0,0,68,2025,3,6,3,10,65,1,0.4338837391175582,-0.900968867902419,1.0,6.123233995736766e-17,0.8996308696522433,0.436651231956064,5599.6,0.4,0.1187607573149741,0.5862068965517241,-48,140.0,100.0,145.0,502.0,136.28571428571428,134.57142857142858,206.0,20.336455654109876,140.0,94.0,11199.2,-2799.800000000001,143.0,-75.0,1.0
13999.0,9799.3,30,3.9,16630,12570,1734,0,0,123,2025,3,11,1,11,70,1,0.7818314824680298,0.6234898018587336,1.0,6.123233995736766e-17,0.9338372288229252,0.3576982388331254,4199.700000000001,0.3,0.1379474940334129,0.831081081081081,-25,116.0,145.0,124.0,498.0,138.57142857142858,132.5,193.13333333333333,16.019333557273676,68.0,145.0,8399.4,1399.8999999999996,68.0,55.0,1.0
13999.0,11199.2,20,4.4,15055,8969,1245,0,0,85,2025,3,17,0,12,76,1,0.0,1.0,1.0,6.123233995736766e-17,0.9657399376548548,0.2595117970697999,2799.7999999999997,0.1999999999999999,0.1388114617014159,0.6854838709677419,-39,148.0,128.0,183.0,186.0,139.0,134.21428571428572,181.46666666666667,16.25833119768077,123.0,69.0,9799.3,1399.9000000000017,123.0,-38.0,1.0
13999.0,11199.2,20,4.2,10546,7614,618,0,1,202,2025,3,23,6,12,82,1,-0.7818314824680299,0.6234898018587334,1.0,6.123233995736766e-17,0.9873494423939864,0.1585593851031347,2799.7999999999997,0.1999999999999999,0.0811662726556343,1.7876106194690264,89,124.0,168.0,125.0,132.0,138.42857142857142,130.0,179.4,16.771574591726957,85.0,168.0,11199.2,0.0,85.0,117.0,1.0
13999.0,9799.3,30,4.4,12463,8277,1251,0,0,86,2025,3,24,0,13,83,1,0.0,1.0,1.0,6.123233995736766e-17,0.989932495087353,0.141540295217043,4199.700000000001,0.3,0.1511417180137731,0.6615384615384615,-44,113.0,136.0,82.0,145.0,130.57142857142858,129.14285714285714,178.76666666666668,13.087616829884208,113.0,80.0,11199.2,-1399.9000000000017,202.0,-116.0,1.0
13999.0,9799.3,30,4.4,12694,14982,1627,0,0,128,2025,3,27,3,13,86,1,0.4338837391175582,-0.900968867902419,1.0,6.123233995736766e-17,0.995918996147179,0.0902516100310411,4199.700000000001,0.3,0.1085969830463222,0.7150837988826816,-51,130.0,137.0,152.0,304.0,129.71428571428572,132.57142857142858,178.26666666666668,12.867456181063272,86.0,137.0,9799.3,0.0,86.0,42.0,1.0
13999.0,9799.3,30,4.0,16347,11221,1441,0,1,117,2025,3,29,5,13,88,1,-0.9749279121818236,-0.2225209339563146,1.0,6.123233995736766e-17,0.9984354211555644,0.0559169901006034,4199.700000000001,0.3,0.1284199269227341,0.8068965517241379,-28,179.0,140.0,119.0,432.0,135.71428571428572,134.5,174.1,22.79410951477548,128.0,140.0,9799.3,0.0,128.0,-11.0,1.0
13999.0,8399.4,40,4.0,9284,6550,943,0,0,81,2025,3,31,0,14,90,1,0.0,1.0,1.0,6.123233995736766e-17,0.9997685019798908,0.0215160974362222,5599.6,0.4,0.1439694656488549,0.5625,-63,145.0,116.0,100.0,387.0,136.42857142857142,136.35714285714286,164.53333333333333,23.027933348128816,117.0,68.0,9799.3,-1399.8999999999996,117.0,-36.0,1.0
13999.0,11199.2,20,4.3,13006,16172,1758,0,0,156,2025,4,4,4,14,94,2,-0.433883739117558,-0.9009688679024191,0.8660254037844387,-0.4999999999999998,0.9988797155850336,-0.0473213883224318,2799.7999999999997,0.1999999999999999,0.1087064061340588,0.9454545454545454,-9,144.0,148.0,145.0,521.0,140.42857142857142,139.5,156.43333333333334,21.25133049056442,81.0,123.0,8399.4,2799.800000000001,81.0,75.0,1.0
13999.0,8399.4,40,4.2,8224,6726,962,0,0,208,2025,4,7,0,15,97,2,0.0,1.0,0.8660254037844387,-0.4999999999999998,0.9951053111006976,-0.0988201387328714,5599.6,0.4,0.1430270591733571,1.5072463768115942,70,165.0,124.0,128.0,382.0,142.85714285714286,140.92857142857142,144.56666666666666,23.14755978088548,156.0,85.0,11199.2,-2799.800000000001,156.0,52.0,1.0
13999.0,9799.3,30,3.9,15899,14457,1569,0,1,205,2025,5,3,5,18,123,2,-0.9749279121818236,-0.2225209339563146,0.4999999999999999,-0.8660254037844387,0.854322169749827,-0.5197438121555155,4199.700000000001,0.3,0.1085287404025731,1.184971098265896,32,138.0,113.0,168.0,124.0,144.85714285714286,141.64285714285714,136.43333333333334,21.813058561551276,138.0,113.0,8399.4,1399.8999999999996,208.0,-3.0,1.0
13999.0,11199.2,20,4.4,14795,14880,1602,0,1,166,2025,5,4,6,18,124,2,-0.7818314824680299,0.6234898018587334,0.4999999999999999,-0.8660254037844387,0.8452490573530633,-0.5343725582809786,2799.7999999999997,0.1999999999999999,0.1076612903225806,1.0921052631578947,14,173.0,130.0,136.0,127.0,153.42857142857142,142.0,138.06666666666666,18.787026932234777,173.0,86.0,9799.3,1399.9000000000017,205.0,-39.0,1.0
13999.0,6999.5,50,4.0,7596,5863,654,0,0,246,2025,5,8,3,19,128,2,0.4338837391175582,-0.900968867902419,0.4999999999999999,-0.8660254037844387,0.8064799463209448,-0.5912614448635781,6999.5,0.5,0.11154698959577,1.7826086956521738,108,152.0,179.0,137.0,127.0,156.57142857142858,143.14285714285714,138.9,15.820420799898002,152.0,128.0,11199.2,-4199.700000000001,166.0,80.0,1.0
13999.0,8399.4,40,3.9,17366,11422,1509,0,0,156,2025,5,13,1,20,133,2,0.7818314824680298,0.6234898018587336,0.4999999999999999,-0.8660254037844387,0.7526668275320085,-0.6584015846980488,5599.6,0.4,0.1321134652425144,1.04,6,138.0,145.0,140.0,142.0,150.71428571428572,143.21428571428572,139.26666666666668,13.561148989112173,138.0,117.0,6999.5,1399.8999999999996,246.0,-90.0,1.0
13999.0,9799.3,30,4.1,13819,12192,1493,0,0,210,2025,5,14,2,20,134,2,0.9749279121818236,-0.2225209339563143,0.4999999999999999,-0.8660254037844387,0.7412220108485958,-0.6712599575675313,4199.700000000001,0.3,0.1224573490813648,1.4482758620689655,65,150.0,144.0,116.0,165.0,151.42857142857142,143.92857142857142,139.53333333333333,13.339879345500714,150.0,81.0,8399.4,1399.8999999999996,156.0,54.0,1.0
13999.0,11199.2,20,4.3,17454,13613,1809,0,0,96,2025,5,16,4,20,136,2,-0.433883739117558,-0.9009688679024191,0.4999999999999999,-0.8660254037844387,0.717676913675962,-0.6963762255968722,2799.7999999999997,0.1999999999999999,0.1328876808932638,0.6575342465753424,-50,145.0,165.0,148.0,122.0,151.57142857142858,146.0,138.86666666666667,13.25213370062282,145.0,156.0,9799.3,1399.9000000000017,210.0,-114.0,1.0
13999.0,11199.2,20,4.4,15560,9408,1163,0,1,145,2025,5,17,5,20,137,2,-0.9749279121818236,-0.2225209339563146,0.4999999999999999,-0.8660254037844387,0.705583610107178,-0.7086266782644596,2799.7999999999997,0.1999999999999999,0.1236181972789115,1.0902255639097744,12,146.0,138.0,124.0,145.0,148.85714285714286,145.85714285714286,139.66666666666666,11.922367933552252,96.0,138.0,11199.2,0.0,96.0,49.0,1.0
13999.0,8399.4,40,3.9,15648,9977,1205,0,1,283,2025,5,25,6,21,145,2,-0.7818314824680299,0.6234898018587334,0.4999999999999999,-0.8660254037844387,0.6016240632249226,-0.7987793728863649,5599.6,0.4,0.1207777889145033,1.9383561643835616,137,133.0,173.0,113.0,124.0,148.14285714285714,146.5,139.26666666666668,12.7988094684491,133.0,173.0,11199.2,-2799.800000000001,145.0,138.0,1.0
13999.0,11199.2,20,4.1,14169,7391,609,0,1,131,2025,6,1,6,22,152,2,-0.7818314824680299,0.6234898018587334,1.2246467991473532e-16,-1.0,0.5012418134457758,-0.865307254363206,2799.7999999999997,0.1999999999999999,0.0823975104857258,1.350515463917526,34,146.0,152.0,130.0,183.0,144.28571428571428,148.85714285714286,140.0,6.651172470943549,146.0,152.0,8399.4,2799.800000000001,283.0,-152.0,1.0
13999.0,8399.4,40,4.2,10861,7603,855,0,0,277,2025,6,5,3,23,156,2,0.4338837391175582,-0.900968867902419,1.2246467991473532e-16,-1.0,0.440518784350495,-0.8977433935342337,5599.6,0.4,0.1124556096277785,1.8716216216216215,129,97.0,138.0,179.0,125.0,136.42857142857142,146.5,137.13333333333333,18.301704318246703,97.0,138.0,11199.2,-2799.800000000001,131.0,146.0,1.0
13999.0,6999.5,50,4.0,11041,7144,552,0,1,193,2025,6,7,5,23,158,2,-0.9749279121818236,-0.2225209339563146,1.2246467991473532e-16,-1.0,0.4093559588156213,-0.9123747579707272,6999.5,0.5,0.0772676371780515,1.2451612903225806,38,148.0,150.0,145.0,82.0,137.85714285714286,144.28571428571428,137.9,18.827538088564275,148.0,150.0,8399.4,-1399.8999999999996,277.0,-84.0,1.0
13999.0,8399.4,40,4.4,9579,8975,1416,0,0,245,2025,6,17,1,25,168,2,0.7818314824680298,0.6234898018587336,1.2246467991473532e-16,-1.0,0.2470221804809355,-0.9690098257244062,5599.6,0.4,0.1577715877437326,1.7132867132867131,102,155.0,145.0,144.0,152.0,138.57142857142858,145.0,140.33333333333334,19.449568485852367,155.0,145.0,6999.5,1399.8999999999996,193.0,52.0,1.0
13999.0,11199.2,20,4.0,15034,10988,1969,0,1,121,2025,6,22,6,25,173,2,-0.7818314824680299,0.6234898018587334,1.2246467991473532e-16,-1.0,0.1628070129385171,-0.986657932891657,2799.7999999999997,0.1999999999999999,0.1791954859847106,0.8066666666666666,-29,143.0,146.0,165.0,119.0,138.28571428571428,144.92857142857142,140.03333333333333,19.35384790091046,143.0,96.0,8399.4,2799.800000000001,245.0,-124.0,1.0
13999.0,8399.4,40,4.0,13709,10626,1324,0,0,140,2025,6,27,4,26,178,2,-0.433883739117558,-0.9009688679024191,1.2246467991473532e-16,-1.0,0.077386479233463,-0.9970011699250152,5599.6,0.4,0.1246000376435159,0.8695652173913043,-21,150.0,133.0,138.0,100.0,138.85714285714286,143.85714285714286,141.06666666666666,19.67594615623361,121.0,133.0,11199.2,-2799.800000000001,121.0,19.0,1.0
13999.0,11199.2,20,3.9,11430,14866,1879,0,0,270,2025,7,3,3,27,184,3,0.4338837391175582,-0.900968867902419,-0.4999999999999997,-0.8660254037844388,-0.0258184402271323,-0.9996666485105112,2799.7999999999997,0.1999999999999999,0.1263958025023543,1.6666666666666667,108,161.0,146.0,173.0,145.0,142.85714285714286,145.5,143.1,21.08260397760044,140.0,146.0,8399.4,2799.800000000001,140.0,130.0,1.0
13999.0,9799.3,30,4.1,9166,11457,1926,0,0,84,2025,7,10,3,28,191,3,0.4338837391175582,-0.900968867902419,-0.4999999999999997,-0.8660254037844388,-0.1457991969198744,-0.9893142039703664,4199.700000000001,0.3,0.1681068342498036,0.5675675675675675,-64,162.0,97.0,152.0,128.0,145.14285714285714,144.71428571428572,143.66666666666666,22.3116454751698,162.0,97.0,11199.2,-1399.9000000000017,270.0,-186.0,1.0
13999.0,11199.2,20,4.2,8560,6729,1009,0,0,93,2025,7,18,4,29,199,3,-0.433883739117558,-0.9009688679024191,-0.4999999999999997,-0.8660254037844388,-0.2802306751992161,-0.9599326896597444,2799.7999999999997,0.1999999999999999,0.1499479863278347,0.744,-32,148.0,148.0,138.0,168.0,152.42857142857142,144.42857142857142,144.33333333333334,7.138093649743978,84.0,148.0,9799.3,1399.9000000000017,84.0,9.0,1.0
13999.0,9799.3,30,4.0,7907,8356,981,0,1,189,2025,7,19,5,29,200,3,-0.9749279121818236,-0.2225209339563146,-0.4999999999999997,-0.8660254037844388,-0.2967128192734901,-0.9549667548552552,4199.700000000001,0.3,0.1174006701771182,1.6875,77,125.0,155.0,150.0,136.0,149.14285714285714,143.5,142.9,12.66791973752312,93.0,155.0,11199.2,-1399.9000000000017,93.0,96.0,1.0
13999.0,11199.2,20,4.3,17546,14265,1733,0,1,255,2025,7,20,6,29,201,3,-0.7818314824680299,0.6234898018587334,-0.4999999999999997,-0.8660254037844388,-0.3131070409358267,-0.9497178427914316,2799.7999999999997,0.1999999999999999,0.1214861549246407,1.6451612903225807,100,112.0,143.0,145.0,137.0,143.0,140.78571428571428,142.1,18.45715759988005,112.0,143.0,9799.3,1399.9000000000017,189.0,66.0,1.0
13999.0,9799.3,30,3.9,15441,12122,1571,0,0,130,2025,8,5,1,32,217,3,0.7818314824680298,0.6234898018587336,-0.8660254037844385,-0.5000000000000004,-0.5595892624101763,-0.828770087174504,4199.700000000001,0.3,0.1295990760600561,0.8666666666666667,-20,155.0,150.0,146.0,140.0,144.71428571428572,141.5,142.7,19.00626463138501,155.0,121.0,11199.2,-1399.9000000000017,255.0,-125.0,1.0
13999.0,11199.2,20,4.5,9822,10244,1668,0,0,127,2025,8,7,3,32,219,3,0.4338837391175582,-0.900968867902419,-0.8660254037844385,-0.5000000000000004,-0.5877852522924734,-0.8090169943749472,2799.7999999999997,0.1999999999999999,0.1628270206950409,0.9407407407407408,-8,150.0,161.0,133.0,116.0,144.71428571428572,141.78571428571428,143.03333333333333,19.00626463138501,130.0,140.0,9799.3,1399.9000000000017,130.0,-3.0,1.0
13999.0,11199.2,20,4.3,15700,6222,611,0,0,123,2025,8,12,1,33,224,3,0.7818314824680298,0.6234898018587336,-0.8660254037844385,-0.5000000000000004,-0.655156357209085,-0.7554933140726804,2799.7999999999997,0.1999999999999999,0.0981999357119897,1.2424242424242424,24,135.0,162.0,146.0,148.0,141.0,141.92857142857142,143.66666666666666,17.79513042005626,127.0,162.0,11199.2,0.0,127.0,-4.0,1.0
13999.0,11199.2,20,4.3,10903,7691,1065,0,1,118,2025,8,17,6,33,229,3,-0.7818314824680299,0.6234898018587334,-0.8660254037844385,-0.5000000000000004,-0.7176769136759615,-0.6963762255968726,2799.7999999999997,0.1999999999999999,0.1384735405018853,1.0085470085470083,1,99.0,148.0,97.0,124.0,132.0,138.57142857142858,142.03333333333333,21.03964511741631,99.0,84.0,11199.2,0.0,123.0,-5.0,1.0
13999.0,8399.4,40,4.4,13851,5164,622,0,0,107,2025,8,19,1,34,231,3,0.7818314824680298,0.6234898018587336,-0.8660254037844385,-0.5000000000000004,-0.7412220108485957,-0.6712599575675315,5599.6,0.4,0.1204492641363284,0.9067796610169492,-11,117.0,125.0,148.0,113.0,127.57142857142856,140.0,141.8,20.36219653228023,117.0,93.0,11199.2,-2799.800000000001,118.0,-11.0,1.0
13999.0,6999.5,50,4.4,17838,11618,1162,0,0,186,2025,9,1,0,36,244,3,0.0,1.0,-1.0,-1.8369701987210294e-16,-0.8717063187093217,-0.4900286664290594,6999.5,0.5,0.1000172146668962,1.0333333333333334,6,118.0,112.0,155.0,130.0,126.57142857142856,137.85714285714286,141.96666666666667,20.67895180175257,107.0,112.0,8399.4,-1399.8999999999996,107.0,79.0,1.0
13999.0,8399.4,40,4.3,12025,13248,1638,0,0,318,2025,9,5,4,36,248,3,-0.433883739117558,-0.9009688679024191,-1.0,-1.8369701987210294e-16,-0.9033558023246842,-0.4288919379124841,5599.6,0.4,0.123641304347826,1.7096774193548387,132,180.0,155.0,143.0,179.0,136.28571428571428,139.64285714285714,143.63333333333333,27.53007013984729,180.0,155.0,6999.5,1399.8999999999996,186.0,132.0,1.0
13999.0,9799.3,30,4.3,15973,13219,1582,0,1,94,2025,9,13,5,37,256,3,-0.9749279121818236,-0.2225209339563146,-1.0,-1.8369701987210294e-16,-0.9536809966304456,-0.300819807635668,4199.700000000001,0.3,0.1196762236175202,0.5465116279069767,-78,186.0,150.0,150.0,145.0,140.71428571428572,142.71428571428572,143.86666666666667,32.99350585450982,186.0,130.0,8399.4,1399.8999999999996,318.0,-224.0,1.0
13999.0,11199.2,20,4.1,14161,13126,1696,0,1,113,2025,9,20,5,38,263,3,-0.9749279121818236,-0.2225209339563146,-1.0,-1.8369701987210294e-16,-0.9829265519799822,-0.1839983516576798,2799.7999999999997,0.1999999999999999,0.1292092031083346,0.8248175182481752,-24,172.0,135.0,161.0,144.0,143.85714285714286,144.28571428571428,144.76666666666668,35.01156271590382,94.0,127.0,9799.3,1399.9000000000017,94.0,19.0,1.0
13999.0,6999.5,50,3.8,11092,16820,3076,1,0,260,2025,10,1,2,40,274,4,0.9749279121818236,-0.2225209339563143,-0.8660254037844386,0.5000000000000001,-0.99999073973619,0.0043035382962438,6999.5,0.5,0.1828775267538644,0.87248322147651,-38,137.0,99.0,162.0,165.0,144.14285714285714,142.57142857142858,144.53333333333333,34.93531437494635,113.0,99.0,11199.2,-4199.700000000001,113.0,147.0,1.0
13999.0,4899.65,65,3.8,17297,20583,3709,1,1,618,2025,10,11,5,41,284,4,-0.9749279121818236,-0.2225209339563146,-0.8660254037844386,0.5000000000000001,-0.9844738167520924,0.1755314904214277,9099.35,0.65,0.1801972501578972,1.7606837606837606,267,298.0,117.0,148.0,138.0,172.57142857142858,152.28571428571428,148.96666666666667,62.316014910180456,260.0,117.0,6999.5,-2099.8500000000004,260.0,358.0,1.0
13999.0,4899.65,65,4.0,12131,44476,7947,1,0,808,2025,10,14,1,42,287,4,0.7818314824680298,0.6234898018587336,-0.8660254037844386,0.5000000000000001,-0.9741004551724206,0.226115685508288,9099.35,0.65,0.178680636747909,1.6763485477178424,326,351.0,118.0,125.0,173.0,206.0,166.78571428571428,156.06666666666666,85.85452812752564,351.0,107.0,4899.65,0.0,618.0,190.0,1.0
13999.0,9799.3,30,3.9,9249,7765,1512,0,0,165,2025,10,17,4,42,290,4,-0.433883739117558,-0.9009688679024191,-0.8660254037844386,0.5000000000000001,-0.9611297838723007,0.2760969730974688,4199.700000000001,0.3,0.1947198969735994,1.352459016393443,43,482.0,180.0,112.0,152.0,258.0,192.28571428571428,166.36666666666667,124.98666595547988,482.0,180.0,4899.65,4899.65,808.0,-643.0,1.0
13999.0,5599.6,60,4.5,17989,29934,3793,1,1,660,2025,11,1,5,44,305,4,-0.9749279121818236,-0.2225209339563146,-0.5000000000000004,0.8660254037844384,-0.858763958275803,0.5123714121284235,8399.4,0.6,0.1267120999532304,1.6666666666666667,264,122.0,186.0,155.0,138.0,249.7142857142857,193.0,165.36666666666667,132.70357227760732,122.0,186.0,9799.3,-4199.699999999999,165.0,495.0,1.0
13999.0,8399.4,40,4.0,12876,32213,5612,1,0,482,2025,11,3,0,45,307,4,0.0,1.0,-0.5000000000000004,0.8660254037844384,-0.8406184056344783,0.5416278206559811,5599.6,0.4,0.1742153788843013,1.268421052631579,102,396.0,172.0,150.0,150.0,279.7142857142857,210.2142857142857,173.96666666666667,139.46411041998627,396.0,94.0,5599.6,2799.7999999999997,660.0,-178.0,1.0
13999.0,6999.5,50,4.0,12052,40423,7794,1,0,693,2025,11,6,3,45,310,4,0.4338837391175582,-0.900968867902419,-0.5000000000000004,0.8660254037844384,-0.8115390590073611,0.5842981736283683,6999.5,0.5,0.1928110234272567,1.546875,245,380.0,137.0,135.0,145.0,309.42857142857144,226.64285714285717,181.63333333333333,134.76876139380022,380.0,113.0,8399.4,-1399.8999999999996,482.0,211.0,1.0
13999.0,8399.4,40,4.1,8902,39120,5185,1,0,717,2025,11,13,3,46,317,4,0.4338837391175582,-0.900968867902419,-0.5000000000000004,0.8660254037844384,-0.7354170229639858,0.6776147890466887,5599.6,0.4,0.132540899795501,1.703087885985748,296,448.0,298.0,99.0,146.0,353.85714285714283,249.0,191.7333333333333,118.76367089227872,448.0,260.0,6999.5,1399.8999999999996,693.0,24.0,1.0
13999.0,5599.6,60,4.3,17797,37333,7957,1,1,305,2025,11,15,5,46,319,4,-0.9749279121818236,-0.2225209339563146,-0.5000000000000004,0.8660254037844384,-0.711656622281775,0.7025274741691566,8399.4,0.6,0.2131358315699247,0.6931818181818182,-135,421.0,351.0,117.0,133.0,371.4285714285714,272.0,200.9,118.2199322489754,421.0,351.0,8399.4,-2799.7999999999997,717.0,-412.0,1.0
13999.0,8399.4,40,3.9,10960,14824,1544,0,1,160,2025,11,16,6,46,320,4,-0.7818314824680299,0.6234898018587334,-0.5000000000000004,0.8660254037844384,-0.6994583270516471,0.7146733860429608,5599.6,0.4,0.1041554236373448,0.9248554913294798,-13,440.0,482.0,118.0,146.0,384.1428571428572,295.07142857142856,211.13333333333333,120.42207517924663,305.0,482.0,5599.6,2799.7999999999997,305.0,-145.0,1.0
13999.0,9799.3,30,4.1,9272,9159,1028,0,0,115,2025,11,18,1,47,322,4,0.7818314824680298,0.6234898018587336,-0.5000000000000004,0.8660254037844384,-0.6744436188329457,0.7383263540031063,4199.700000000001,0.3,0.1122393274374931,0.8455882352941176,-21,173.0,122.0,180.0,97.0,340.0,299.0,212.03333333333333,134.39618050128252,160.0,122.0,8399.4,1399.8999999999996,160.0,-45.0,1.0
13999.0,9799.3,30,4.5,14636,8504,843,0,0,263,2025,11,20,3,47,324,4,0.4338837391175582,-0.900968867902419,-0.5000000000000004,0.8660254037844384,-0.6486295610349818,0.7611042586607742,4199.700000000001,0.3,0.0991298212605832,1.7891156462585034,116,136.0,396.0,186.0,148.0,342.0,295.85714285714283,213.33333333333331,130.66369044229532,115.0,396.0,9799.3,0.0,115.0,148.0,1.0
13999.0,9799.3,30,3.9,13281,6794,727,0,1,96,2025,11,22,5,47,326,4,-0.9749279121818236,-0.2225209339563146,-0.5000000000000004,0.8660254037844384,-0.622046748440868,0.7829801036770624,4199.700000000001,0.3,0.1070061819252281,0.8648648648648649,-15,147.0,380.0,172.0,155.0,306.42857142857144,293.07142857142856,213.3,146.45233256689949,147.0,380.0,9799.3,0.0,263.0,-167.0,1.0
13999.0,9799.3,30,4.5,16053,11425,1703,0,0,264,2025,11,25,1,48,329,4,0.7818314824680298,0.6234898018587336,-0.5000000000000004,0.8660254037844384,-0.5808002734538013,0.8140460935082175,4199.700000000001,0.3,0.1490590809628008,1.6923076923076923,108,111.0,448.0,137.0,143.0,268.0,288.7142857142857,211.83333333333331,158.70937800478808,96.0,448.0,9799.3,0.0,96.0,168.0,1.0
13999.0,9799.3,30,4.3,9614,6880,637,0,0,198,2025,11,26,2,48,330,4,0.9749279121818236,-0.2225209339563143,-0.5000000000000004,0.8660254037844384,-0.5667017562911184,0.8239230057575536,4199.700000000001,0.3,0.0925872093023255,1.523076923076923,68,156.0,421.0,298.0,150.0,226.28571428571428,290.07142857142856,212.26666666666668,140.8873241112847,156.0,421.0,9799.3,0.0,264.0,-66.0,1.0
13999.0,11199.2,20,4.3,12465,6434,518,0,1,173,2025,11,29,5,48,333,4,-0.9749279121818236,-0.2225209339563146,-0.5000000000000004,0.8660254037844384,-0.5234156073655503,0.8520775211013093,2799.7999999999997,0.1999999999999999,0.0805097917314267,1.4065040650406504,50,130.0,440.0,351.0,161.0,184.7142857142857,278.07142857142856,211.6,114.27702347908009,130.0,305.0,9799.3,1399.9000000000017,198.0,-25.0,1.0
13999.0,8399.4,40,4.1,9017,11000,1391,0,0,84,2025,12,1,0,49,335,4,0.0,1.0,-2.4492935982947064e-16,1.0,-0.4937755501599773,0.8695893893466109,5599.6,0.4,0.1264545454545454,0.5454545454545454,-70,123.0,173.0,482.0,162.0,139.42857142857142,261.7857142857143,210.33333333333331,20.96709440097064,123.0,160.0,11199.2,-2799.800000000001,173.0,-89.0,1.0
13999.0,11199.2,20,4.4,13593,12135,1829,0,0,186,2025,12,3,2,49,337,4,0.9749279121818236,-0.2225209339563143,-2.4492935982947064e-16,1.0,-0.4635502709028512,0.8860706215341378,2799.7999999999997,0.1999999999999999,0.1507210548001648,1.3478260869565215,48,154.0,136.0,122.0,148.0,136.71428571428572,238.3571428571429,210.06666666666663,16.690459207930676,84.0,115.0,8399.4,2799.800000000001,84.0,102.0,1.0
13999.0,11199.2,20,3.8,16396,10909,1707,0,0,124,2025,12,9,1,50,343,4,0.7818314824680298,0.6234898018587336,-2.4492935982947064e-16,1.0,-0.3697245428906732,0.9291414114031744,2799.7999999999997,0.1999999999999999,0.1564763039691997,0.984126984126984,-2,138.0,147.0,396.0,125.0,137.0,239.5,209.7333333333333,16.693312034070285,138.0,147.0,11199.2,0.0,186.0,-62.0,1.0
13999.0,11199.2,20,4.5,18087,10116,1019,0,0,194,2025,12,11,3,50,345,4,0.4338837391175582,-0.900968867902419,-2.4492935982947064e-16,1.0,-0.3375228995941134,0.941317317512847,2799.7999999999997,0.1999999999999999,0.100731514432582,1.39568345323741,55,126.0,111.0,380.0,112.0,134.0,220.2142857142857,209.76666666666668,16.48231375344004,124.0,96.0,11199.2,0.0,124.0,70.0,1.0
13999.0,11199.2,20,3.9,12269,12838,1552,0,1,163,2025,12,13,5,50,347,4,-0.9749279121818236,-0.2225209339563146,-2.4492935982947064e-16,1.0,-0.3049212246562894,0.9523775757303972,2799.7999999999997,0.1999999999999999,0.1208911045334164,1.2635658914728682,34,139.0,156.0,448.0,155.0,138.0,203.0,210.66666666666663,13.000000000006464,139.0,156.0,11199.2,0.0,194.0,-31.0,1.0
13999.0,11199.2,20,3.9,10027,9111,639,0,0,98,2025,12,16,1,51,350,4,0.7818314824680298,0.6234898018587336,-2.4492935982947064e-16,1.0,-0.2553532951161881,0.9668478136052772,2799.7999999999997,0.1999999999999999,0.0701350016463615,0.8376068376068376,-19,129.0,130.0,421.0,150.0,134.14285714285714,180.2142857142857,209.8,10.542431272862496,129.0,130.0,11199.2,0.0,163.0,-65.0,1.0
13999.0,8399.4,40,4.5,16133,7174,914,0,0,202,2025,12,18,3,51,352,4,0.4338837391175582,-0.900968867902419,-2.4492935982947064e-16,1.0,-0.2219215130041667,0.9750645322571944,5599.6,0.4,0.1274045163088932,1.616,77,117.0,123.0,440.0,135.0,132.28571428571428,158.5,208.7,12.37893756500408,98.0,123.0,11199.2,-2799.800000000001,98.0,104.0,1.0
13999.0,9799.3,30,4.4,13628,12571,1465,0,1,182,2025,12,21,6,51,355,4,-0.7818314824680299,0.6234898018587334,-2.4492935982947064e-16,1.0,-0.1712931441814778,0.9852201067560606,4199.700000000001,0.3,0.1165380637976294,1.221476510067114,33,125.0,154.0,173.0,99.0,132.57142857142858,136.0,208.36666666666667,12.149857925886264,125.0,84.0,8399.4,1399.8999999999996,202.0,-20.0,1.0
13999.0,11199.2,20,3.8,13086,7156,872,0,0,106,2025,12,23,1,52,357,4,0.7818314824680298,0.6234898018587336,-2.4492935982947064e-16,1.0,-0.1372787721132651,0.9905324521322229,2799.7999999999997,0.1999999999999999,0.1218557853549469,0.8760330578512396,-15,149.0,138.0,136.0,117.0,131.85714285714286,134.28571428571428,210.03333333333333,10.74598485371931,149.0,138.0,9799.3,1399.9000000000017,182.0,-76.0,1.0
13999.0,8399.4,40,3.9,9685,12357,1795,0,0,214,2025,12,24,2,52,358,4,0.9749279121818236,-0.2225209339563143,-2.4492935982947064e-16,1.0,-0.1202080448993527,0.9927487224577402,5599.6,0.4,0.1452617949340454,1.2228571428571429,39,121.0,126.0,147.0,118.0,129.42857142857142,133.21428571428572,210.16666666666663,11.04320519380844,106.0,124.0,11199.2,-2799.800000000001,106.0,108.0,1.0
